Ashwood Road (#19) - South Salem	ashwood-road-19-south-salem	01	assets/properties/ashwood-road-19-south-salem/01.jpg	assets/properties/ashwood-road-19-south-salem/01.webp	assets/properties/ashwood-road-19-south-salem/01-thumb.webp	1024	683
Ashwood Road (#19) - South Salem	ashwood-road-19-south-salem	02	assets/properties/ashwood-road-19-south-salem/02.jpg	assets/properties/ashwood-road-19-south-salem/02.webp	assets/properties/ashwood-road-19-south-salem/02-thumb.webp	1024	683
Ashwood Road (#19) - South Salem	ashwood-road-19-south-salem	03	assets/properties/ashwood-road-19-south-salem/03.jpg	assets/properties/ashwood-road-19-south-salem/03.webp	assets/properties/ashwood-road-19-south-salem/03-thumb.webp	1024	683
Ashwood Road (#19) - South Salem	ashwood-road-19-south-salem	04	assets/properties/ashwood-road-19-south-salem/04.jpg	assets/properties/ashwood-road-19-south-salem/04.webp	assets/properties/ashwood-road-19-south-salem/04-thumb.webp	1024	683
Ashwood Road (#19) - South Salem	ashwood-road-19-south-salem	05	assets/properties/ashwood-road-19-south-salem/05.jpg	assets/properties/ashwood-road-19-south-salem/05.webp	assets/properties/ashwood-road-19-south-salem/05-thumb.webp	1024	683
Ashwood Road (#19) - South Salem	ashwood-road-19-south-salem	06	assets/properties/ashwood-road-19-south-salem/06.jpg	assets/properties/ashwood-road-19-south-salem/06.webp	assets/properties/ashwood-road-19-south-salem/06-thumb.webp	1024	683
Ashwood Road (#19) - South Salem	ashwood-road-19-south-salem	07	assets/properties/ashwood-road-19-south-salem/07.jpg	assets/properties/ashwood-road-19-south-salem/07.webp	assets/properties/ashwood-road-19-south-salem/07-thumb.webp	1024	683
Ashwood Road (#19) - South Salem	ashwood-road-19-south-salem	08	assets/properties/ashwood-road-19-south-salem/08.jpg	assets/properties/ashwood-road-19-south-salem/08.webp	assets/properties/ashwood-road-19-south-salem/08-thumb.webp	1024	683
Ashwood Road (#19) - South Salem	ashwood-road-19-south-salem	09	assets/properties/ashwood-road-19-south-salem/09.jpg	assets/properties/ashwood-road-19-south-salem/09.webp	assets/properties/ashwood-road-19-south-salem/09-thumb.webp	1024	683
Ashwood Road (#19) - South Salem	ashwood-road-19-south-salem	10	assets/properties/ashwood-road-19-south-salem/10.jpg	assets/properties/ashwood-road-19-south-salem/10.webp	assets/properties/ashwood-road-19-south-salem/10-thumb.webp	1024	683
Ashwood Road (#19) - South Salem	ashwood-road-19-south-salem	11	assets/properties/ashwood-road-19-south-salem/11.jpg	assets/properties/ashwood-road-19-south-salem/11.webp	assets/properties/ashwood-road-19-south-salem/11-thumb.webp	1024	683
Ashwood Road (#19) - South Salem	ashwood-road-19-south-salem	12	assets/properties/ashwood-road-19-south-salem/12.jpg	assets/properties/ashwood-road-19-south-salem/12.webp	assets/properties/ashwood-road-19-south-salem/12-thumb.webp	1024	683
Ashwood Road (#19) - South Salem	ashwood-road-19-south-salem	13	assets/properties/ashwood-road-19-south-salem/13.jpg	assets/properties/ashwood-road-19-south-salem/13.webp	assets/properties/ashwood-road-19-south-salem/13-thumb.webp	1024	683
Ashwood Road (#19) - South Salem	ashwood-road-19-south-salem	14	assets/properties/ashwood-road-19-south-salem/14.jpg	assets/properties/ashwood-road-19-south-salem/14.webp	assets/properties/ashwood-road-19-south-salem/14-thumb.webp	1024	683
Ashwood Road (#19) - South Salem	ashwood-road-19-south-salem	15	assets/properties/ashwood-road-19-south-salem/15.jpg	assets/properties/ashwood-road-19-south-salem/15.webp	assets/properties/ashwood-road-19-south-salem/15-thumb.webp	1024	683
Ashwood Road (#19) - South Salem	ashwood-road-19-south-salem	16	assets/properties/ashwood-road-19-south-salem/16.jpg	assets/properties/ashwood-road-19-south-salem/16.webp	assets/properties/ashwood-road-19-south-salem/16-thumb.webp	1024	683
Ashwood Road (#19) - South Salem	ashwood-road-19-south-salem	17	assets/properties/ashwood-road-19-south-salem/17.jpg	assets/properties/ashwood-road-19-south-salem/17.webp	assets/properties/ashwood-road-19-south-salem/17-thumb.webp	1024	681
Ashwood Road (#19) - South Salem	ashwood-road-19-south-salem	18	assets/properties/ashwood-road-19-south-salem/18.jpg	assets/properties/ashwood-road-19-south-salem/18.webp	assets/properties/ashwood-road-19-south-salem/18-thumb.webp	1024	681
Ashwood Road (#19) - South Salem	ashwood-road-19-south-salem	19	assets/properties/ashwood-road-19-south-salem/19.jpg	assets/properties/ashwood-road-19-south-salem/19.webp	assets/properties/ashwood-road-19-south-salem/19-thumb.webp	1024	683
Ashwood Road (#19) - South Salem	ashwood-road-19-south-salem	20	assets/properties/ashwood-road-19-south-salem/20.jpg	assets/properties/ashwood-road-19-south-salem/20.webp	assets/properties/ashwood-road-19-south-salem/20-thumb.webp	1024	683
Ashwood Road (#19) - South Salem	ashwood-road-19-south-salem	21	assets/properties/ashwood-road-19-south-salem/21.jpg	assets/properties/ashwood-road-19-south-salem/21.webp	assets/properties/ashwood-road-19-south-salem/21-thumb.webp	1024	683
Ashwood Road (#19) - South Salem	ashwood-road-19-south-salem	22	assets/properties/ashwood-road-19-south-salem/22.jpg	assets/properties/ashwood-road-19-south-salem/22.webp	assets/properties/ashwood-road-19-south-salem/22-thumb.webp	1024	681
Ashwood Road (#19) - South Salem	ashwood-road-19-south-salem	23	assets/properties/ashwood-road-19-south-salem/23.jpg	assets/properties/ashwood-road-19-south-salem/23.webp	assets/properties/ashwood-road-19-south-salem/23-thumb.webp	1024	683
Ashwood Road (#19) - South Salem	ashwood-road-19-south-salem	24	assets/properties/ashwood-road-19-south-salem/24.jpg	assets/properties/ashwood-road-19-south-salem/24.webp	assets/properties/ashwood-road-19-south-salem/24-thumb.webp	1024	682
Ashwood Road (#19) - South Salem	ashwood-road-19-south-salem	25	assets/properties/ashwood-road-19-south-salem/25.jpg	assets/properties/ashwood-road-19-south-salem/25.webp	assets/properties/ashwood-road-19-south-salem/25-thumb.webp	1024	683
Aspinwall Rd (#107) - Briarcliff Manor	aspinwall-rd-107-briarcliff-manor	01	assets/properties/aspinwall-rd-107-briarcliff-manor/01.jpg	assets/properties/aspinwall-rd-107-briarcliff-manor/01.webp	assets/properties/aspinwall-rd-107-briarcliff-manor/01-thumb.webp	767	575
Aspinwall Rd (#107) - Briarcliff Manor	aspinwall-rd-107-briarcliff-manor	02	assets/properties/aspinwall-rd-107-briarcliff-manor/02.jpg	assets/properties/aspinwall-rd-107-briarcliff-manor/02.webp	assets/properties/aspinwall-rd-107-briarcliff-manor/02-thumb.webp	767	575
Aspinwall Rd (#107) - Briarcliff Manor	aspinwall-rd-107-briarcliff-manor	03	assets/properties/aspinwall-rd-107-briarcliff-manor/03.jpg	assets/properties/aspinwall-rd-107-briarcliff-manor/03.webp	assets/properties/aspinwall-rd-107-briarcliff-manor/03-thumb.webp	767	575
Aspinwall Rd (#107) - Briarcliff Manor	aspinwall-rd-107-briarcliff-manor	04	assets/properties/aspinwall-rd-107-briarcliff-manor/04.jpg	assets/properties/aspinwall-rd-107-briarcliff-manor/04.webp	assets/properties/aspinwall-rd-107-briarcliff-manor/04-thumb.webp	767	575
Aspinwall Rd (#107) - Briarcliff Manor	aspinwall-rd-107-briarcliff-manor	05	assets/properties/aspinwall-rd-107-briarcliff-manor/05.jpg	assets/properties/aspinwall-rd-107-briarcliff-manor/05.webp	assets/properties/aspinwall-rd-107-briarcliff-manor/05-thumb.webp	767	575
Aspinwall Rd (#107) - Briarcliff Manor	aspinwall-rd-107-briarcliff-manor	06	assets/properties/aspinwall-rd-107-briarcliff-manor/06.jpg	assets/properties/aspinwall-rd-107-briarcliff-manor/06.webp	assets/properties/aspinwall-rd-107-briarcliff-manor/06-thumb.webp	767	575
Aspinwall Rd (#107) - Briarcliff Manor	aspinwall-rd-107-briarcliff-manor	07	assets/properties/aspinwall-rd-107-briarcliff-manor/07.jpg	assets/properties/aspinwall-rd-107-briarcliff-manor/07.webp	assets/properties/aspinwall-rd-107-briarcliff-manor/07-thumb.webp	767	575
Aspinwall Rd (#107) - Briarcliff Manor	aspinwall-rd-107-briarcliff-manor	08	assets/properties/aspinwall-rd-107-briarcliff-manor/08.jpg	assets/properties/aspinwall-rd-107-briarcliff-manor/08.webp	assets/properties/aspinwall-rd-107-briarcliff-manor/08-thumb.webp	767	575
Aspinwall Rd (#95) - Briarcliff Manor	aspinwall-rd-95-briarcliff-manor	01	assets/properties/aspinwall-rd-95-briarcliff-manor/01.jpg	assets/properties/aspinwall-rd-95-briarcliff-manor/01.webp	assets/properties/aspinwall-rd-95-briarcliff-manor/01-thumb.webp	1024	681
Aspinwall Rd (#95) - Briarcliff Manor	aspinwall-rd-95-briarcliff-manor	02	assets/properties/aspinwall-rd-95-briarcliff-manor/02.jpg	assets/properties/aspinwall-rd-95-briarcliff-manor/02.webp	assets/properties/aspinwall-rd-95-briarcliff-manor/02-thumb.webp	1024	681
Aspinwall Rd (#95) - Briarcliff Manor	aspinwall-rd-95-briarcliff-manor	03	assets/properties/aspinwall-rd-95-briarcliff-manor/03.jpg	assets/properties/aspinwall-rd-95-briarcliff-manor/03.webp	assets/properties/aspinwall-rd-95-briarcliff-manor/03-thumb.webp	1024	681
Aspinwall Rd (#95) - Briarcliff Manor	aspinwall-rd-95-briarcliff-manor	04	assets/properties/aspinwall-rd-95-briarcliff-manor/04.jpg	assets/properties/aspinwall-rd-95-briarcliff-manor/04.webp	assets/properties/aspinwall-rd-95-briarcliff-manor/04-thumb.webp	1024	681
Aspinwall Rd (#95) - Briarcliff Manor	aspinwall-rd-95-briarcliff-manor	05	assets/properties/aspinwall-rd-95-briarcliff-manor/05.jpg	assets/properties/aspinwall-rd-95-briarcliff-manor/05.webp	assets/properties/aspinwall-rd-95-briarcliff-manor/05-thumb.webp	1024	681
Aspinwall Rd (#95) - Briarcliff Manor	aspinwall-rd-95-briarcliff-manor	06	assets/properties/aspinwall-rd-95-briarcliff-manor/06.jpg	assets/properties/aspinwall-rd-95-briarcliff-manor/06.webp	assets/properties/aspinwall-rd-95-briarcliff-manor/06-thumb.webp	1024	681
Aspinwall Rd (#95) - Briarcliff Manor	aspinwall-rd-95-briarcliff-manor	07	assets/properties/aspinwall-rd-95-briarcliff-manor/07.jpg	assets/properties/aspinwall-rd-95-briarcliff-manor/07.webp	assets/properties/aspinwall-rd-95-briarcliff-manor/07-thumb.webp	1024	681
Aspinwall Rd (#95) - Briarcliff Manor	aspinwall-rd-95-briarcliff-manor	08	assets/properties/aspinwall-rd-95-briarcliff-manor/08.jpg	assets/properties/aspinwall-rd-95-briarcliff-manor/08.webp	assets/properties/aspinwall-rd-95-briarcliff-manor/08-thumb.webp	1024	681
Aspinwall Rd (#95) - Briarcliff Manor	aspinwall-rd-95-briarcliff-manor	09	assets/properties/aspinwall-rd-95-briarcliff-manor/09.jpg	assets/properties/aspinwall-rd-95-briarcliff-manor/09.webp	assets/properties/aspinwall-rd-95-briarcliff-manor/09-thumb.webp	1024	681
Aspinwall Rd (#95) - Briarcliff Manor	aspinwall-rd-95-briarcliff-manor	10	assets/properties/aspinwall-rd-95-briarcliff-manor/10.jpg	assets/properties/aspinwall-rd-95-briarcliff-manor/10.webp	assets/properties/aspinwall-rd-95-briarcliff-manor/10-thumb.webp	1024	681
Aspinwall Rd (#95) - Briarcliff Manor	aspinwall-rd-95-briarcliff-manor	11	assets/properties/aspinwall-rd-95-briarcliff-manor/11.jpg	assets/properties/aspinwall-rd-95-briarcliff-manor/11.webp	assets/properties/aspinwall-rd-95-briarcliff-manor/11-thumb.webp	1024	681
Aspinwall Rd (#95) - Briarcliff Manor	aspinwall-rd-95-briarcliff-manor	12	assets/properties/aspinwall-rd-95-briarcliff-manor/12.jpg	assets/properties/aspinwall-rd-95-briarcliff-manor/12.webp	assets/properties/aspinwall-rd-95-briarcliff-manor/12-thumb.webp	1024	681
Aspinwall Rd (#95) - Briarcliff Manor	aspinwall-rd-95-briarcliff-manor	13	assets/properties/aspinwall-rd-95-briarcliff-manor/13.jpg	assets/properties/aspinwall-rd-95-briarcliff-manor/13.webp	assets/properties/aspinwall-rd-95-briarcliff-manor/13-thumb.webp	1024	681
Aspinwall Rd (#95) - Briarcliff Manor	aspinwall-rd-95-briarcliff-manor	14	assets/properties/aspinwall-rd-95-briarcliff-manor/14.jpg	assets/properties/aspinwall-rd-95-briarcliff-manor/14.webp	assets/properties/aspinwall-rd-95-briarcliff-manor/14-thumb.webp	1024	681
Aspinwall Rd (#95) - Briarcliff Manor	aspinwall-rd-95-briarcliff-manor	15	assets/properties/aspinwall-rd-95-briarcliff-manor/15.jpg	assets/properties/aspinwall-rd-95-briarcliff-manor/15.webp	assets/properties/aspinwall-rd-95-briarcliff-manor/15-thumb.webp	1024	681
Aspinwall Rd (#95) - Briarcliff Manor	aspinwall-rd-95-briarcliff-manor	16	assets/properties/aspinwall-rd-95-briarcliff-manor/16.jpg	assets/properties/aspinwall-rd-95-briarcliff-manor/16.webp	assets/properties/aspinwall-rd-95-briarcliff-manor/16-thumb.webp	1024	575
Aspinwall Rd (#95) - Briarcliff Manor	aspinwall-rd-95-briarcliff-manor	17	assets/properties/aspinwall-rd-95-briarcliff-manor/17.jpg	assets/properties/aspinwall-rd-95-briarcliff-manor/17.webp	assets/properties/aspinwall-rd-95-briarcliff-manor/17-thumb.webp	976	768
Aspinwall Rd (#95) - Briarcliff Manor	aspinwall-rd-95-briarcliff-manor	18	assets/properties/aspinwall-rd-95-briarcliff-manor/18.jpg	assets/properties/aspinwall-rd-95-briarcliff-manor/18.webp	assets/properties/aspinwall-rd-95-briarcliff-manor/18-thumb.webp	976	768
Aspinwall Rd (#95) - Briarcliff Manor	aspinwall-rd-95-briarcliff-manor	19	assets/properties/aspinwall-rd-95-briarcliff-manor/19.jpg	assets/properties/aspinwall-rd-95-briarcliff-manor/19.webp	assets/properties/aspinwall-rd-95-briarcliff-manor/19-thumb.webp	976	768
Aspinwall Rd (#95) - Briarcliff Manor	aspinwall-rd-95-briarcliff-manor	20	assets/properties/aspinwall-rd-95-briarcliff-manor/20.jpg	assets/properties/aspinwall-rd-95-briarcliff-manor/20.webp	assets/properties/aspinwall-rd-95-briarcliff-manor/20-thumb.webp	1024	681
Aspinwall Rd (#95) - Briarcliff Manor	aspinwall-rd-95-briarcliff-manor	21	assets/properties/aspinwall-rd-95-briarcliff-manor/21.jpg	assets/properties/aspinwall-rd-95-briarcliff-manor/21.webp	assets/properties/aspinwall-rd-95-briarcliff-manor/21-thumb.webp	1024	681
Aspinwall Rd (#95) - Briarcliff Manor	aspinwall-rd-95-briarcliff-manor	22	assets/properties/aspinwall-rd-95-briarcliff-manor/22.jpg	assets/properties/aspinwall-rd-95-briarcliff-manor/22.webp	assets/properties/aspinwall-rd-95-briarcliff-manor/22-thumb.webp	1024	681
Aspinwall Rd (#95) - Briarcliff Manor	aspinwall-rd-95-briarcliff-manor	23	assets/properties/aspinwall-rd-95-briarcliff-manor/23.jpg	assets/properties/aspinwall-rd-95-briarcliff-manor/23.webp	assets/properties/aspinwall-rd-95-briarcliff-manor/23-thumb.webp	1024	681
Aspinwall Rd (#95) - Briarcliff Manor	aspinwall-rd-95-briarcliff-manor	24	assets/properties/aspinwall-rd-95-briarcliff-manor/24.jpg	assets/properties/aspinwall-rd-95-briarcliff-manor/24.webp	assets/properties/aspinwall-rd-95-briarcliff-manor/24-thumb.webp	1024	681
Aspinwall Rd (#95) - Briarcliff Manor	aspinwall-rd-95-briarcliff-manor	25	assets/properties/aspinwall-rd-95-briarcliff-manor/25.jpg	assets/properties/aspinwall-rd-95-briarcliff-manor/25.webp	assets/properties/aspinwall-rd-95-briarcliff-manor/25-thumb.webp	1024	681
Aspinwall Rd (#95) - Briarcliff Manor	aspinwall-rd-95-briarcliff-manor	26	assets/properties/aspinwall-rd-95-briarcliff-manor/26.jpg	assets/properties/aspinwall-rd-95-briarcliff-manor/26.webp	assets/properties/aspinwall-rd-95-briarcliff-manor/26-thumb.webp	1024	740
Aspinwall Rd (#95) - Briarcliff Manor	aspinwall-rd-95-briarcliff-manor	27	assets/properties/aspinwall-rd-95-briarcliff-manor/27.jpg	assets/properties/aspinwall-rd-95-briarcliff-manor/27.webp	assets/properties/aspinwall-rd-95-briarcliff-manor/27-thumb.webp	1024	681
Aspinwall Rd (#95) - Briarcliff Manor	aspinwall-rd-95-briarcliff-manor	28	assets/properties/aspinwall-rd-95-briarcliff-manor/28.jpg	assets/properties/aspinwall-rd-95-briarcliff-manor/28.webp	assets/properties/aspinwall-rd-95-briarcliff-manor/28-thumb.webp	1024	681
Aspinwall Rd (#95) - Briarcliff Manor	aspinwall-rd-95-briarcliff-manor	29	assets/properties/aspinwall-rd-95-briarcliff-manor/29.jpg	assets/properties/aspinwall-rd-95-briarcliff-manor/29.webp	assets/properties/aspinwall-rd-95-briarcliff-manor/29-thumb.webp	1024	681
Austin Hill Rd (#37) - Pound Ridge	austin-hill-rd-37-pound-ridge	01	assets/properties/austin-hill-rd-37-pound-ridge/01.jpg	assets/properties/austin-hill-rd-37-pound-ridge/01.webp	assets/properties/austin-hill-rd-37-pound-ridge/01-thumb.webp	1024	681
Austin Hill Rd (#37) - Pound Ridge	austin-hill-rd-37-pound-ridge	02	assets/properties/austin-hill-rd-37-pound-ridge/02.jpg	assets/properties/austin-hill-rd-37-pound-ridge/02.webp	assets/properties/austin-hill-rd-37-pound-ridge/02-thumb.webp	1024	682
Austin Hill Rd (#37) - Pound Ridge	austin-hill-rd-37-pound-ridge	03	assets/properties/austin-hill-rd-37-pound-ridge/03.jpg	assets/properties/austin-hill-rd-37-pound-ridge/03.webp	assets/properties/austin-hill-rd-37-pound-ridge/03-thumb.webp	1024	681
Austin Hill Rd (#37) - Pound Ridge	austin-hill-rd-37-pound-ridge	04	assets/properties/austin-hill-rd-37-pound-ridge/04.jpg	assets/properties/austin-hill-rd-37-pound-ridge/04.webp	assets/properties/austin-hill-rd-37-pound-ridge/04-thumb.webp	1024	681
Austin Hill Rd (#37) - Pound Ridge	austin-hill-rd-37-pound-ridge	05	assets/properties/austin-hill-rd-37-pound-ridge/05.jpg	assets/properties/austin-hill-rd-37-pound-ridge/05.webp	assets/properties/austin-hill-rd-37-pound-ridge/05-thumb.webp	1024	682
Austin Hill Rd (#37) - Pound Ridge	austin-hill-rd-37-pound-ridge	06	assets/properties/austin-hill-rd-37-pound-ridge/06.jpg	assets/properties/austin-hill-rd-37-pound-ridge/06.webp	assets/properties/austin-hill-rd-37-pound-ridge/06-thumb.webp	1024	681
Austin Hill Rd (#37) - Pound Ridge	austin-hill-rd-37-pound-ridge	07	assets/properties/austin-hill-rd-37-pound-ridge/07.jpg	assets/properties/austin-hill-rd-37-pound-ridge/07.webp	assets/properties/austin-hill-rd-37-pound-ridge/07-thumb.webp	1024	682
Austin Hill Rd (#37) - Pound Ridge	austin-hill-rd-37-pound-ridge	08	assets/properties/austin-hill-rd-37-pound-ridge/08.jpg	assets/properties/austin-hill-rd-37-pound-ridge/08.webp	assets/properties/austin-hill-rd-37-pound-ridge/08-thumb.webp	1024	681
Austin Hill Rd (#37) - Pound Ridge	austin-hill-rd-37-pound-ridge	09	assets/properties/austin-hill-rd-37-pound-ridge/09.jpg	assets/properties/austin-hill-rd-37-pound-ridge/09.webp	assets/properties/austin-hill-rd-37-pound-ridge/09-thumb.webp	1024	682
Austin Hill Rd (#37) - Pound Ridge	austin-hill-rd-37-pound-ridge	10	assets/properties/austin-hill-rd-37-pound-ridge/10.jpg	assets/properties/austin-hill-rd-37-pound-ridge/10.webp	assets/properties/austin-hill-rd-37-pound-ridge/10-thumb.webp	1024	681
Austin Hill Rd (#37) - Pound Ridge	austin-hill-rd-37-pound-ridge	11	assets/properties/austin-hill-rd-37-pound-ridge/11.jpg	assets/properties/austin-hill-rd-37-pound-ridge/11.webp	assets/properties/austin-hill-rd-37-pound-ridge/11-thumb.webp	1024	682
Austin Hill Rd (#37) - Pound Ridge	austin-hill-rd-37-pound-ridge	12	assets/properties/austin-hill-rd-37-pound-ridge/12.jpg	assets/properties/austin-hill-rd-37-pound-ridge/12.webp	assets/properties/austin-hill-rd-37-pound-ridge/12-thumb.webp	1024	682
Austin Hill Rd (#37) - Pound Ridge	austin-hill-rd-37-pound-ridge	13	assets/properties/austin-hill-rd-37-pound-ridge/13.jpg	assets/properties/austin-hill-rd-37-pound-ridge/13.webp	assets/properties/austin-hill-rd-37-pound-ridge/13-thumb.webp	1024	682
Austin Hill Rd (#37) - Pound Ridge	austin-hill-rd-37-pound-ridge	14	assets/properties/austin-hill-rd-37-pound-ridge/14.jpg	assets/properties/austin-hill-rd-37-pound-ridge/14.webp	assets/properties/austin-hill-rd-37-pound-ridge/14-thumb.webp	1024	682
Austin Hill Rd (#37) - Pound Ridge	austin-hill-rd-37-pound-ridge	15	assets/properties/austin-hill-rd-37-pound-ridge/15.jpg	assets/properties/austin-hill-rd-37-pound-ridge/15.webp	assets/properties/austin-hill-rd-37-pound-ridge/15-thumb.webp	1024	682
Austin Hill Rd (#37) - Pound Ridge	austin-hill-rd-37-pound-ridge	16	assets/properties/austin-hill-rd-37-pound-ridge/16.jpg	assets/properties/austin-hill-rd-37-pound-ridge/16.webp	assets/properties/austin-hill-rd-37-pound-ridge/16-thumb.webp	1024	682
Austin Hill Rd (#37) - Pound Ridge	austin-hill-rd-37-pound-ridge	17	assets/properties/austin-hill-rd-37-pound-ridge/17.jpg	assets/properties/austin-hill-rd-37-pound-ridge/17.webp	assets/properties/austin-hill-rd-37-pound-ridge/17-thumb.webp	1024	682
Austin Hill Rd (#37) - Pound Ridge	austin-hill-rd-37-pound-ridge	18	assets/properties/austin-hill-rd-37-pound-ridge/18.jpg	assets/properties/austin-hill-rd-37-pound-ridge/18.webp	assets/properties/austin-hill-rd-37-pound-ridge/18-thumb.webp	1020	680
Austin Hill Rd (#37) - Pound Ridge	austin-hill-rd-37-pound-ridge	19	assets/properties/austin-hill-rd-37-pound-ridge/19.jpg	assets/properties/austin-hill-rd-37-pound-ridge/19.webp	assets/properties/austin-hill-rd-37-pound-ridge/19-thumb.webp	1024	682
Austin Hill Rd (#37) - Pound Ridge	austin-hill-rd-37-pound-ridge	20	assets/properties/austin-hill-rd-37-pound-ridge/20.jpg	assets/properties/austin-hill-rd-37-pound-ridge/20.webp	assets/properties/austin-hill-rd-37-pound-ridge/20-thumb.webp	1024	681
Austin Hill Rd (#37) - Pound Ridge	austin-hill-rd-37-pound-ridge	21	assets/properties/austin-hill-rd-37-pound-ridge/21.jpg	assets/properties/austin-hill-rd-37-pound-ridge/21.webp	assets/properties/austin-hill-rd-37-pound-ridge/21-thumb.webp	1024	682
Austin Hill Rd (#37) - Pound Ridge	austin-hill-rd-37-pound-ridge	22	assets/properties/austin-hill-rd-37-pound-ridge/22.jpg	assets/properties/austin-hill-rd-37-pound-ridge/22.webp	assets/properties/austin-hill-rd-37-pound-ridge/22-thumb.webp	1024	682
Austin Hill Rd (#37) - Pound Ridge	austin-hill-rd-37-pound-ridge	23	assets/properties/austin-hill-rd-37-pound-ridge/23.jpg	assets/properties/austin-hill-rd-37-pound-ridge/23.webp	assets/properties/austin-hill-rd-37-pound-ridge/23-thumb.webp	1024	682
Austin Hill Rd (#37) - Pound Ridge	austin-hill-rd-37-pound-ridge	24	assets/properties/austin-hill-rd-37-pound-ridge/24.jpg	assets/properties/austin-hill-rd-37-pound-ridge/24.webp	assets/properties/austin-hill-rd-37-pound-ridge/24-thumb.webp	1024	681
Austin Hill Rd (#37) - Pound Ridge	austin-hill-rd-37-pound-ridge	25	assets/properties/austin-hill-rd-37-pound-ridge/25.jpg	assets/properties/austin-hill-rd-37-pound-ridge/25.webp	assets/properties/austin-hill-rd-37-pound-ridge/25-thumb.webp	1024	1024
Austin Hill Rd (#37) - Pound Ridge	austin-hill-rd-37-pound-ridge	26	assets/properties/austin-hill-rd-37-pound-ridge/26.jpg	assets/properties/austin-hill-rd-37-pound-ridge/26.webp	assets/properties/austin-hill-rd-37-pound-ridge/26-thumb.webp	1024	1024
Austin Hill Rd (#37) - Pound Ridge	austin-hill-rd-37-pound-ridge	27	assets/properties/austin-hill-rd-37-pound-ridge/27.jpg	assets/properties/austin-hill-rd-37-pound-ridge/27.webp	assets/properties/austin-hill-rd-37-pound-ridge/27-thumb.webp	1024	1024
Austin Hill Rd (#37) - Pound Ridge	austin-hill-rd-37-pound-ridge	28	assets/properties/austin-hill-rd-37-pound-ridge/28.jpg	assets/properties/austin-hill-rd-37-pound-ridge/28.webp	assets/properties/austin-hill-rd-37-pound-ridge/28-thumb.webp	1024	682
Austin Hill Rd (#37) - Pound Ridge	austin-hill-rd-37-pound-ridge	29	assets/properties/austin-hill-rd-37-pound-ridge/29.jpg	assets/properties/austin-hill-rd-37-pound-ridge/29.webp	assets/properties/austin-hill-rd-37-pound-ridge/29-thumb.webp	1024	682
Austin Hill Rd (#37) - Pound Ridge	austin-hill-rd-37-pound-ridge	30	assets/properties/austin-hill-rd-37-pound-ridge/30.jpg	assets/properties/austin-hill-rd-37-pound-ridge/30.webp	assets/properties/austin-hill-rd-37-pound-ridge/30-thumb.webp	1024	681
Austin Hill Rd (#37) - Pound Ridge	austin-hill-rd-37-pound-ridge	31	assets/properties/austin-hill-rd-37-pound-ridge/31.jpg	assets/properties/austin-hill-rd-37-pound-ridge/31.webp	assets/properties/austin-hill-rd-37-pound-ridge/31-thumb.webp	1024	682
Austin Place (#32) - Briarcliff Manor	austin-place-32-briarcliff-manor	01	assets/properties/austin-place-32-briarcliff-manor/01.jpg	assets/properties/austin-place-32-briarcliff-manor/01.webp	assets/properties/austin-place-32-briarcliff-manor/01-thumb.webp	300	225
Austin Place (#32) - Briarcliff Manor	austin-place-32-briarcliff-manor	02	assets/properties/austin-place-32-briarcliff-manor/02.jpg	assets/properties/austin-place-32-briarcliff-manor/02.webp	assets/properties/austin-place-32-briarcliff-manor/02-thumb.webp	300	225
Austin Place (#32) - Briarcliff Manor	austin-place-32-briarcliff-manor	03	assets/properties/austin-place-32-briarcliff-manor/03.jpg	assets/properties/austin-place-32-briarcliff-manor/03.webp	assets/properties/austin-place-32-briarcliff-manor/03-thumb.webp	300	225
Austin Place (#32) - Briarcliff Manor	austin-place-32-briarcliff-manor	04	assets/properties/austin-place-32-briarcliff-manor/04.jpg	assets/properties/austin-place-32-briarcliff-manor/04.webp	assets/properties/austin-place-32-briarcliff-manor/04-thumb.webp	300	225
Austin Place (#32) - Briarcliff Manor	austin-place-32-briarcliff-manor	05	assets/properties/austin-place-32-briarcliff-manor/05.jpg	assets/properties/austin-place-32-briarcliff-manor/05.webp	assets/properties/austin-place-32-briarcliff-manor/05-thumb.webp	300	225
Austin Place (#32) - Briarcliff Manor	austin-place-32-briarcliff-manor	06	assets/properties/austin-place-32-briarcliff-manor/06.jpg	assets/properties/austin-place-32-briarcliff-manor/06.webp	assets/properties/austin-place-32-briarcliff-manor/06-thumb.webp	300	225
Austin Place (#32) - Briarcliff Manor	austin-place-32-briarcliff-manor	07	assets/properties/austin-place-32-briarcliff-manor/07.jpg	assets/properties/austin-place-32-briarcliff-manor/07.webp	assets/properties/austin-place-32-briarcliff-manor/07-thumb.webp	400	300
Austin Place (#32) - Briarcliff Manor	austin-place-32-briarcliff-manor	08	assets/properties/austin-place-32-briarcliff-manor/08.jpg	assets/properties/austin-place-32-briarcliff-manor/08.webp	assets/properties/austin-place-32-briarcliff-manor/08-thumb.webp	400	300
Austin Place (#32) - Briarcliff Manor	austin-place-32-briarcliff-manor	09	assets/properties/austin-place-32-briarcliff-manor/09.jpg	assets/properties/austin-place-32-briarcliff-manor/09.webp	assets/properties/austin-place-32-briarcliff-manor/09-thumb.webp	400	300
Austin Place (#32) - Briarcliff Manor	austin-place-32-briarcliff-manor	10	assets/properties/austin-place-32-briarcliff-manor/10.jpg	assets/properties/austin-place-32-briarcliff-manor/10.webp	assets/properties/austin-place-32-briarcliff-manor/10-thumb.webp	300	225
Austin Place (#32) - Briarcliff Manor	austin-place-32-briarcliff-manor	11	assets/properties/austin-place-32-briarcliff-manor/11.jpg	assets/properties/austin-place-32-briarcliff-manor/11.webp	assets/properties/austin-place-32-briarcliff-manor/11-thumb.webp	400	300
Austin Place (#32) - Briarcliff Manor	austin-place-32-briarcliff-manor	12	assets/properties/austin-place-32-briarcliff-manor/12.jpg	assets/properties/austin-place-32-briarcliff-manor/12.webp	assets/properties/austin-place-32-briarcliff-manor/12-thumb.webp	400	300
Austin Place (#32) - Briarcliff Manor	austin-place-32-briarcliff-manor	13	assets/properties/austin-place-32-briarcliff-manor/13.jpg	assets/properties/austin-place-32-briarcliff-manor/13.webp	assets/properties/austin-place-32-briarcliff-manor/13-thumb.webp	400	300
Austin Place (#32) - Briarcliff Manor	austin-place-32-briarcliff-manor	14	assets/properties/austin-place-32-briarcliff-manor/14.jpg	assets/properties/austin-place-32-briarcliff-manor/14.webp	assets/properties/austin-place-32-briarcliff-manor/14-thumb.webp	400	300
Austin Place (#32) - Briarcliff Manor	austin-place-32-briarcliff-manor	15	assets/properties/austin-place-32-briarcliff-manor/15.jpg	assets/properties/austin-place-32-briarcliff-manor/15.webp	assets/properties/austin-place-32-briarcliff-manor/15-thumb.webp	399	299
Austin Place (#32) - Briarcliff Manor	austin-place-32-briarcliff-manor	16	assets/properties/austin-place-32-briarcliff-manor/16.jpg	assets/properties/austin-place-32-briarcliff-manor/16.webp	assets/properties/austin-place-32-briarcliff-manor/16-thumb.webp	300	225
Austin Place (#32) - Briarcliff Manor	austin-place-32-briarcliff-manor	17	assets/properties/austin-place-32-briarcliff-manor/17.jpg	assets/properties/austin-place-32-briarcliff-manor/17.webp	assets/properties/austin-place-32-briarcliff-manor/17-thumb.webp	300	225
Austin Place (#32) - Briarcliff Manor	austin-place-32-briarcliff-manor	18	assets/properties/austin-place-32-briarcliff-manor/18.jpg	assets/properties/austin-place-32-briarcliff-manor/18.webp	assets/properties/austin-place-32-briarcliff-manor/18-thumb.webp	300	225
Austin Place (#32) - Briarcliff Manor	austin-place-32-briarcliff-manor	19	assets/properties/austin-place-32-briarcliff-manor/19.jpg	assets/properties/austin-place-32-briarcliff-manor/19.webp	assets/properties/austin-place-32-briarcliff-manor/19-thumb.webp	300	225
Austin Place (#32) - Briarcliff Manor	austin-place-32-briarcliff-manor	20	assets/properties/austin-place-32-briarcliff-manor/20.jpg	assets/properties/austin-place-32-briarcliff-manor/20.webp	assets/properties/austin-place-32-briarcliff-manor/20-thumb.webp	300	225
Austin Place (#32) - Briarcliff Manor	austin-place-32-briarcliff-manor	21	assets/properties/austin-place-32-briarcliff-manor/21.jpg	assets/properties/austin-place-32-briarcliff-manor/21.webp	assets/properties/austin-place-32-briarcliff-manor/21-thumb.webp	300	225
Austin Place (#32) - Briarcliff Manor	austin-place-32-briarcliff-manor	22	assets/properties/austin-place-32-briarcliff-manor/22.jpg	assets/properties/austin-place-32-briarcliff-manor/22.webp	assets/properties/austin-place-32-briarcliff-manor/22-thumb.webp	300	225
Austin Place (#32) - Briarcliff Manor	austin-place-32-briarcliff-manor	23	assets/properties/austin-place-32-briarcliff-manor/23.jpg	assets/properties/austin-place-32-briarcliff-manor/23.webp	assets/properties/austin-place-32-briarcliff-manor/23-thumb.webp	400	300
Austin Place (#32) - Briarcliff Manor	austin-place-32-briarcliff-manor	24	assets/properties/austin-place-32-briarcliff-manor/24.jpg	assets/properties/austin-place-32-briarcliff-manor/24.webp	assets/properties/austin-place-32-briarcliff-manor/24-thumb.webp	399	299
Austin Place (#32) - Briarcliff Manor	austin-place-32-briarcliff-manor	25	assets/properties/austin-place-32-briarcliff-manor/25.jpg	assets/properties/austin-place-32-briarcliff-manor/25.webp	assets/properties/austin-place-32-briarcliff-manor/25-thumb.webp	400	300
Austin Place (#32) - Briarcliff Manor	austin-place-32-briarcliff-manor	26	assets/properties/austin-place-32-briarcliff-manor/26.jpg	assets/properties/austin-place-32-briarcliff-manor/26.webp	assets/properties/austin-place-32-briarcliff-manor/26-thumb.webp	300	225
Austin Place (#33) - Briarcliff Manor	austin-place-33-briarcliff-manor	01	assets/properties/austin-place-33-briarcliff-manor/01.jpg	assets/properties/austin-place-33-briarcliff-manor/01.webp	assets/properties/austin-place-33-briarcliff-manor/01-thumb.webp	1024	682
Austin Place (#33) - Briarcliff Manor	austin-place-33-briarcliff-manor	02	assets/properties/austin-place-33-briarcliff-manor/02.jpg	assets/properties/austin-place-33-briarcliff-manor/02.webp	assets/properties/austin-place-33-briarcliff-manor/02-thumb.webp	1024	683
Austin Place (#33) - Briarcliff Manor	austin-place-33-briarcliff-manor	03	assets/properties/austin-place-33-briarcliff-manor/03.jpg	assets/properties/austin-place-33-briarcliff-manor/03.webp	assets/properties/austin-place-33-briarcliff-manor/03-thumb.webp	1024	683
Austin Place (#33) - Briarcliff Manor	austin-place-33-briarcliff-manor	04	assets/properties/austin-place-33-briarcliff-manor/04.jpg	assets/properties/austin-place-33-briarcliff-manor/04.webp	assets/properties/austin-place-33-briarcliff-manor/04-thumb.webp	1024	683
Austin Place (#33) - Briarcliff Manor	austin-place-33-briarcliff-manor	05	assets/properties/austin-place-33-briarcliff-manor/05.jpg	assets/properties/austin-place-33-briarcliff-manor/05.webp	assets/properties/austin-place-33-briarcliff-manor/05-thumb.webp	1024	682
Austin Place (#33) - Briarcliff Manor	austin-place-33-briarcliff-manor	06	assets/properties/austin-place-33-briarcliff-manor/06.jpg	assets/properties/austin-place-33-briarcliff-manor/06.webp	assets/properties/austin-place-33-briarcliff-manor/06-thumb.webp	1024	683
Austin Place (#33) - Briarcliff Manor	austin-place-33-briarcliff-manor	07	assets/properties/austin-place-33-briarcliff-manor/07.jpg	assets/properties/austin-place-33-briarcliff-manor/07.webp	assets/properties/austin-place-33-briarcliff-manor/07-thumb.webp	1024	683
Austin Place (#33) - Briarcliff Manor	austin-place-33-briarcliff-manor	08	assets/properties/austin-place-33-briarcliff-manor/08.jpg	assets/properties/austin-place-33-briarcliff-manor/08.webp	assets/properties/austin-place-33-briarcliff-manor/08-thumb.webp	1024	675
Austin Place (#33) - Briarcliff Manor	austin-place-33-briarcliff-manor	09	assets/properties/austin-place-33-briarcliff-manor/09.jpg	assets/properties/austin-place-33-briarcliff-manor/09.webp	assets/properties/austin-place-33-briarcliff-manor/09-thumb.webp	1024	683
Austin Place (#33) - Briarcliff Manor	austin-place-33-briarcliff-manor	10	assets/properties/austin-place-33-briarcliff-manor/10.jpg	assets/properties/austin-place-33-briarcliff-manor/10.webp	assets/properties/austin-place-33-briarcliff-manor/10-thumb.webp	1024	683
Austin Place (#33) - Briarcliff Manor	austin-place-33-briarcliff-manor	11	assets/properties/austin-place-33-briarcliff-manor/11.jpg	assets/properties/austin-place-33-briarcliff-manor/11.webp	assets/properties/austin-place-33-briarcliff-manor/11-thumb.webp	1024	682
Austin Place (#33) - Briarcliff Manor	austin-place-33-briarcliff-manor	12	assets/properties/austin-place-33-briarcliff-manor/12.jpg	assets/properties/austin-place-33-briarcliff-manor/12.webp	assets/properties/austin-place-33-briarcliff-manor/12-thumb.webp	1024	682
Austin Place (#33) - Briarcliff Manor	austin-place-33-briarcliff-manor	13	assets/properties/austin-place-33-briarcliff-manor/13.jpg	assets/properties/austin-place-33-briarcliff-manor/13.webp	assets/properties/austin-place-33-briarcliff-manor/13-thumb.webp	1024	683
Austin Place (#33) - Briarcliff Manor	austin-place-33-briarcliff-manor	14	assets/properties/austin-place-33-briarcliff-manor/14.jpg	assets/properties/austin-place-33-briarcliff-manor/14.webp	assets/properties/austin-place-33-briarcliff-manor/14-thumb.webp	1024	683
Austin Place (#33) - Briarcliff Manor	austin-place-33-briarcliff-manor	15	assets/properties/austin-place-33-briarcliff-manor/15.jpg	assets/properties/austin-place-33-briarcliff-manor/15.webp	assets/properties/austin-place-33-briarcliff-manor/15-thumb.webp	1024	682
Austin Place (#33) - Briarcliff Manor	austin-place-33-briarcliff-manor	16	assets/properties/austin-place-33-briarcliff-manor/16.jpg	assets/properties/austin-place-33-briarcliff-manor/16.webp	assets/properties/austin-place-33-briarcliff-manor/16-thumb.webp	1024	682
Austin Place (#33) - Briarcliff Manor	austin-place-33-briarcliff-manor	17	assets/properties/austin-place-33-briarcliff-manor/17.jpg	assets/properties/austin-place-33-briarcliff-manor/17.webp	assets/properties/austin-place-33-briarcliff-manor/17-thumb.webp	1024	682
Austin Place (#33) - Briarcliff Manor	austin-place-33-briarcliff-manor	18	assets/properties/austin-place-33-briarcliff-manor/18.jpg	assets/properties/austin-place-33-briarcliff-manor/18.webp	assets/properties/austin-place-33-briarcliff-manor/18-thumb.webp	1024	682
Austin Place (#33) - Briarcliff Manor	austin-place-33-briarcliff-manor	19	assets/properties/austin-place-33-briarcliff-manor/19.jpg	assets/properties/austin-place-33-briarcliff-manor/19.webp	assets/properties/austin-place-33-briarcliff-manor/19-thumb.webp	1024	682
Austin Place (#33) - Briarcliff Manor	austin-place-33-briarcliff-manor	20	assets/properties/austin-place-33-briarcliff-manor/20.jpg	assets/properties/austin-place-33-briarcliff-manor/20.webp	assets/properties/austin-place-33-briarcliff-manor/20-thumb.webp	1024	682
Austin Place (#33) - Briarcliff Manor	austin-place-33-briarcliff-manor	21	assets/properties/austin-place-33-briarcliff-manor/21.jpg	assets/properties/austin-place-33-briarcliff-manor/21.webp	assets/properties/austin-place-33-briarcliff-manor/21-thumb.webp	1024	682
Austin Place (#33) - Briarcliff Manor	austin-place-33-briarcliff-manor	22	assets/properties/austin-place-33-briarcliff-manor/22.jpg	assets/properties/austin-place-33-briarcliff-manor/22.webp	assets/properties/austin-place-33-briarcliff-manor/22-thumb.webp	1024	682
Austin Place (#33) - Briarcliff Manor	austin-place-33-briarcliff-manor	23	assets/properties/austin-place-33-briarcliff-manor/23.jpg	assets/properties/austin-place-33-briarcliff-manor/23.webp	assets/properties/austin-place-33-briarcliff-manor/23-thumb.webp	400	300
Austin Place (#33) - Briarcliff Manor	austin-place-33-briarcliff-manor	24	assets/properties/austin-place-33-briarcliff-manor/24.jpg	assets/properties/austin-place-33-briarcliff-manor/24.webp	assets/properties/austin-place-33-briarcliff-manor/24-thumb.webp	399	299
Austin Place (#33) - Briarcliff Manor	austin-place-33-briarcliff-manor	25	assets/properties/austin-place-33-briarcliff-manor/25.jpg	assets/properties/austin-place-33-briarcliff-manor/25.webp	assets/properties/austin-place-33-briarcliff-manor/25-thumb.webp	399	299
Austin Place (#33) - Briarcliff Manor	austin-place-33-briarcliff-manor	26	assets/properties/austin-place-33-briarcliff-manor/26.jpg	assets/properties/austin-place-33-briarcliff-manor/26.webp	assets/properties/austin-place-33-briarcliff-manor/26-thumb.webp	399	299
Austin Place (#33) - Briarcliff Manor	austin-place-33-briarcliff-manor	27	assets/properties/austin-place-33-briarcliff-manor/27.jpg	assets/properties/austin-place-33-briarcliff-manor/27.webp	assets/properties/austin-place-33-briarcliff-manor/27-thumb.webp	399	299
Austin Place (#33) - Briarcliff Manor	austin-place-33-briarcliff-manor	28	assets/properties/austin-place-33-briarcliff-manor/28.jpg	assets/properties/austin-place-33-briarcliff-manor/28.webp	assets/properties/austin-place-33-briarcliff-manor/28-thumb.webp	399	299
Austin Place (#33) - Briarcliff Manor	austin-place-33-briarcliff-manor	29	assets/properties/austin-place-33-briarcliff-manor/29.jpg	assets/properties/austin-place-33-briarcliff-manor/29.webp	assets/properties/austin-place-33-briarcliff-manor/29-thumb.webp	399	299
Austin Place (#33) - Briarcliff Manor	austin-place-33-briarcliff-manor	30	assets/properties/austin-place-33-briarcliff-manor/30.jpg	assets/properties/austin-place-33-briarcliff-manor/30.webp	assets/properties/austin-place-33-briarcliff-manor/30-thumb.webp	400	300
Austin Place (#33) - Briarcliff Manor	austin-place-33-briarcliff-manor	31	assets/properties/austin-place-33-briarcliff-manor/31.jpg	assets/properties/austin-place-33-briarcliff-manor/31.webp	assets/properties/austin-place-33-briarcliff-manor/31-thumb.webp	400	300
Austin Place (#33) - Briarcliff Manor	austin-place-33-briarcliff-manor	32	assets/properties/austin-place-33-briarcliff-manor/32.jpg	assets/properties/austin-place-33-briarcliff-manor/32.webp	assets/properties/austin-place-33-briarcliff-manor/32-thumb.webp	1024	682
Austin Place (#33) - Briarcliff Manor	austin-place-33-briarcliff-manor	33	assets/properties/austin-place-33-briarcliff-manor/33.jpg	assets/properties/austin-place-33-briarcliff-manor/33.webp	assets/properties/austin-place-33-briarcliff-manor/33-thumb.webp	401	266
Austin Place (#33) - Briarcliff Manor	austin-place-33-briarcliff-manor	34	assets/properties/austin-place-33-briarcliff-manor/34.jpg	assets/properties/austin-place-33-briarcliff-manor/34.webp	assets/properties/austin-place-33-briarcliff-manor/34-thumb.webp	401	266
Austin Place (#33) - Briarcliff Manor	austin-place-33-briarcliff-manor	35	assets/properties/austin-place-33-briarcliff-manor/35.jpg	assets/properties/austin-place-33-briarcliff-manor/35.webp	assets/properties/austin-place-33-briarcliff-manor/35-thumb.webp	401	266
Austin Place (#33) - Briarcliff Manor	austin-place-33-briarcliff-manor	36	assets/properties/austin-place-33-briarcliff-manor/36.jpg	assets/properties/austin-place-33-briarcliff-manor/36.webp	assets/properties/austin-place-33-briarcliff-manor/36-thumb.webp	401	266
Austin Place (#33) - Briarcliff Manor	austin-place-33-briarcliff-manor	37	assets/properties/austin-place-33-briarcliff-manor/37.jpg	assets/properties/austin-place-33-briarcliff-manor/37.webp	assets/properties/austin-place-33-briarcliff-manor/37-thumb.webp	401	266
Austin Place (#33) - Briarcliff Manor	austin-place-33-briarcliff-manor	38	assets/properties/austin-place-33-briarcliff-manor/38.jpg	assets/properties/austin-place-33-briarcliff-manor/38.webp	assets/properties/austin-place-33-briarcliff-manor/38-thumb.webp	401	266
Austin Place (#33) - Briarcliff Manor	austin-place-33-briarcliff-manor	39	assets/properties/austin-place-33-briarcliff-manor/39.jpg	assets/properties/austin-place-33-briarcliff-manor/39.webp	assets/properties/austin-place-33-briarcliff-manor/39-thumb.webp	401	266
Austin Place (#33) - Briarcliff Manor	austin-place-33-briarcliff-manor	40	assets/properties/austin-place-33-briarcliff-manor/40.jpg	assets/properties/austin-place-33-briarcliff-manor/40.webp	assets/properties/austin-place-33-briarcliff-manor/40-thumb.webp	401	266
Austin Place (#33) - Briarcliff Manor	austin-place-33-briarcliff-manor	41	assets/properties/austin-place-33-briarcliff-manor/41.jpg	assets/properties/austin-place-33-briarcliff-manor/41.webp	assets/properties/austin-place-33-briarcliff-manor/41-thumb.webp	401	266
Austin Place (#33) - Briarcliff Manor	austin-place-33-briarcliff-manor	42	assets/properties/austin-place-33-briarcliff-manor/42.jpg	assets/properties/austin-place-33-briarcliff-manor/42.webp	assets/properties/austin-place-33-briarcliff-manor/42-thumb.webp	401	266
Austin Place (#33) - Briarcliff Manor	austin-place-33-briarcliff-manor	43	assets/properties/austin-place-33-briarcliff-manor/43.jpg	assets/properties/austin-place-33-briarcliff-manor/43.webp	assets/properties/austin-place-33-briarcliff-manor/43-thumb.webp	1024	682
Austin Place (#33) - Briarcliff Manor	austin-place-33-briarcliff-manor	44	assets/properties/austin-place-33-briarcliff-manor/44.jpg	assets/properties/austin-place-33-briarcliff-manor/44.webp	assets/properties/austin-place-33-briarcliff-manor/44-thumb.webp	401	266
Austin Place (#33) - Briarcliff Manor	austin-place-33-briarcliff-manor	45	assets/properties/austin-place-33-briarcliff-manor/45.jpg	assets/properties/austin-place-33-briarcliff-manor/45.webp	assets/properties/austin-place-33-briarcliff-manor/45-thumb.webp	401	266
Austin Place (#33) - Briarcliff Manor	austin-place-33-briarcliff-manor	46	assets/properties/austin-place-33-briarcliff-manor/46.jpg	assets/properties/austin-place-33-briarcliff-manor/46.webp	assets/properties/austin-place-33-briarcliff-manor/46-thumb.webp	401	266
Austin Place (#33) - Briarcliff Manor	austin-place-33-briarcliff-manor	47	assets/properties/austin-place-33-briarcliff-manor/47.jpg	assets/properties/austin-place-33-briarcliff-manor/47.webp	assets/properties/austin-place-33-briarcliff-manor/47-thumb.webp	401	266
Austin Place (#33) - Briarcliff Manor	austin-place-33-briarcliff-manor	48	assets/properties/austin-place-33-briarcliff-manor/48.jpg	assets/properties/austin-place-33-briarcliff-manor/48.webp	assets/properties/austin-place-33-briarcliff-manor/48-thumb.webp	401	266
Austin Place (#33) - Briarcliff Manor	austin-place-33-briarcliff-manor	49	assets/properties/austin-place-33-briarcliff-manor/49.jpg	assets/properties/austin-place-33-briarcliff-manor/49.webp	assets/properties/austin-place-33-briarcliff-manor/49-thumb.webp	400	300
Austin Place (#33) - Briarcliff Manor	austin-place-33-briarcliff-manor	50	assets/properties/austin-place-33-briarcliff-manor/50.jpg	assets/properties/austin-place-33-briarcliff-manor/50.webp	assets/properties/austin-place-33-briarcliff-manor/50-thumb.webp	400	300
Austin Place (#33) - Briarcliff Manor	austin-place-33-briarcliff-manor	51	assets/properties/austin-place-33-briarcliff-manor/51.jpg	assets/properties/austin-place-33-briarcliff-manor/51.webp	assets/properties/austin-place-33-briarcliff-manor/51-thumb.webp	401	266
Austin Place (#33) - Briarcliff Manor	austin-place-33-briarcliff-manor	52	assets/properties/austin-place-33-briarcliff-manor/52.jpg	assets/properties/austin-place-33-briarcliff-manor/52.webp	assets/properties/austin-place-33-briarcliff-manor/52-thumb.webp	1024	683
Austin Place (#33) - Briarcliff Manor	austin-place-33-briarcliff-manor	53	assets/properties/austin-place-33-briarcliff-manor/53.jpg	assets/properties/austin-place-33-briarcliff-manor/53.webp	assets/properties/austin-place-33-briarcliff-manor/53-thumb.webp	1024	683
Austin Place (#33) - Briarcliff Manor	austin-place-33-briarcliff-manor	54	assets/properties/austin-place-33-briarcliff-manor/54.jpg	assets/properties/austin-place-33-briarcliff-manor/54.webp	assets/properties/austin-place-33-briarcliff-manor/54-thumb.webp	1024	683
Austin Place (#33) - Briarcliff Manor	austin-place-33-briarcliff-manor	55	assets/properties/austin-place-33-briarcliff-manor/55.jpg	assets/properties/austin-place-33-briarcliff-manor/55.webp	assets/properties/austin-place-33-briarcliff-manor/55-thumb.webp	1024	682
Austin Place (#33) - Briarcliff Manor	austin-place-33-briarcliff-manor	56	assets/properties/austin-place-33-briarcliff-manor/56.jpg	assets/properties/austin-place-33-briarcliff-manor/56.webp	assets/properties/austin-place-33-briarcliff-manor/56-thumb.webp	1024	682
Austin Place (#33) - Briarcliff Manor	austin-place-33-briarcliff-manor	57	assets/properties/austin-place-33-briarcliff-manor/57.jpg	assets/properties/austin-place-33-briarcliff-manor/57.webp	assets/properties/austin-place-33-briarcliff-manor/57-thumb.webp	1024	682
Austin Place (#9) - Briarcliff Manor	austin-place-9-briarcliff-manor	01	assets/properties/austin-place-9-briarcliff-manor/01.jpg	assets/properties/austin-place-9-briarcliff-manor/01.webp	assets/properties/austin-place-9-briarcliff-manor/01-thumb.webp	1024	682
Austin Place (#9) - Briarcliff Manor	austin-place-9-briarcliff-manor	02	assets/properties/austin-place-9-briarcliff-manor/02.jpg	assets/properties/austin-place-9-briarcliff-manor/02.webp	assets/properties/austin-place-9-briarcliff-manor/02-thumb.webp	1024	682
Austin Place (#9) - Briarcliff Manor	austin-place-9-briarcliff-manor	03	assets/properties/austin-place-9-briarcliff-manor/03.jpg	assets/properties/austin-place-9-briarcliff-manor/03.webp	assets/properties/austin-place-9-briarcliff-manor/03-thumb.webp	1024	682
Austin Place (#9) - Briarcliff Manor	austin-place-9-briarcliff-manor	04	assets/properties/austin-place-9-briarcliff-manor/04.jpg	assets/properties/austin-place-9-briarcliff-manor/04.webp	assets/properties/austin-place-9-briarcliff-manor/04-thumb.webp	1024	682
Austin Place (#9) - Briarcliff Manor	austin-place-9-briarcliff-manor	05	assets/properties/austin-place-9-briarcliff-manor/05.jpg	assets/properties/austin-place-9-briarcliff-manor/05.webp	assets/properties/austin-place-9-briarcliff-manor/05-thumb.webp	1024	682
Austin Place (#9) - Briarcliff Manor	austin-place-9-briarcliff-manor	06	assets/properties/austin-place-9-briarcliff-manor/06.jpg	assets/properties/austin-place-9-briarcliff-manor/06.webp	assets/properties/austin-place-9-briarcliff-manor/06-thumb.webp	1024	682
Austin Place (#9) - Briarcliff Manor	austin-place-9-briarcliff-manor	07	assets/properties/austin-place-9-briarcliff-manor/07.jpg	assets/properties/austin-place-9-briarcliff-manor/07.webp	assets/properties/austin-place-9-briarcliff-manor/07-thumb.webp	1024	682
Austin Place (#9) - Briarcliff Manor	austin-place-9-briarcliff-manor	08	assets/properties/austin-place-9-briarcliff-manor/08.jpg	assets/properties/austin-place-9-briarcliff-manor/08.webp	assets/properties/austin-place-9-briarcliff-manor/08-thumb.webp	1024	682
Austin Place (#9) - Briarcliff Manor	austin-place-9-briarcliff-manor	09	assets/properties/austin-place-9-briarcliff-manor/09.jpg	assets/properties/austin-place-9-briarcliff-manor/09.webp	assets/properties/austin-place-9-briarcliff-manor/09-thumb.webp	1024	682
Austin Place (#9) - Briarcliff Manor	austin-place-9-briarcliff-manor	10	assets/properties/austin-place-9-briarcliff-manor/10.jpg	assets/properties/austin-place-9-briarcliff-manor/10.webp	assets/properties/austin-place-9-briarcliff-manor/10-thumb.webp	1024	682
Austin Place (#9) - Briarcliff Manor	austin-place-9-briarcliff-manor	11	assets/properties/austin-place-9-briarcliff-manor/11.jpg	assets/properties/austin-place-9-briarcliff-manor/11.webp	assets/properties/austin-place-9-briarcliff-manor/11-thumb.webp	1024	682
Austin Place (#9) - Briarcliff Manor	austin-place-9-briarcliff-manor	12	assets/properties/austin-place-9-briarcliff-manor/12.jpg	assets/properties/austin-place-9-briarcliff-manor/12.webp	assets/properties/austin-place-9-briarcliff-manor/12-thumb.webp	1024	682
Austin Place (#9) - Briarcliff Manor	austin-place-9-briarcliff-manor	13	assets/properties/austin-place-9-briarcliff-manor/13.jpg	assets/properties/austin-place-9-briarcliff-manor/13.webp	assets/properties/austin-place-9-briarcliff-manor/13-thumb.webp	1024	682
Austin Place (#9) - Briarcliff Manor	austin-place-9-briarcliff-manor	14	assets/properties/austin-place-9-briarcliff-manor/14.jpg	assets/properties/austin-place-9-briarcliff-manor/14.webp	assets/properties/austin-place-9-briarcliff-manor/14-thumb.webp	1024	682
Austin Place (#9) - Briarcliff Manor	austin-place-9-briarcliff-manor	15	assets/properties/austin-place-9-briarcliff-manor/15.jpg	assets/properties/austin-place-9-briarcliff-manor/15.webp	assets/properties/austin-place-9-briarcliff-manor/15-thumb.webp	1024	682
Austin Place (#9) - Briarcliff Manor	austin-place-9-briarcliff-manor	16	assets/properties/austin-place-9-briarcliff-manor/16.jpg	assets/properties/austin-place-9-briarcliff-manor/16.webp	assets/properties/austin-place-9-briarcliff-manor/16-thumb.webp	1024	682
Austin Place (#9) - Briarcliff Manor	austin-place-9-briarcliff-manor	17	assets/properties/austin-place-9-briarcliff-manor/17.jpg	assets/properties/austin-place-9-briarcliff-manor/17.webp	assets/properties/austin-place-9-briarcliff-manor/17-thumb.webp	1024	682
Austin Place (#9) - Briarcliff Manor	austin-place-9-briarcliff-manor	18	assets/properties/austin-place-9-briarcliff-manor/18.jpg	assets/properties/austin-place-9-briarcliff-manor/18.webp	assets/properties/austin-place-9-briarcliff-manor/18-thumb.webp	1024	682
Austin Place (#9) - Briarcliff Manor	austin-place-9-briarcliff-manor	19	assets/properties/austin-place-9-briarcliff-manor/19.jpg	assets/properties/austin-place-9-briarcliff-manor/19.webp	assets/properties/austin-place-9-briarcliff-manor/19-thumb.webp	1024	682
Austin Place (#9) - Briarcliff Manor	austin-place-9-briarcliff-manor	20	assets/properties/austin-place-9-briarcliff-manor/20.jpg	assets/properties/austin-place-9-briarcliff-manor/20.webp	assets/properties/austin-place-9-briarcliff-manor/20-thumb.webp	1024	682
Austin Place (#9) - Briarcliff Manor	austin-place-9-briarcliff-manor	21	assets/properties/austin-place-9-briarcliff-manor/21.jpg	assets/properties/austin-place-9-briarcliff-manor/21.webp	assets/properties/austin-place-9-briarcliff-manor/21-thumb.webp	1024	682
Austin Place (#9) - Briarcliff Manor	austin-place-9-briarcliff-manor	22	assets/properties/austin-place-9-briarcliff-manor/22.jpg	assets/properties/austin-place-9-briarcliff-manor/22.webp	assets/properties/austin-place-9-briarcliff-manor/22-thumb.webp	400	300
Austin Place (#9) - Briarcliff Manor	austin-place-9-briarcliff-manor	23	assets/properties/austin-place-9-briarcliff-manor/23.jpg	assets/properties/austin-place-9-briarcliff-manor/23.webp	assets/properties/austin-place-9-briarcliff-manor/23-thumb.webp	400	300
Austin Place (#9) - Briarcliff Manor	austin-place-9-briarcliff-manor	24	assets/properties/austin-place-9-briarcliff-manor/24.jpg	assets/properties/austin-place-9-briarcliff-manor/24.webp	assets/properties/austin-place-9-briarcliff-manor/24-thumb.webp	400	300
Austin Place (#9) - Briarcliff Manor	austin-place-9-briarcliff-manor	25	assets/properties/austin-place-9-briarcliff-manor/25.jpg	assets/properties/austin-place-9-briarcliff-manor/25.webp	assets/properties/austin-place-9-briarcliff-manor/25-thumb.webp	400	300
Austin Place (#9) - Briarcliff Manor	austin-place-9-briarcliff-manor	26	assets/properties/austin-place-9-briarcliff-manor/26.jpg	assets/properties/austin-place-9-briarcliff-manor/26.webp	assets/properties/austin-place-9-briarcliff-manor/26-thumb.webp	400	300
Austin Place (#9) - Briarcliff Manor	austin-place-9-briarcliff-manor	27	assets/properties/austin-place-9-briarcliff-manor/27.jpg	assets/properties/austin-place-9-briarcliff-manor/27.webp	assets/properties/austin-place-9-briarcliff-manor/27-thumb.webp	400	300
Austin Place (#9) - Briarcliff Manor	austin-place-9-briarcliff-manor	28	assets/properties/austin-place-9-briarcliff-manor/28.jpg	assets/properties/austin-place-9-briarcliff-manor/28.webp	assets/properties/austin-place-9-briarcliff-manor/28-thumb.webp	400	300
Austin Place (#9) - Briarcliff Manor	austin-place-9-briarcliff-manor	29	assets/properties/austin-place-9-briarcliff-manor/29.jpg	assets/properties/austin-place-9-briarcliff-manor/29.webp	assets/properties/austin-place-9-briarcliff-manor/29-thumb.webp	400	300
Austin Place (#9) - Briarcliff Manor	austin-place-9-briarcliff-manor	30	assets/properties/austin-place-9-briarcliff-manor/30.jpg	assets/properties/austin-place-9-briarcliff-manor/30.webp	assets/properties/austin-place-9-briarcliff-manor/30-thumb.webp	1024	682
Austin Place (#9) - Briarcliff Manor	austin-place-9-briarcliff-manor	31	assets/properties/austin-place-9-briarcliff-manor/31.jpg	assets/properties/austin-place-9-briarcliff-manor/31.webp	assets/properties/austin-place-9-briarcliff-manor/31-thumb.webp	400	300
Austin Place (#9) - Briarcliff Manor	austin-place-9-briarcliff-manor	32	assets/properties/austin-place-9-briarcliff-manor/32.jpg	assets/properties/austin-place-9-briarcliff-manor/32.webp	assets/properties/austin-place-9-briarcliff-manor/32-thumb.webp	400	300
Austin Place (#9) - Briarcliff Manor	austin-place-9-briarcliff-manor	33	assets/properties/austin-place-9-briarcliff-manor/33.jpg	assets/properties/austin-place-9-briarcliff-manor/33.webp	assets/properties/austin-place-9-briarcliff-manor/33-thumb.webp	400	300
Austin Place (#9) - Briarcliff Manor	austin-place-9-briarcliff-manor	34	assets/properties/austin-place-9-briarcliff-manor/34.jpg	assets/properties/austin-place-9-briarcliff-manor/34.webp	assets/properties/austin-place-9-briarcliff-manor/34-thumb.webp	400	300
Austin Place (#9) - Briarcliff Manor	austin-place-9-briarcliff-manor	35	assets/properties/austin-place-9-briarcliff-manor/35.jpg	assets/properties/austin-place-9-briarcliff-manor/35.webp	assets/properties/austin-place-9-briarcliff-manor/35-thumb.webp	400	300
Austin Place (#9) - Briarcliff Manor	austin-place-9-briarcliff-manor	36	assets/properties/austin-place-9-briarcliff-manor/36.jpg	assets/properties/austin-place-9-briarcliff-manor/36.webp	assets/properties/austin-place-9-briarcliff-manor/36-thumb.webp	1024	682
Austin Place (#9) - Briarcliff Manor	austin-place-9-briarcliff-manor	37	assets/properties/austin-place-9-briarcliff-manor/37.jpg	assets/properties/austin-place-9-briarcliff-manor/37.webp	assets/properties/austin-place-9-briarcliff-manor/37-thumb.webp	1024	682
Austin Place (#9) - Briarcliff Manor	austin-place-9-briarcliff-manor	38	assets/properties/austin-place-9-briarcliff-manor/38.jpg	assets/properties/austin-place-9-briarcliff-manor/38.webp	assets/properties/austin-place-9-briarcliff-manor/38-thumb.webp	1024	682
Austin Place (#9) - Briarcliff Manor	austin-place-9-briarcliff-manor	39	assets/properties/austin-place-9-briarcliff-manor/39.jpg	assets/properties/austin-place-9-briarcliff-manor/39.webp	assets/properties/austin-place-9-briarcliff-manor/39-thumb.webp	1024	682
Austin Place (#9) - Briarcliff Manor	austin-place-9-briarcliff-manor	40	assets/properties/austin-place-9-briarcliff-manor/40.jpg	assets/properties/austin-place-9-briarcliff-manor/40.webp	assets/properties/austin-place-9-briarcliff-manor/40-thumb.webp	400	300
Austin Place (#9) - Briarcliff Manor	austin-place-9-briarcliff-manor	41	assets/properties/austin-place-9-briarcliff-manor/41.jpg	assets/properties/austin-place-9-briarcliff-manor/41.webp	assets/properties/austin-place-9-briarcliff-manor/41-thumb.webp	1024	682
Austin Place (#9) - Briarcliff Manor	austin-place-9-briarcliff-manor	42	assets/properties/austin-place-9-briarcliff-manor/42.jpg	assets/properties/austin-place-9-briarcliff-manor/42.webp	assets/properties/austin-place-9-briarcliff-manor/42-thumb.webp	1024	682
Austin Place (#9) - Briarcliff Manor	austin-place-9-briarcliff-manor	43	assets/properties/austin-place-9-briarcliff-manor/43.jpg	assets/properties/austin-place-9-briarcliff-manor/43.webp	assets/properties/austin-place-9-briarcliff-manor/43-thumb.webp	1024	682
Autumn Ridge Rd (#27) - Pound Ridge	autumn-ridge-rd-27-pound-ridge	01	assets/properties/autumn-ridge-rd-27-pound-ridge/01.jpg	assets/properties/autumn-ridge-rd-27-pound-ridge/01.webp	assets/properties/autumn-ridge-rd-27-pound-ridge/01-thumb.webp	1024	683
Autumn Ridge Rd (#27) - Pound Ridge	autumn-ridge-rd-27-pound-ridge	02	assets/properties/autumn-ridge-rd-27-pound-ridge/02.jpg	assets/properties/autumn-ridge-rd-27-pound-ridge/02.webp	assets/properties/autumn-ridge-rd-27-pound-ridge/02-thumb.webp	1024	683
Autumn Ridge Rd (#27) - Pound Ridge	autumn-ridge-rd-27-pound-ridge	03	assets/properties/autumn-ridge-rd-27-pound-ridge/03.jpg	assets/properties/autumn-ridge-rd-27-pound-ridge/03.webp	assets/properties/autumn-ridge-rd-27-pound-ridge/03-thumb.webp	1024	683
Autumn Ridge Rd (#27) - Pound Ridge	autumn-ridge-rd-27-pound-ridge	04	assets/properties/autumn-ridge-rd-27-pound-ridge/04.jpg	assets/properties/autumn-ridge-rd-27-pound-ridge/04.webp	assets/properties/autumn-ridge-rd-27-pound-ridge/04-thumb.webp	1024	683
Autumn Ridge Rd (#27) - Pound Ridge	autumn-ridge-rd-27-pound-ridge	05	assets/properties/autumn-ridge-rd-27-pound-ridge/05.jpg	assets/properties/autumn-ridge-rd-27-pound-ridge/05.webp	assets/properties/autumn-ridge-rd-27-pound-ridge/05-thumb.webp	1024	683
Autumn Ridge Rd (#27) - Pound Ridge	autumn-ridge-rd-27-pound-ridge	06	assets/properties/autumn-ridge-rd-27-pound-ridge/06.jpg	assets/properties/autumn-ridge-rd-27-pound-ridge/06.webp	assets/properties/autumn-ridge-rd-27-pound-ridge/06-thumb.webp	1024	683
Autumn Ridge Rd (#27) - Pound Ridge	autumn-ridge-rd-27-pound-ridge	07	assets/properties/autumn-ridge-rd-27-pound-ridge/07.jpg	assets/properties/autumn-ridge-rd-27-pound-ridge/07.webp	assets/properties/autumn-ridge-rd-27-pound-ridge/07-thumb.webp	1024	683
Autumn Ridge Rd (#27) - Pound Ridge	autumn-ridge-rd-27-pound-ridge	08	assets/properties/autumn-ridge-rd-27-pound-ridge/08.jpg	assets/properties/autumn-ridge-rd-27-pound-ridge/08.webp	assets/properties/autumn-ridge-rd-27-pound-ridge/08-thumb.webp	1024	683
Autumn Ridge Rd (#27) - Pound Ridge	autumn-ridge-rd-27-pound-ridge	09	assets/properties/autumn-ridge-rd-27-pound-ridge/09.jpg	assets/properties/autumn-ridge-rd-27-pound-ridge/09.webp	assets/properties/autumn-ridge-rd-27-pound-ridge/09-thumb.webp	1024	683
Autumn Ridge Rd (#27) - Pound Ridge	autumn-ridge-rd-27-pound-ridge	10	assets/properties/autumn-ridge-rd-27-pound-ridge/10.jpg	assets/properties/autumn-ridge-rd-27-pound-ridge/10.webp	assets/properties/autumn-ridge-rd-27-pound-ridge/10-thumb.webp	320	240
Autumn Ridge Rd (#27) - Pound Ridge	autumn-ridge-rd-27-pound-ridge	11	assets/properties/autumn-ridge-rd-27-pound-ridge/11.jpg	assets/properties/autumn-ridge-rd-27-pound-ridge/11.webp	assets/properties/autumn-ridge-rd-27-pound-ridge/11-thumb.webp	1024	683
Autumn Ridge Rd (#27) - Pound Ridge	autumn-ridge-rd-27-pound-ridge	12	assets/properties/autumn-ridge-rd-27-pound-ridge/12.jpg	assets/properties/autumn-ridge-rd-27-pound-ridge/12.webp	assets/properties/autumn-ridge-rd-27-pound-ridge/12-thumb.webp	1024	683
Autumn Ridge Rd (#27) - Pound Ridge	autumn-ridge-rd-27-pound-ridge	13	assets/properties/autumn-ridge-rd-27-pound-ridge/13.jpg	assets/properties/autumn-ridge-rd-27-pound-ridge/13.webp	assets/properties/autumn-ridge-rd-27-pound-ridge/13-thumb.webp	1024	683
Autumn Ridge Rd (#27) - Pound Ridge	autumn-ridge-rd-27-pound-ridge	14	assets/properties/autumn-ridge-rd-27-pound-ridge/14.jpg	assets/properties/autumn-ridge-rd-27-pound-ridge/14.webp	assets/properties/autumn-ridge-rd-27-pound-ridge/14-thumb.webp	1024	683
Autumn Ridge Rd (#27) - Pound Ridge	autumn-ridge-rd-27-pound-ridge	15	assets/properties/autumn-ridge-rd-27-pound-ridge/15.jpg	assets/properties/autumn-ridge-rd-27-pound-ridge/15.webp	assets/properties/autumn-ridge-rd-27-pound-ridge/15-thumb.webp	1024	683
Autumn Ridge Rd (#27) - Pound Ridge	autumn-ridge-rd-27-pound-ridge	16	assets/properties/autumn-ridge-rd-27-pound-ridge/16.jpg	assets/properties/autumn-ridge-rd-27-pound-ridge/16.webp	assets/properties/autumn-ridge-rd-27-pound-ridge/16-thumb.webp	1024	683
Autumn Ridge Rd (#27) - Pound Ridge	autumn-ridge-rd-27-pound-ridge	17	assets/properties/autumn-ridge-rd-27-pound-ridge/17.jpg	assets/properties/autumn-ridge-rd-27-pound-ridge/17.webp	assets/properties/autumn-ridge-rd-27-pound-ridge/17-thumb.webp	1024	683
Autumn Ridge Rd (#27) - Pound Ridge	autumn-ridge-rd-27-pound-ridge	18	assets/properties/autumn-ridge-rd-27-pound-ridge/18.jpg	assets/properties/autumn-ridge-rd-27-pound-ridge/18.webp	assets/properties/autumn-ridge-rd-27-pound-ridge/18-thumb.webp	1024	683
Autumn Ridge Rd (#27) - Pound Ridge	autumn-ridge-rd-27-pound-ridge	19	assets/properties/autumn-ridge-rd-27-pound-ridge/19.jpg	assets/properties/autumn-ridge-rd-27-pound-ridge/19.webp	assets/properties/autumn-ridge-rd-27-pound-ridge/19-thumb.webp	1024	683
Autumn Ridge Rd (#27) - Pound Ridge	autumn-ridge-rd-27-pound-ridge	20	assets/properties/autumn-ridge-rd-27-pound-ridge/20.jpg	assets/properties/autumn-ridge-rd-27-pound-ridge/20.webp	assets/properties/autumn-ridge-rd-27-pound-ridge/20-thumb.webp	1024	683
Autumn Ridge Rd (#27) - Pound Ridge	autumn-ridge-rd-27-pound-ridge	21	assets/properties/autumn-ridge-rd-27-pound-ridge/21.jpg	assets/properties/autumn-ridge-rd-27-pound-ridge/21.webp	assets/properties/autumn-ridge-rd-27-pound-ridge/21-thumb.webp	320	240
Autumn Ridge Rd (#27) - Pound Ridge	autumn-ridge-rd-27-pound-ridge	22	assets/properties/autumn-ridge-rd-27-pound-ridge/22.jpg	assets/properties/autumn-ridge-rd-27-pound-ridge/22.webp	assets/properties/autumn-ridge-rd-27-pound-ridge/22-thumb.webp	1024	683
Autumn Ridge Rd (#27) - Pound Ridge	autumn-ridge-rd-27-pound-ridge	23	assets/properties/autumn-ridge-rd-27-pound-ridge/23.jpg	assets/properties/autumn-ridge-rd-27-pound-ridge/23.webp	assets/properties/autumn-ridge-rd-27-pound-ridge/23-thumb.webp	1024	683
Autumn Ridge Rd (#27) - Pound Ridge	autumn-ridge-rd-27-pound-ridge	24	assets/properties/autumn-ridge-rd-27-pound-ridge/24.jpg	assets/properties/autumn-ridge-rd-27-pound-ridge/24.webp	assets/properties/autumn-ridge-rd-27-pound-ridge/24-thumb.webp	1024	575
Autumn Ridge Rd (#27) - Pound Ridge	autumn-ridge-rd-27-pound-ridge	25	assets/properties/autumn-ridge-rd-27-pound-ridge/25.jpg	assets/properties/autumn-ridge-rd-27-pound-ridge/25.webp	assets/properties/autumn-ridge-rd-27-pound-ridge/25-thumb.webp	1024	683
Autumn Ridge Rd (#27) - Pound Ridge	autumn-ridge-rd-27-pound-ridge	26	assets/properties/autumn-ridge-rd-27-pound-ridge/26.jpg	assets/properties/autumn-ridge-rd-27-pound-ridge/26.webp	assets/properties/autumn-ridge-rd-27-pound-ridge/26-thumb.webp	1024	683
Autumn Ridge Rd (#27) - Pound Ridge	autumn-ridge-rd-27-pound-ridge	27	assets/properties/autumn-ridge-rd-27-pound-ridge/27.jpg	assets/properties/autumn-ridge-rd-27-pound-ridge/27.webp	assets/properties/autumn-ridge-rd-27-pound-ridge/27-thumb.webp	1024	683
Autumn Ridge Rd (#27) - Pound Ridge	autumn-ridge-rd-27-pound-ridge	28	assets/properties/autumn-ridge-rd-27-pound-ridge/28.jpg	assets/properties/autumn-ridge-rd-27-pound-ridge/28.webp	assets/properties/autumn-ridge-rd-27-pound-ridge/28-thumb.webp	1024	683
Autumn Ridge Rd (#27) - Pound Ridge	autumn-ridge-rd-27-pound-ridge	29	assets/properties/autumn-ridge-rd-27-pound-ridge/29.jpg	assets/properties/autumn-ridge-rd-27-pound-ridge/29.webp	assets/properties/autumn-ridge-rd-27-pound-ridge/29-thumb.webp	1024	683
Autumn Ridge Rd (#27) - Pound Ridge	autumn-ridge-rd-27-pound-ridge	30	assets/properties/autumn-ridge-rd-27-pound-ridge/30.jpg	assets/properties/autumn-ridge-rd-27-pound-ridge/30.webp	assets/properties/autumn-ridge-rd-27-pound-ridge/30-thumb.webp	320	240
Autumn Ridge Rd (#27) - Pound Ridge	autumn-ridge-rd-27-pound-ridge	31	assets/properties/autumn-ridge-rd-27-pound-ridge/31.jpg	assets/properties/autumn-ridge-rd-27-pound-ridge/31.webp	assets/properties/autumn-ridge-rd-27-pound-ridge/31-thumb.webp	1024	683
Autumn Ridge Rd (#27) - Pound Ridge	autumn-ridge-rd-27-pound-ridge	32	assets/properties/autumn-ridge-rd-27-pound-ridge/32.jpg	assets/properties/autumn-ridge-rd-27-pound-ridge/32.webp	assets/properties/autumn-ridge-rd-27-pound-ridge/32-thumb.webp	320	240
Autumn Ridge Rd (#27) - Pound Ridge	autumn-ridge-rd-27-pound-ridge	33	assets/properties/autumn-ridge-rd-27-pound-ridge/33.jpg	assets/properties/autumn-ridge-rd-27-pound-ridge/33.webp	assets/properties/autumn-ridge-rd-27-pound-ridge/33-thumb.webp	1024	683
Autumn Ridge Rd (#27) - Pound Ridge	autumn-ridge-rd-27-pound-ridge	34	assets/properties/autumn-ridge-rd-27-pound-ridge/34.jpg	assets/properties/autumn-ridge-rd-27-pound-ridge/34.webp	assets/properties/autumn-ridge-rd-27-pound-ridge/34-thumb.webp	1024	683
Autumn Ridge Rd (#27) - Pound Ridge	autumn-ridge-rd-27-pound-ridge	35	assets/properties/autumn-ridge-rd-27-pound-ridge/35.jpg	assets/properties/autumn-ridge-rd-27-pound-ridge/35.webp	assets/properties/autumn-ridge-rd-27-pound-ridge/35-thumb.webp	320	240
Autumn Ridge Rd (#27) - Pound Ridge	autumn-ridge-rd-27-pound-ridge	36	assets/properties/autumn-ridge-rd-27-pound-ridge/36.jpg	assets/properties/autumn-ridge-rd-27-pound-ridge/36.webp	assets/properties/autumn-ridge-rd-27-pound-ridge/36-thumb.webp	1024	683
Autumn Ridge Rd (#27) - Pound Ridge	autumn-ridge-rd-27-pound-ridge	37	assets/properties/autumn-ridge-rd-27-pound-ridge/37.jpg	assets/properties/autumn-ridge-rd-27-pound-ridge/37.webp	assets/properties/autumn-ridge-rd-27-pound-ridge/37-thumb.webp	1024	683
Autumn Ridge Rd (#27) - Pound Ridge	autumn-ridge-rd-27-pound-ridge	38	assets/properties/autumn-ridge-rd-27-pound-ridge/38.jpg	assets/properties/autumn-ridge-rd-27-pound-ridge/38.webp	assets/properties/autumn-ridge-rd-27-pound-ridge/38-thumb.webp	1024	683
Autumn Ridge Rd (#27) - Pound Ridge	autumn-ridge-rd-27-pound-ridge	39	assets/properties/autumn-ridge-rd-27-pound-ridge/39.jpg	assets/properties/autumn-ridge-rd-27-pound-ridge/39.webp	assets/properties/autumn-ridge-rd-27-pound-ridge/39-thumb.webp	1024	683
Barry Court (#7) - Bedford	barry-court-7-bedford	01	assets/properties/barry-court-7-bedford/01.jpg	assets/properties/barry-court-7-bedford/01.webp	assets/properties/barry-court-7-bedford/01-thumb.webp	1024	682
Barry Court (#7) - Bedford	barry-court-7-bedford	02	assets/properties/barry-court-7-bedford/02.jpg	assets/properties/barry-court-7-bedford/02.webp	assets/properties/barry-court-7-bedford/02-thumb.webp	1024	683
Barry Court (#7) - Bedford	barry-court-7-bedford	03	assets/properties/barry-court-7-bedford/03.jpg	assets/properties/barry-court-7-bedford/03.webp	assets/properties/barry-court-7-bedford/03-thumb.webp	1024	682
Barry Court (#7) - Bedford	barry-court-7-bedford	04	assets/properties/barry-court-7-bedford/04.jpg	assets/properties/barry-court-7-bedford/04.webp	assets/properties/barry-court-7-bedford/04-thumb.webp	1024	683
Barry Court (#7) - Bedford	barry-court-7-bedford	05	assets/properties/barry-court-7-bedford/05.jpg	assets/properties/barry-court-7-bedford/05.webp	assets/properties/barry-court-7-bedford/05-thumb.webp	1024	682
Barry Court (#7) - Bedford	barry-court-7-bedford	06	assets/properties/barry-court-7-bedford/06.jpg	assets/properties/barry-court-7-bedford/06.webp	assets/properties/barry-court-7-bedford/06-thumb.webp	1024	683
Barry Court (#7) - Bedford	barry-court-7-bedford	07	assets/properties/barry-court-7-bedford/07.jpg	assets/properties/barry-court-7-bedford/07.webp	assets/properties/barry-court-7-bedford/07-thumb.webp	1024	682
Barry Court (#7) - Bedford	barry-court-7-bedford	08	assets/properties/barry-court-7-bedford/08.jpg	assets/properties/barry-court-7-bedford/08.webp	assets/properties/barry-court-7-bedford/08-thumb.webp	1024	683
Barry Court (#7) - Bedford	barry-court-7-bedford	09	assets/properties/barry-court-7-bedford/09.jpg	assets/properties/barry-court-7-bedford/09.webp	assets/properties/barry-court-7-bedford/09-thumb.webp	1024	682
Barry Court (#7) - Bedford	barry-court-7-bedford	10	assets/properties/barry-court-7-bedford/10.jpg	assets/properties/barry-court-7-bedford/10.webp	assets/properties/barry-court-7-bedford/10-thumb.webp	1024	683
Barry Court (#7) - Bedford	barry-court-7-bedford	11	assets/properties/barry-court-7-bedford/11.jpg	assets/properties/barry-court-7-bedford/11.webp	assets/properties/barry-court-7-bedford/11-thumb.webp	1024	682
Barry Court (#7) - Bedford	barry-court-7-bedford	12	assets/properties/barry-court-7-bedford/12.jpg	assets/properties/barry-court-7-bedford/12.webp	assets/properties/barry-court-7-bedford/12-thumb.webp	1024	683
Barry Court (#7) - Bedford	barry-court-7-bedford	13	assets/properties/barry-court-7-bedford/13.jpg	assets/properties/barry-court-7-bedford/13.webp	assets/properties/barry-court-7-bedford/13-thumb.webp	1024	682
Barry Court (#7) - Bedford	barry-court-7-bedford	14	assets/properties/barry-court-7-bedford/14.jpg	assets/properties/barry-court-7-bedford/14.webp	assets/properties/barry-court-7-bedford/14-thumb.webp	1024	683
Barry Court (#7) - Bedford	barry-court-7-bedford	15	assets/properties/barry-court-7-bedford/15.jpg	assets/properties/barry-court-7-bedford/15.webp	assets/properties/barry-court-7-bedford/15-thumb.webp	1024	682
Barry Court (#7) - Bedford	barry-court-7-bedford	16	assets/properties/barry-court-7-bedford/16.jpg	assets/properties/barry-court-7-bedford/16.webp	assets/properties/barry-court-7-bedford/16-thumb.webp	1024	683
Barry Court (#7) - Bedford	barry-court-7-bedford	17	assets/properties/barry-court-7-bedford/17.jpg	assets/properties/barry-court-7-bedford/17.webp	assets/properties/barry-court-7-bedford/17-thumb.webp	1024	682
Barry Court (#7) - Bedford	barry-court-7-bedford	18	assets/properties/barry-court-7-bedford/18.jpg	assets/properties/barry-court-7-bedford/18.webp	assets/properties/barry-court-7-bedford/18-thumb.webp	1024	683
Barry Court (#7) - Bedford	barry-court-7-bedford	19	assets/properties/barry-court-7-bedford/19.jpg	assets/properties/barry-court-7-bedford/19.webp	assets/properties/barry-court-7-bedford/19-thumb.webp	1024	682
Barry Court (#7) - Bedford	barry-court-7-bedford	20	assets/properties/barry-court-7-bedford/20.jpg	assets/properties/barry-court-7-bedford/20.webp	assets/properties/barry-court-7-bedford/20-thumb.webp	1024	682
Barry Court (#7) - Bedford	barry-court-7-bedford	21	assets/properties/barry-court-7-bedford/21.jpg	assets/properties/barry-court-7-bedford/21.webp	assets/properties/barry-court-7-bedford/21-thumb.webp	1024	683
Barry Court (#7) - Bedford	barry-court-7-bedford	22	assets/properties/barry-court-7-bedford/22.jpg	assets/properties/barry-court-7-bedford/22.webp	assets/properties/barry-court-7-bedford/22-thumb.webp	1024	682
Barry Court (#7) - Bedford	barry-court-7-bedford	23	assets/properties/barry-court-7-bedford/23.jpg	assets/properties/barry-court-7-bedford/23.webp	assets/properties/barry-court-7-bedford/23-thumb.webp	1024	683
Barry Court (#7) - Bedford	barry-court-7-bedford	24	assets/properties/barry-court-7-bedford/24.jpg	assets/properties/barry-court-7-bedford/24.webp	assets/properties/barry-court-7-bedford/24-thumb.webp	1024	682
Barry Court (#7) - Bedford	barry-court-7-bedford	25	assets/properties/barry-court-7-bedford/25.jpg	assets/properties/barry-court-7-bedford/25.webp	assets/properties/barry-court-7-bedford/25-thumb.webp	1024	682
Barry Court (#7) - Bedford	barry-court-7-bedford	26	assets/properties/barry-court-7-bedford/26.jpg	assets/properties/barry-court-7-bedford/26.webp	assets/properties/barry-court-7-bedford/26-thumb.webp	1024	682
Barry Court (#7) - Bedford	barry-court-7-bedford	27	assets/properties/barry-court-7-bedford/27.jpg	assets/properties/barry-court-7-bedford/27.webp	assets/properties/barry-court-7-bedford/27-thumb.webp	1024	683
Barry Court (#7) - Bedford	barry-court-7-bedford	28	assets/properties/barry-court-7-bedford/28.jpg	assets/properties/barry-court-7-bedford/28.webp	assets/properties/barry-court-7-bedford/28-thumb.webp	1024	682
Barry Court (#7) - Bedford	barry-court-7-bedford	29	assets/properties/barry-court-7-bedford/29.jpg	assets/properties/barry-court-7-bedford/29.webp	assets/properties/barry-court-7-bedford/29-thumb.webp	1024	682
Barry Court (#7) - Bedford	barry-court-7-bedford	30	assets/properties/barry-court-7-bedford/30.jpg	assets/properties/barry-court-7-bedford/30.webp	assets/properties/barry-court-7-bedford/30-thumb.webp	1024	682
Barry Court (#7) - Bedford	barry-court-7-bedford	31	assets/properties/barry-court-7-bedford/31.jpg	assets/properties/barry-court-7-bedford/31.webp	assets/properties/barry-court-7-bedford/31-thumb.webp	1024	682
Barry Court (#7) - Bedford	barry-court-7-bedford	32	assets/properties/barry-court-7-bedford/32.jpg	assets/properties/barry-court-7-bedford/32.webp	assets/properties/barry-court-7-bedford/32-thumb.webp	1024	682
Barry Court (#7) - Bedford	barry-court-7-bedford	33	assets/properties/barry-court-7-bedford/33.jpg	assets/properties/barry-court-7-bedford/33.webp	assets/properties/barry-court-7-bedford/33-thumb.webp	1024	682
Barry Court (#7) - Bedford	barry-court-7-bedford	34	assets/properties/barry-court-7-bedford/34.jpg	assets/properties/barry-court-7-bedford/34.webp	assets/properties/barry-court-7-bedford/34-thumb.webp	1024	682
Barry Court (#7) - Bedford	barry-court-7-bedford	35	assets/properties/barry-court-7-bedford/35.jpg	assets/properties/barry-court-7-bedford/35.webp	assets/properties/barry-court-7-bedford/35-thumb.webp	1024	684
Barry Court (#7) - Bedford	barry-court-7-bedford	36	assets/properties/barry-court-7-bedford/36.jpg	assets/properties/barry-court-7-bedford/36.webp	assets/properties/barry-court-7-bedford/36-thumb.webp	1024	682
Barry Court (#7) - Bedford	barry-court-7-bedford	37	assets/properties/barry-court-7-bedford/37.jpg	assets/properties/barry-court-7-bedford/37.webp	assets/properties/barry-court-7-bedford/37-thumb.webp	1024	682
Barry Court (#7) - Bedford	barry-court-7-bedford	38	assets/properties/barry-court-7-bedford/38.jpg	assets/properties/barry-court-7-bedford/38.webp	assets/properties/barry-court-7-bedford/38-thumb.webp	1024	682
Barry Court (#7) - Bedford	barry-court-7-bedford	39	assets/properties/barry-court-7-bedford/39.jpg	assets/properties/barry-court-7-bedford/39.webp	assets/properties/barry-court-7-bedford/39-thumb.webp	1024	682
Barry Court (#7) - Bedford	barry-court-7-bedford	40	assets/properties/barry-court-7-bedford/40.jpg	assets/properties/barry-court-7-bedford/40.webp	assets/properties/barry-court-7-bedford/40-thumb.webp	1023	768
Barry Court (#7) - Bedford	barry-court-7-bedford	41	assets/properties/barry-court-7-bedford/41.jpg	assets/properties/barry-court-7-bedford/41.webp	assets/properties/barry-court-7-bedford/41-thumb.webp	986	768
Barry Court (#7) - Bedford	barry-court-7-bedford	42	assets/properties/barry-court-7-bedford/42.jpg	assets/properties/barry-court-7-bedford/42.webp	assets/properties/barry-court-7-bedford/42-thumb.webp	970	768
Barry Court (#7) - Bedford	barry-court-7-bedford	43	assets/properties/barry-court-7-bedford/43.jpg	assets/properties/barry-court-7-bedford/43.webp	assets/properties/barry-court-7-bedford/43-thumb.webp	991	768
Barry Court (#7) - Bedford	barry-court-7-bedford	44	assets/properties/barry-court-7-bedford/44.jpg	assets/properties/barry-court-7-bedford/44.webp	assets/properties/barry-court-7-bedford/44-thumb.webp	1024	768
Barry Court (#7) - Bedford	barry-court-7-bedford	45	assets/properties/barry-court-7-bedford/45.jpg	assets/properties/barry-court-7-bedford/45.webp	assets/properties/barry-court-7-bedford/45-thumb.webp	1024	682
Barry Court (#7) - Bedford	barry-court-7-bedford	46	assets/properties/barry-court-7-bedford/46.jpg	assets/properties/barry-court-7-bedford/46.webp	assets/properties/barry-court-7-bedford/46-thumb.webp	1024	682
Barry Court (#7) - Bedford	barry-court-7-bedford	47	assets/properties/barry-court-7-bedford/47.jpg	assets/properties/barry-court-7-bedford/47.webp	assets/properties/barry-court-7-bedford/47-thumb.webp	1024	682
Barry Court (#7) - Bedford	barry-court-7-bedford	48	assets/properties/barry-court-7-bedford/48.jpg	assets/properties/barry-court-7-bedford/48.webp	assets/properties/barry-court-7-bedford/48-thumb.webp	1024	682
Barry Court (#7) - Bedford	barry-court-7-bedford	49	assets/properties/barry-court-7-bedford/49.jpg	assets/properties/barry-court-7-bedford/49.webp	assets/properties/barry-court-7-bedford/49-thumb.webp	1024	682
Barry Court (#7) - Bedford	barry-court-7-bedford	50	assets/properties/barry-court-7-bedford/50.jpg	assets/properties/barry-court-7-bedford/50.webp	assets/properties/barry-court-7-bedford/50-thumb.webp	1024	682
Barry Court (#7) - Bedford	barry-court-7-bedford	51	assets/properties/barry-court-7-bedford/51.jpg	assets/properties/barry-court-7-bedford/51.webp	assets/properties/barry-court-7-bedford/51-thumb.webp	1024	682
Barry Court (#7) - Bedford	barry-court-7-bedford	52	assets/properties/barry-court-7-bedford/52.jpg	assets/properties/barry-court-7-bedford/52.webp	assets/properties/barry-court-7-bedford/52-thumb.webp	1024	682
Barry Court (#7) - Bedford	barry-court-7-bedford	53	assets/properties/barry-court-7-bedford/53.jpg	assets/properties/barry-court-7-bedford/53.webp	assets/properties/barry-court-7-bedford/53-thumb.webp	1024	683
Barry Court (#7) - Bedford	barry-court-7-bedford	54	assets/properties/barry-court-7-bedford/54.jpg	assets/properties/barry-court-7-bedford/54.webp	assets/properties/barry-court-7-bedford/54-thumb.webp	1024	682
Barry Court (#7) - Bedford	barry-court-7-bedford	55	assets/properties/barry-court-7-bedford/55.jpg	assets/properties/barry-court-7-bedford/55.webp	assets/properties/barry-court-7-bedford/55-thumb.webp	1024	682
Barry Court (#7) - Bedford	barry-court-7-bedford	56	assets/properties/barry-court-7-bedford/56.jpg	assets/properties/barry-court-7-bedford/56.webp	assets/properties/barry-court-7-bedford/56-thumb.webp	1024	683
Barry Court (#7) - Bedford	barry-court-7-bedford	57	assets/properties/barry-court-7-bedford/57.jpg	assets/properties/barry-court-7-bedford/57.webp	assets/properties/barry-court-7-bedford/57-thumb.webp	1024	682
Brundige Drive (#19) - Goldens Bridge	brundige-drive-19-goldens-bridge	01	assets/properties/brundige-drive-19-goldens-bridge/01.jpg	assets/properties/brundige-drive-19-goldens-bridge/01.webp	assets/properties/brundige-drive-19-goldens-bridge/01-thumb.webp	549	366
Brundige Drive (#19) - Goldens Bridge	brundige-drive-19-goldens-bridge	02	assets/properties/brundige-drive-19-goldens-bridge/02.jpg	assets/properties/brundige-drive-19-goldens-bridge/02.webp	assets/properties/brundige-drive-19-goldens-bridge/02-thumb.webp	549	366
Brundige Drive (#19) - Goldens Bridge	brundige-drive-19-goldens-bridge	03	assets/properties/brundige-drive-19-goldens-bridge/03.jpg	assets/properties/brundige-drive-19-goldens-bridge/03.webp	assets/properties/brundige-drive-19-goldens-bridge/03-thumb.webp	549	366
Brundige Drive (#19) - Goldens Bridge	brundige-drive-19-goldens-bridge	04	assets/properties/brundige-drive-19-goldens-bridge/04.jpg	assets/properties/brundige-drive-19-goldens-bridge/04.webp	assets/properties/brundige-drive-19-goldens-bridge/04-thumb.webp	549	366
Brundige Drive (#19) - Goldens Bridge	brundige-drive-19-goldens-bridge	05	assets/properties/brundige-drive-19-goldens-bridge/05.jpg	assets/properties/brundige-drive-19-goldens-bridge/05.webp	assets/properties/brundige-drive-19-goldens-bridge/05-thumb.webp	549	366
Brundige Drive (#19) - Goldens Bridge	brundige-drive-19-goldens-bridge	06	assets/properties/brundige-drive-19-goldens-bridge/06.jpg	assets/properties/brundige-drive-19-goldens-bridge/06.webp	assets/properties/brundige-drive-19-goldens-bridge/06-thumb.webp	549	366
Brundige Drive (#19) - Goldens Bridge	brundige-drive-19-goldens-bridge	07	assets/properties/brundige-drive-19-goldens-bridge/07.jpg	assets/properties/brundige-drive-19-goldens-bridge/07.webp	assets/properties/brundige-drive-19-goldens-bridge/07-thumb.webp	549	366
Brundige Drive (#19) - Goldens Bridge	brundige-drive-19-goldens-bridge	08	assets/properties/brundige-drive-19-goldens-bridge/08.jpg	assets/properties/brundige-drive-19-goldens-bridge/08.webp	assets/properties/brundige-drive-19-goldens-bridge/08-thumb.webp	1024	682
Brundige Drive (#19) - Goldens Bridge	brundige-drive-19-goldens-bridge	09	assets/properties/brundige-drive-19-goldens-bridge/09.jpg	assets/properties/brundige-drive-19-goldens-bridge/09.webp	assets/properties/brundige-drive-19-goldens-bridge/09-thumb.webp	549	366
Brundige Drive (#19) - Goldens Bridge	brundige-drive-19-goldens-bridge	10	assets/properties/brundige-drive-19-goldens-bridge/10.jpg	assets/properties/brundige-drive-19-goldens-bridge/10.webp	assets/properties/brundige-drive-19-goldens-bridge/10-thumb.webp	1024	682
Brundige Drive (#19) - Goldens Bridge	brundige-drive-19-goldens-bridge	11	assets/properties/brundige-drive-19-goldens-bridge/11.jpg	assets/properties/brundige-drive-19-goldens-bridge/11.webp	assets/properties/brundige-drive-19-goldens-bridge/11-thumb.webp	1024	682
Brundige Drive (#19) - Goldens Bridge	brundige-drive-19-goldens-bridge	12	assets/properties/brundige-drive-19-goldens-bridge/12.jpg	assets/properties/brundige-drive-19-goldens-bridge/12.webp	assets/properties/brundige-drive-19-goldens-bridge/12-thumb.webp	1024	682
Brundige Drive (#19) - Goldens Bridge	brundige-drive-19-goldens-bridge	13	assets/properties/brundige-drive-19-goldens-bridge/13.jpg	assets/properties/brundige-drive-19-goldens-bridge/13.webp	assets/properties/brundige-drive-19-goldens-bridge/13-thumb.webp	1024	682
Brundige Drive (#19) - Goldens Bridge	brundige-drive-19-goldens-bridge	14	assets/properties/brundige-drive-19-goldens-bridge/14.jpg	assets/properties/brundige-drive-19-goldens-bridge/14.webp	assets/properties/brundige-drive-19-goldens-bridge/14-thumb.webp	1024	682
Brundige Drive (#19) - Goldens Bridge	brundige-drive-19-goldens-bridge	15	assets/properties/brundige-drive-19-goldens-bridge/15.jpg	assets/properties/brundige-drive-19-goldens-bridge/15.webp	assets/properties/brundige-drive-19-goldens-bridge/15-thumb.webp	1024	682
Brundige Drive (#19) - Goldens Bridge	brundige-drive-19-goldens-bridge	16	assets/properties/brundige-drive-19-goldens-bridge/16.jpg	assets/properties/brundige-drive-19-goldens-bridge/16.webp	assets/properties/brundige-drive-19-goldens-bridge/16-thumb.webp	1024	682
Brundige Drive (#19) - Goldens Bridge	brundige-drive-19-goldens-bridge	17	assets/properties/brundige-drive-19-goldens-bridge/17.jpg	assets/properties/brundige-drive-19-goldens-bridge/17.webp	assets/properties/brundige-drive-19-goldens-bridge/17-thumb.webp	1024	682
Brundige Drive (#19) - Goldens Bridge	brundige-drive-19-goldens-bridge	18	assets/properties/brundige-drive-19-goldens-bridge/18.jpg	assets/properties/brundige-drive-19-goldens-bridge/18.webp	assets/properties/brundige-drive-19-goldens-bridge/18-thumb.webp	1024	682
Brundige Drive (#19) - Goldens Bridge	brundige-drive-19-goldens-bridge	19	assets/properties/brundige-drive-19-goldens-bridge/19.jpg	assets/properties/brundige-drive-19-goldens-bridge/19.webp	assets/properties/brundige-drive-19-goldens-bridge/19-thumb.webp	549	366
Brundige Drive (#19) - Goldens Bridge	brundige-drive-19-goldens-bridge	20	assets/properties/brundige-drive-19-goldens-bridge/20.jpg	assets/properties/brundige-drive-19-goldens-bridge/20.webp	assets/properties/brundige-drive-19-goldens-bridge/20-thumb.webp	1024	682
Brundige Drive (#19) - Goldens Bridge	brundige-drive-19-goldens-bridge	21	assets/properties/brundige-drive-19-goldens-bridge/21.jpg	assets/properties/brundige-drive-19-goldens-bridge/21.webp	assets/properties/brundige-drive-19-goldens-bridge/21-thumb.webp	1024	682
Brundige Drive (#19) - Goldens Bridge	brundige-drive-19-goldens-bridge	22	assets/properties/brundige-drive-19-goldens-bridge/22.jpg	assets/properties/brundige-drive-19-goldens-bridge/22.webp	assets/properties/brundige-drive-19-goldens-bridge/22-thumb.webp	1024	682
Brundige Drive (#19) - Goldens Bridge	brundige-drive-19-goldens-bridge	23	assets/properties/brundige-drive-19-goldens-bridge/23.jpg	assets/properties/brundige-drive-19-goldens-bridge/23.webp	assets/properties/brundige-drive-19-goldens-bridge/23-thumb.webp	1024	682
Brundige Drive (#19) - Goldens Bridge	brundige-drive-19-goldens-bridge	24	assets/properties/brundige-drive-19-goldens-bridge/24.jpg	assets/properties/brundige-drive-19-goldens-bridge/24.webp	assets/properties/brundige-drive-19-goldens-bridge/24-thumb.webp	1024	682
Brundige Drive (#19) - Goldens Bridge	brundige-drive-19-goldens-bridge	25	assets/properties/brundige-drive-19-goldens-bridge/25.jpg	assets/properties/brundige-drive-19-goldens-bridge/25.webp	assets/properties/brundige-drive-19-goldens-bridge/25-thumb.webp	549	366
Brundige Drive (#19) - Goldens Bridge	brundige-drive-19-goldens-bridge	26	assets/properties/brundige-drive-19-goldens-bridge/26.jpg	assets/properties/brundige-drive-19-goldens-bridge/26.webp	assets/properties/brundige-drive-19-goldens-bridge/26-thumb.webp	549	366
Brundige Drive (#19) - Goldens Bridge	brundige-drive-19-goldens-bridge	27	assets/properties/brundige-drive-19-goldens-bridge/27.jpg	assets/properties/brundige-drive-19-goldens-bridge/27.webp	assets/properties/brundige-drive-19-goldens-bridge/27-thumb.webp	549	366
Brundige Drive (#19) - Goldens Bridge	brundige-drive-19-goldens-bridge	28	assets/properties/brundige-drive-19-goldens-bridge/28.jpg	assets/properties/brundige-drive-19-goldens-bridge/28.webp	assets/properties/brundige-drive-19-goldens-bridge/28-thumb.webp	549	366
Brundige Drive (#19) - Goldens Bridge	brundige-drive-19-goldens-bridge	29	assets/properties/brundige-drive-19-goldens-bridge/29.jpg	assets/properties/brundige-drive-19-goldens-bridge/29.webp	assets/properties/brundige-drive-19-goldens-bridge/29-thumb.webp	549	366
Brundige Drive (#19) - Goldens Bridge	brundige-drive-19-goldens-bridge	30	assets/properties/brundige-drive-19-goldens-bridge/30.jpg	assets/properties/brundige-drive-19-goldens-bridge/30.webp	assets/properties/brundige-drive-19-goldens-bridge/30-thumb.webp	549	366
Brundige Drive (#19) - Goldens Bridge	brundige-drive-19-goldens-bridge	31	assets/properties/brundige-drive-19-goldens-bridge/31.jpg	assets/properties/brundige-drive-19-goldens-bridge/31.webp	assets/properties/brundige-drive-19-goldens-bridge/31-thumb.webp	549	366
Brundige Drive (#19) - Goldens Bridge	brundige-drive-19-goldens-bridge	32	assets/properties/brundige-drive-19-goldens-bridge/32.jpg	assets/properties/brundige-drive-19-goldens-bridge/32.webp	assets/properties/brundige-drive-19-goldens-bridge/32-thumb.webp	549	366
Brundige Drive (#19) - Goldens Bridge	brundige-drive-19-goldens-bridge	33	assets/properties/brundige-drive-19-goldens-bridge/33.jpg	assets/properties/brundige-drive-19-goldens-bridge/33.webp	assets/properties/brundige-drive-19-goldens-bridge/33-thumb.webp	1024	682
Brundige Drive (#19) - Goldens Bridge	brundige-drive-19-goldens-bridge	34	assets/properties/brundige-drive-19-goldens-bridge/34.jpg	assets/properties/brundige-drive-19-goldens-bridge/34.webp	assets/properties/brundige-drive-19-goldens-bridge/34-thumb.webp	1024	682
Brundige Drive (#19) - Goldens Bridge	brundige-drive-19-goldens-bridge	35	assets/properties/brundige-drive-19-goldens-bridge/35.jpg	assets/properties/brundige-drive-19-goldens-bridge/35.webp	assets/properties/brundige-drive-19-goldens-bridge/35-thumb.webp	1024	682
Brundige Drive (#19) - Goldens Bridge	brundige-drive-19-goldens-bridge	36	assets/properties/brundige-drive-19-goldens-bridge/36.jpg	assets/properties/brundige-drive-19-goldens-bridge/36.webp	assets/properties/brundige-drive-19-goldens-bridge/36-thumb.webp	549	366
Castle Hill - listing pics (unit 2D)	castle-hill-listing-pics-unit-2d	01	assets/properties/castle-hill-listing-pics-unit-2d/01.jpg	assets/properties/castle-hill-listing-pics-unit-2d/01.webp	assets/properties/castle-hill-listing-pics-unit-2d/01-thumb.webp	1024	682
Castle Hill - listing pics (unit 2D)	castle-hill-listing-pics-unit-2d	02	assets/properties/castle-hill-listing-pics-unit-2d/02.jpg	assets/properties/castle-hill-listing-pics-unit-2d/02.webp	assets/properties/castle-hill-listing-pics-unit-2d/02-thumb.webp	1024	682
Castle Hill - listing pics (unit 2D)	castle-hill-listing-pics-unit-2d	03	assets/properties/castle-hill-listing-pics-unit-2d/03.jpg	assets/properties/castle-hill-listing-pics-unit-2d/03.webp	assets/properties/castle-hill-listing-pics-unit-2d/03-thumb.webp	1024	681
Castle Hill - listing pics (unit 2D)	castle-hill-listing-pics-unit-2d	04	assets/properties/castle-hill-listing-pics-unit-2d/04.jpg	assets/properties/castle-hill-listing-pics-unit-2d/04.webp	assets/properties/castle-hill-listing-pics-unit-2d/04-thumb.webp	1024	682
Castle Hill - listing pics (unit 2D)	castle-hill-listing-pics-unit-2d	05	assets/properties/castle-hill-listing-pics-unit-2d/05.jpg	assets/properties/castle-hill-listing-pics-unit-2d/05.webp	assets/properties/castle-hill-listing-pics-unit-2d/05-thumb.webp	1024	682
Castle Hill - listing pics (unit 2D)	castle-hill-listing-pics-unit-2d	06	assets/properties/castle-hill-listing-pics-unit-2d/06.jpg	assets/properties/castle-hill-listing-pics-unit-2d/06.webp	assets/properties/castle-hill-listing-pics-unit-2d/06-thumb.webp	1024	682
Castle Hill - listing pics (unit 2D)	castle-hill-listing-pics-unit-2d	07	assets/properties/castle-hill-listing-pics-unit-2d/07.jpg	assets/properties/castle-hill-listing-pics-unit-2d/07.webp	assets/properties/castle-hill-listing-pics-unit-2d/07-thumb.webp	1024	682
Castle Hill - listing pics (unit 2D)	castle-hill-listing-pics-unit-2d	08	assets/properties/castle-hill-listing-pics-unit-2d/08.jpg	assets/properties/castle-hill-listing-pics-unit-2d/08.webp	assets/properties/castle-hill-listing-pics-unit-2d/08-thumb.webp	1024	682
Castle Hill - listing pics (unit 2D)	castle-hill-listing-pics-unit-2d	09	assets/properties/castle-hill-listing-pics-unit-2d/09.jpg	assets/properties/castle-hill-listing-pics-unit-2d/09.webp	assets/properties/castle-hill-listing-pics-unit-2d/09-thumb.webp	1024	681
Castle Hill - listing pics (unit 2D)	castle-hill-listing-pics-unit-2d	10	assets/properties/castle-hill-listing-pics-unit-2d/10.jpg	assets/properties/castle-hill-listing-pics-unit-2d/10.webp	assets/properties/castle-hill-listing-pics-unit-2d/10-thumb.webp	1024	681
Castle Hill - listing pics (unit 2D)	castle-hill-listing-pics-unit-2d	11	assets/properties/castle-hill-listing-pics-unit-2d/11.jpg	assets/properties/castle-hill-listing-pics-unit-2d/11.webp	assets/properties/castle-hill-listing-pics-unit-2d/11-thumb.webp	1024	681
Castle Hill - listing pics (unit 2D)	castle-hill-listing-pics-unit-2d	12	assets/properties/castle-hill-listing-pics-unit-2d/12.jpg	assets/properties/castle-hill-listing-pics-unit-2d/12.webp	assets/properties/castle-hill-listing-pics-unit-2d/12-thumb.webp	1024	682
Castle Hill - listing pics (unit 2D)	castle-hill-listing-pics-unit-2d	13	assets/properties/castle-hill-listing-pics-unit-2d/13.jpg	assets/properties/castle-hill-listing-pics-unit-2d/13.webp	assets/properties/castle-hill-listing-pics-unit-2d/13-thumb.webp	1024	681
Cedar Woods - unit 114 (co-op in Goldens Bridge)	cedar-woods-unit-114-co-op-in-goldens-bridge	01	assets/properties/cedar-woods-unit-114-co-op-in-goldens-bridge/01.jpg	assets/properties/cedar-woods-unit-114-co-op-in-goldens-bridge/01.webp	assets/properties/cedar-woods-unit-114-co-op-in-goldens-bridge/01-thumb.webp	296	222
Cedar Woods - unit 203 (co-op in Goldens Bridge)	cedar-woods-unit-203-co-op-in-goldens-bridge	01	assets/properties/cedar-woods-unit-203-co-op-in-goldens-bridge/01.jpg	assets/properties/cedar-woods-unit-203-co-op-in-goldens-bridge/01.webp	assets/properties/cedar-woods-unit-203-co-op-in-goldens-bridge/01-thumb.webp	1024	768
Cedar Woods - unit 203 (co-op in Goldens Bridge)	cedar-woods-unit-203-co-op-in-goldens-bridge	02	assets/properties/cedar-woods-unit-203-co-op-in-goldens-bridge/02.jpg	assets/properties/cedar-woods-unit-203-co-op-in-goldens-bridge/02.webp	assets/properties/cedar-woods-unit-203-co-op-in-goldens-bridge/02-thumb.webp	1024	768
Cedar Woods - unit 203 (co-op in Goldens Bridge)	cedar-woods-unit-203-co-op-in-goldens-bridge	03	assets/properties/cedar-woods-unit-203-co-op-in-goldens-bridge/03.jpg	assets/properties/cedar-woods-unit-203-co-op-in-goldens-bridge/03.webp	assets/properties/cedar-woods-unit-203-co-op-in-goldens-bridge/03-thumb.webp	1024	768
Cedar Woods - unit 203 (co-op in Goldens Bridge)	cedar-woods-unit-203-co-op-in-goldens-bridge	04	assets/properties/cedar-woods-unit-203-co-op-in-goldens-bridge/04.jpg	assets/properties/cedar-woods-unit-203-co-op-in-goldens-bridge/04.webp	assets/properties/cedar-woods-unit-203-co-op-in-goldens-bridge/04-thumb.webp	1024	768
Central Drive (#219) - Briarcliff Manor	central-drive-219-briarcliff-manor	01	assets/properties/central-drive-219-briarcliff-manor/01.jpg	assets/properties/central-drive-219-briarcliff-manor/01.webp	assets/properties/central-drive-219-briarcliff-manor/01-thumb.webp	1024	681
Central Drive (#219) - Briarcliff Manor	central-drive-219-briarcliff-manor	02	assets/properties/central-drive-219-briarcliff-manor/02.jpg	assets/properties/central-drive-219-briarcliff-manor/02.webp	assets/properties/central-drive-219-briarcliff-manor/02-thumb.webp	1024	682
Central Drive (#219) - Briarcliff Manor	central-drive-219-briarcliff-manor	03	assets/properties/central-drive-219-briarcliff-manor/03.jpg	assets/properties/central-drive-219-briarcliff-manor/03.webp	assets/properties/central-drive-219-briarcliff-manor/03-thumb.webp	1024	682
Central Drive (#219) - Briarcliff Manor	central-drive-219-briarcliff-manor	04	assets/properties/central-drive-219-briarcliff-manor/04.jpg	assets/properties/central-drive-219-briarcliff-manor/04.webp	assets/properties/central-drive-219-briarcliff-manor/04-thumb.webp	1024	682
Central Drive (#219) - Briarcliff Manor	central-drive-219-briarcliff-manor	05	assets/properties/central-drive-219-briarcliff-manor/05.jpg	assets/properties/central-drive-219-briarcliff-manor/05.webp	assets/properties/central-drive-219-briarcliff-manor/05-thumb.webp	1024	682
Central Drive (#219) - Briarcliff Manor	central-drive-219-briarcliff-manor	06	assets/properties/central-drive-219-briarcliff-manor/06.jpg	assets/properties/central-drive-219-briarcliff-manor/06.webp	assets/properties/central-drive-219-briarcliff-manor/06-thumb.webp	1024	682
Central Drive (#219) - Briarcliff Manor	central-drive-219-briarcliff-manor	07	assets/properties/central-drive-219-briarcliff-manor/07.jpg	assets/properties/central-drive-219-briarcliff-manor/07.webp	assets/properties/central-drive-219-briarcliff-manor/07-thumb.webp	1024	682
Central Drive (#219) - Briarcliff Manor	central-drive-219-briarcliff-manor	08	assets/properties/central-drive-219-briarcliff-manor/08.jpg	assets/properties/central-drive-219-briarcliff-manor/08.webp	assets/properties/central-drive-219-briarcliff-manor/08-thumb.webp	1024	682
Central Drive (#219) - Briarcliff Manor	central-drive-219-briarcliff-manor	09	assets/properties/central-drive-219-briarcliff-manor/09.jpg	assets/properties/central-drive-219-briarcliff-manor/09.webp	assets/properties/central-drive-219-briarcliff-manor/09-thumb.webp	1024	682
Central Drive (#219) - Briarcliff Manor	central-drive-219-briarcliff-manor	10	assets/properties/central-drive-219-briarcliff-manor/10.jpg	assets/properties/central-drive-219-briarcliff-manor/10.webp	assets/properties/central-drive-219-briarcliff-manor/10-thumb.webp	1024	682
Central Drive (#219) - Briarcliff Manor	central-drive-219-briarcliff-manor	11	assets/properties/central-drive-219-briarcliff-manor/11.jpg	assets/properties/central-drive-219-briarcliff-manor/11.webp	assets/properties/central-drive-219-briarcliff-manor/11-thumb.webp	1024	681
Central Drive (#219) - Briarcliff Manor	central-drive-219-briarcliff-manor	12	assets/properties/central-drive-219-briarcliff-manor/12.jpg	assets/properties/central-drive-219-briarcliff-manor/12.webp	assets/properties/central-drive-219-briarcliff-manor/12-thumb.webp	1024	682
Central Drive (#219) - Briarcliff Manor	central-drive-219-briarcliff-manor	13	assets/properties/central-drive-219-briarcliff-manor/13.jpg	assets/properties/central-drive-219-briarcliff-manor/13.webp	assets/properties/central-drive-219-briarcliff-manor/13-thumb.webp	1024	682
Central Drive (#219) - Briarcliff Manor	central-drive-219-briarcliff-manor	14	assets/properties/central-drive-219-briarcliff-manor/14.jpg	assets/properties/central-drive-219-briarcliff-manor/14.webp	assets/properties/central-drive-219-briarcliff-manor/14-thumb.webp	1024	682
Central Drive (#219) - Briarcliff Manor	central-drive-219-briarcliff-manor	15	assets/properties/central-drive-219-briarcliff-manor/15.jpg	assets/properties/central-drive-219-briarcliff-manor/15.webp	assets/properties/central-drive-219-briarcliff-manor/15-thumb.webp	1024	682
Central Drive (#219) - Briarcliff Manor	central-drive-219-briarcliff-manor	16	assets/properties/central-drive-219-briarcliff-manor/16.jpg	assets/properties/central-drive-219-briarcliff-manor/16.webp	assets/properties/central-drive-219-briarcliff-manor/16-thumb.webp	1024	682
Central Drive (#219) - Briarcliff Manor	central-drive-219-briarcliff-manor	17	assets/properties/central-drive-219-briarcliff-manor/17.jpg	assets/properties/central-drive-219-briarcliff-manor/17.webp	assets/properties/central-drive-219-briarcliff-manor/17-thumb.webp	1024	682
Central Drive (#219) - Briarcliff Manor	central-drive-219-briarcliff-manor	18	assets/properties/central-drive-219-briarcliff-manor/18.jpg	assets/properties/central-drive-219-briarcliff-manor/18.webp	assets/properties/central-drive-219-briarcliff-manor/18-thumb.webp	1024	682
Central Drive (#219) - Briarcliff Manor	central-drive-219-briarcliff-manor	19	assets/properties/central-drive-219-briarcliff-manor/19.jpg	assets/properties/central-drive-219-briarcliff-manor/19.webp	assets/properties/central-drive-219-briarcliff-manor/19-thumb.webp	1024	682
Central Drive (#219) - Briarcliff Manor	central-drive-219-briarcliff-manor	20	assets/properties/central-drive-219-briarcliff-manor/20.jpg	assets/properties/central-drive-219-briarcliff-manor/20.webp	assets/properties/central-drive-219-briarcliff-manor/20-thumb.webp	1024	681
Central Drive (#219) - Briarcliff Manor	central-drive-219-briarcliff-manor	21	assets/properties/central-drive-219-briarcliff-manor/21.jpg	assets/properties/central-drive-219-briarcliff-manor/21.webp	assets/properties/central-drive-219-briarcliff-manor/21-thumb.webp	1024	682
Central Drive (#219) - Briarcliff Manor	central-drive-219-briarcliff-manor	22	assets/properties/central-drive-219-briarcliff-manor/22.jpg	assets/properties/central-drive-219-briarcliff-manor/22.webp	assets/properties/central-drive-219-briarcliff-manor/22-thumb.webp	1024	681
Central Drive (#219) - Briarcliff Manor	central-drive-219-briarcliff-manor	23	assets/properties/central-drive-219-briarcliff-manor/23.jpg	assets/properties/central-drive-219-briarcliff-manor/23.webp	assets/properties/central-drive-219-briarcliff-manor/23-thumb.webp	1024	682
Central Drive (#219) - Briarcliff Manor	central-drive-219-briarcliff-manor	24	assets/properties/central-drive-219-briarcliff-manor/24.jpg	assets/properties/central-drive-219-briarcliff-manor/24.webp	assets/properties/central-drive-219-briarcliff-manor/24-thumb.webp	1024	682
Central Drive (#219) - Briarcliff Manor	central-drive-219-briarcliff-manor	25	assets/properties/central-drive-219-briarcliff-manor/25.jpg	assets/properties/central-drive-219-briarcliff-manor/25.webp	assets/properties/central-drive-219-briarcliff-manor/25-thumb.webp	1024	682
Central Drive (#219) - Briarcliff Manor	central-drive-219-briarcliff-manor	26	assets/properties/central-drive-219-briarcliff-manor/26.jpg	assets/properties/central-drive-219-briarcliff-manor/26.webp	assets/properties/central-drive-219-briarcliff-manor/26-thumb.webp	1024	682
Central Drive (#219) - Briarcliff Manor	central-drive-219-briarcliff-manor	27	assets/properties/central-drive-219-briarcliff-manor/27.jpg	assets/properties/central-drive-219-briarcliff-manor/27.webp	assets/properties/central-drive-219-briarcliff-manor/27-thumb.webp	1024	682
Central Drive (#219) - Briarcliff Manor	central-drive-219-briarcliff-manor	28	assets/properties/central-drive-219-briarcliff-manor/28.jpg	assets/properties/central-drive-219-briarcliff-manor/28.webp	assets/properties/central-drive-219-briarcliff-manor/28-thumb.webp	1024	682
Central Drive (#219) - Briarcliff Manor	central-drive-219-briarcliff-manor	29	assets/properties/central-drive-219-briarcliff-manor/29.jpg	assets/properties/central-drive-219-briarcliff-manor/29.webp	assets/properties/central-drive-219-briarcliff-manor/29-thumb.webp	1024	682
Central Drive (#219) - Briarcliff Manor	central-drive-219-briarcliff-manor	30	assets/properties/central-drive-219-briarcliff-manor/30.jpg	assets/properties/central-drive-219-briarcliff-manor/30.webp	assets/properties/central-drive-219-briarcliff-manor/30-thumb.webp	1024	682
Central Drive (#219) - Briarcliff Manor	central-drive-219-briarcliff-manor	31	assets/properties/central-drive-219-briarcliff-manor/31.jpg	assets/properties/central-drive-219-briarcliff-manor/31.webp	assets/properties/central-drive-219-briarcliff-manor/31-thumb.webp	1024	682
Central Drive (#219) - Briarcliff Manor	central-drive-219-briarcliff-manor	32	assets/properties/central-drive-219-briarcliff-manor/32.jpg	assets/properties/central-drive-219-briarcliff-manor/32.webp	assets/properties/central-drive-219-briarcliff-manor/32-thumb.webp	1024	682
Central Drive (#219) - Briarcliff Manor	central-drive-219-briarcliff-manor	33	assets/properties/central-drive-219-briarcliff-manor/33.jpg	assets/properties/central-drive-219-briarcliff-manor/33.webp	assets/properties/central-drive-219-briarcliff-manor/33-thumb.webp	1024	682
Central Drive (#219) - Briarcliff Manor	central-drive-219-briarcliff-manor	34	assets/properties/central-drive-219-briarcliff-manor/34.jpg	assets/properties/central-drive-219-briarcliff-manor/34.webp	assets/properties/central-drive-219-briarcliff-manor/34-thumb.webp	1024	682
Central Drive (#219) - Briarcliff Manor	central-drive-219-briarcliff-manor	35	assets/properties/central-drive-219-briarcliff-manor/35.jpg	assets/properties/central-drive-219-briarcliff-manor/35.webp	assets/properties/central-drive-219-briarcliff-manor/35-thumb.webp	1024	681
Central Drive (#219) - Briarcliff Manor	central-drive-219-briarcliff-manor	36	assets/properties/central-drive-219-briarcliff-manor/36.jpg	assets/properties/central-drive-219-briarcliff-manor/36.webp	assets/properties/central-drive-219-briarcliff-manor/36-thumb.webp	1024	682
Central Drive (#219) - Briarcliff Manor	central-drive-219-briarcliff-manor	37	assets/properties/central-drive-219-briarcliff-manor/37.jpg	assets/properties/central-drive-219-briarcliff-manor/37.webp	assets/properties/central-drive-219-briarcliff-manor/37-thumb.webp	1024	682
Central Drive (#219) - Briarcliff Manor	central-drive-219-briarcliff-manor	38	assets/properties/central-drive-219-briarcliff-manor/38.jpg	assets/properties/central-drive-219-briarcliff-manor/38.webp	assets/properties/central-drive-219-briarcliff-manor/38-thumb.webp	1024	682
Central Drive (#219) - Briarcliff Manor	central-drive-219-briarcliff-manor	39	assets/properties/central-drive-219-briarcliff-manor/39.jpg	assets/properties/central-drive-219-briarcliff-manor/39.webp	assets/properties/central-drive-219-briarcliff-manor/39-thumb.webp	1024	682
Central Drive (#219) - Briarcliff Manor	central-drive-219-briarcliff-manor	40	assets/properties/central-drive-219-briarcliff-manor/40.jpg	assets/properties/central-drive-219-briarcliff-manor/40.webp	assets/properties/central-drive-219-briarcliff-manor/40-thumb.webp	1024	682
Central Drive (#219) - Briarcliff Manor	central-drive-219-briarcliff-manor	41	assets/properties/central-drive-219-briarcliff-manor/41.jpg	assets/properties/central-drive-219-briarcliff-manor/41.webp	assets/properties/central-drive-219-briarcliff-manor/41-thumb.webp	1024	682
Central Drive (#219) - Briarcliff Manor	central-drive-219-briarcliff-manor	42	assets/properties/central-drive-219-briarcliff-manor/42.jpg	assets/properties/central-drive-219-briarcliff-manor/42.webp	assets/properties/central-drive-219-briarcliff-manor/42-thumb.webp	1024	682
Central Drive (#219) - Briarcliff Manor	central-drive-219-briarcliff-manor	43	assets/properties/central-drive-219-briarcliff-manor/43.jpg	assets/properties/central-drive-219-briarcliff-manor/43.webp	assets/properties/central-drive-219-briarcliff-manor/43-thumb.webp	1024	682
Central Drive (#219) - Briarcliff Manor	central-drive-219-briarcliff-manor	44	assets/properties/central-drive-219-briarcliff-manor/44.jpg	assets/properties/central-drive-219-briarcliff-manor/44.webp	assets/properties/central-drive-219-briarcliff-manor/44-thumb.webp	1024	682
Central Drive (#219) - Briarcliff Manor	central-drive-219-briarcliff-manor	45	assets/properties/central-drive-219-briarcliff-manor/45.jpg	assets/properties/central-drive-219-briarcliff-manor/45.webp	assets/properties/central-drive-219-briarcliff-manor/45-thumb.webp	1024	681
Central Drive (#219) - Briarcliff Manor	central-drive-219-briarcliff-manor	46	assets/properties/central-drive-219-briarcliff-manor/46.jpg	assets/properties/central-drive-219-briarcliff-manor/46.webp	assets/properties/central-drive-219-briarcliff-manor/46-thumb.webp	1024	681
Central Drive (#219) - Briarcliff Manor	central-drive-219-briarcliff-manor	47	assets/properties/central-drive-219-briarcliff-manor/47.jpg	assets/properties/central-drive-219-briarcliff-manor/47.webp	assets/properties/central-drive-219-briarcliff-manor/47-thumb.webp	1024	682
Central Drive (#219) - Briarcliff Manor	central-drive-219-briarcliff-manor	48	assets/properties/central-drive-219-briarcliff-manor/48.jpg	assets/properties/central-drive-219-briarcliff-manor/48.webp	assets/properties/central-drive-219-briarcliff-manor/48-thumb.webp	1024	639
Central Drive (#219) - Briarcliff Manor	central-drive-219-briarcliff-manor	49	assets/properties/central-drive-219-briarcliff-manor/49.jpg	assets/properties/central-drive-219-briarcliff-manor/49.webp	assets/properties/central-drive-219-briarcliff-manor/49-thumb.webp	1024	639
Central Drive (#219) - Briarcliff Manor	central-drive-219-briarcliff-manor	50	assets/properties/central-drive-219-briarcliff-manor/50.jpg	assets/properties/central-drive-219-briarcliff-manor/50.webp	assets/properties/central-drive-219-briarcliff-manor/50-thumb.webp	1024	639
Central Drive (#219) - Briarcliff Manor	central-drive-219-briarcliff-manor	51	assets/properties/central-drive-219-briarcliff-manor/51.jpg	assets/properties/central-drive-219-briarcliff-manor/51.webp	assets/properties/central-drive-219-briarcliff-manor/51-thumb.webp	1024	682
Central Drive (#219) - Briarcliff Manor	central-drive-219-briarcliff-manor	52	assets/properties/central-drive-219-briarcliff-manor/52.jpg	assets/properties/central-drive-219-briarcliff-manor/52.webp	assets/properties/central-drive-219-briarcliff-manor/52-thumb.webp	1024	682
Central Drive (#219) - Briarcliff Manor	central-drive-219-briarcliff-manor	53	assets/properties/central-drive-219-briarcliff-manor/53.jpg	assets/properties/central-drive-219-briarcliff-manor/53.webp	assets/properties/central-drive-219-briarcliff-manor/53-thumb.webp	1024	682
Central Drive (#219) - Briarcliff Manor	central-drive-219-briarcliff-manor	54	assets/properties/central-drive-219-briarcliff-manor/54.jpg	assets/properties/central-drive-219-briarcliff-manor/54.webp	assets/properties/central-drive-219-briarcliff-manor/54-thumb.webp	1024	682
Central Drive (#219) - Briarcliff Manor	central-drive-219-briarcliff-manor	55	assets/properties/central-drive-219-briarcliff-manor/55.jpg	assets/properties/central-drive-219-briarcliff-manor/55.webp	assets/properties/central-drive-219-briarcliff-manor/55-thumb.webp	1024	682
Central Drive (#219) - Briarcliff Manor	central-drive-219-briarcliff-manor	56	assets/properties/central-drive-219-briarcliff-manor/56.jpg	assets/properties/central-drive-219-briarcliff-manor/56.webp	assets/properties/central-drive-219-briarcliff-manor/56-thumb.webp	1024	683
Central Drive (#219) - Briarcliff Manor	central-drive-219-briarcliff-manor	57	assets/properties/central-drive-219-briarcliff-manor/57.jpg	assets/properties/central-drive-219-briarcliff-manor/57.webp	assets/properties/central-drive-219-briarcliff-manor/57-thumb.webp	1024	682
Central Drive (#219) - Briarcliff Manor	central-drive-219-briarcliff-manor	58	assets/properties/central-drive-219-briarcliff-manor/58.jpg	assets/properties/central-drive-219-briarcliff-manor/58.webp	assets/properties/central-drive-219-briarcliff-manor/58-thumb.webp	1024	682
Central Drive (#219) - Briarcliff Manor	central-drive-219-briarcliff-manor	59	assets/properties/central-drive-219-briarcliff-manor/59.jpg	assets/properties/central-drive-219-briarcliff-manor/59.webp	assets/properties/central-drive-219-briarcliff-manor/59-thumb.webp	1024	682
Central Drive (#219) - Briarcliff Manor	central-drive-219-briarcliff-manor	60	assets/properties/central-drive-219-briarcliff-manor/60.jpg	assets/properties/central-drive-219-briarcliff-manor/60.webp	assets/properties/central-drive-219-briarcliff-manor/60-thumb.webp	1024	682
Central Drive (#219) - Briarcliff Manor	central-drive-219-briarcliff-manor	61	assets/properties/central-drive-219-briarcliff-manor/61.jpg	assets/properties/central-drive-219-briarcliff-manor/61.webp	assets/properties/central-drive-219-briarcliff-manor/61-thumb.webp	1024	681
Central Drive (#219) - Briarcliff Manor	central-drive-219-briarcliff-manor	62	assets/properties/central-drive-219-briarcliff-manor/62.jpg	assets/properties/central-drive-219-briarcliff-manor/62.webp	assets/properties/central-drive-219-briarcliff-manor/62-thumb.webp	1024	682
Central Drive (#219) - Briarcliff Manor	central-drive-219-briarcliff-manor	63	assets/properties/central-drive-219-briarcliff-manor/63.jpg	assets/properties/central-drive-219-briarcliff-manor/63.webp	assets/properties/central-drive-219-briarcliff-manor/63-thumb.webp	1024	682
Central Drive (#219) - Briarcliff Manor	central-drive-219-briarcliff-manor	64	assets/properties/central-drive-219-briarcliff-manor/64.jpg	assets/properties/central-drive-219-briarcliff-manor/64.webp	assets/properties/central-drive-219-briarcliff-manor/64-thumb.webp	1024	682
Central Drive (#219) - Briarcliff Manor	central-drive-219-briarcliff-manor	65	assets/properties/central-drive-219-briarcliff-manor/65.jpg	assets/properties/central-drive-219-briarcliff-manor/65.webp	assets/properties/central-drive-219-briarcliff-manor/65-thumb.webp	1024	682
Dogwood Lane (#1) - Pound Ridge	dogwood-lane-1-pound-ridge	01	assets/properties/dogwood-lane-1-pound-ridge/01.jpg	assets/properties/dogwood-lane-1-pound-ridge/01.webp	assets/properties/dogwood-lane-1-pound-ridge/01-thumb.webp	296	222
Dogwood Lane (#1) - Pound Ridge	dogwood-lane-1-pound-ridge	02	assets/properties/dogwood-lane-1-pound-ridge/02.jpg	assets/properties/dogwood-lane-1-pound-ridge/02.webp	assets/properties/dogwood-lane-1-pound-ridge/02-thumb.webp	296	222
Dogwood Lane (#1) - Pound Ridge	dogwood-lane-1-pound-ridge	03	assets/properties/dogwood-lane-1-pound-ridge/03.jpg	assets/properties/dogwood-lane-1-pound-ridge/03.webp	assets/properties/dogwood-lane-1-pound-ridge/03-thumb.webp	296	222
Harriet Lane (#3) - Goldens Bridge	harriet-lane-3-goldens-bridge	01	assets/properties/harriet-lane-3-goldens-bridge/01.jpg	assets/properties/harriet-lane-3-goldens-bridge/01.webp	assets/properties/harriet-lane-3-goldens-bridge/01-thumb.webp	1024	682
Harriet Lane (#3) - Goldens Bridge	harriet-lane-3-goldens-bridge	02	assets/properties/harriet-lane-3-goldens-bridge/02.jpg	assets/properties/harriet-lane-3-goldens-bridge/02.webp	assets/properties/harriet-lane-3-goldens-bridge/02-thumb.webp	1024	682
Harriet Lane (#3) - Goldens Bridge	harriet-lane-3-goldens-bridge	03	assets/properties/harriet-lane-3-goldens-bridge/03.jpg	assets/properties/harriet-lane-3-goldens-bridge/03.webp	assets/properties/harriet-lane-3-goldens-bridge/03-thumb.webp	1024	682
Harriet Lane (#3) - Goldens Bridge	harriet-lane-3-goldens-bridge	04	assets/properties/harriet-lane-3-goldens-bridge/04.jpg	assets/properties/harriet-lane-3-goldens-bridge/04.webp	assets/properties/harriet-lane-3-goldens-bridge/04-thumb.webp	1024	682
Harriet Lane (#3) - Goldens Bridge	harriet-lane-3-goldens-bridge	05	assets/properties/harriet-lane-3-goldens-bridge/05.jpg	assets/properties/harriet-lane-3-goldens-bridge/05.webp	assets/properties/harriet-lane-3-goldens-bridge/05-thumb.webp	1024	682
Harriet Lane (#3) - Goldens Bridge	harriet-lane-3-goldens-bridge	06	assets/properties/harriet-lane-3-goldens-bridge/06.jpg	assets/properties/harriet-lane-3-goldens-bridge/06.webp	assets/properties/harriet-lane-3-goldens-bridge/06-thumb.webp	1024	682
Harriet Lane (#3) - Goldens Bridge	harriet-lane-3-goldens-bridge	07	assets/properties/harriet-lane-3-goldens-bridge/07.jpg	assets/properties/harriet-lane-3-goldens-bridge/07.webp	assets/properties/harriet-lane-3-goldens-bridge/07-thumb.webp	1024	682
Harriet Lane (#3) - Goldens Bridge	harriet-lane-3-goldens-bridge	08	assets/properties/harriet-lane-3-goldens-bridge/08.jpg	assets/properties/harriet-lane-3-goldens-bridge/08.webp	assets/properties/harriet-lane-3-goldens-bridge/08-thumb.webp	1024	682
Harriet Lane (#3) - Goldens Bridge	harriet-lane-3-goldens-bridge	09	assets/properties/harriet-lane-3-goldens-bridge/09.jpg	assets/properties/harriet-lane-3-goldens-bridge/09.webp	assets/properties/harriet-lane-3-goldens-bridge/09-thumb.webp	1024	682
Harriet Lane (#3) - Goldens Bridge	harriet-lane-3-goldens-bridge	10	assets/properties/harriet-lane-3-goldens-bridge/10.jpg	assets/properties/harriet-lane-3-goldens-bridge/10.webp	assets/properties/harriet-lane-3-goldens-bridge/10-thumb.webp	1024	682
Harriet Lane (#3) - Goldens Bridge	harriet-lane-3-goldens-bridge	11	assets/properties/harriet-lane-3-goldens-bridge/11.jpg	assets/properties/harriet-lane-3-goldens-bridge/11.webp	assets/properties/harriet-lane-3-goldens-bridge/11-thumb.webp	1024	682
Harriet Lane (#3) - Goldens Bridge	harriet-lane-3-goldens-bridge	12	assets/properties/harriet-lane-3-goldens-bridge/12.jpg	assets/properties/harriet-lane-3-goldens-bridge/12.webp	assets/properties/harriet-lane-3-goldens-bridge/12-thumb.webp	1024	682
Harriet Lane (#3) - Goldens Bridge	harriet-lane-3-goldens-bridge	13	assets/properties/harriet-lane-3-goldens-bridge/13.jpg	assets/properties/harriet-lane-3-goldens-bridge/13.webp	assets/properties/harriet-lane-3-goldens-bridge/13-thumb.webp	1024	682
Harriet Lane (#3) - Goldens Bridge	harriet-lane-3-goldens-bridge	14	assets/properties/harriet-lane-3-goldens-bridge/14.jpg	assets/properties/harriet-lane-3-goldens-bridge/14.webp	assets/properties/harriet-lane-3-goldens-bridge/14-thumb.webp	1024	682
Harriet Lane (#3) - Goldens Bridge	harriet-lane-3-goldens-bridge	15	assets/properties/harriet-lane-3-goldens-bridge/15.jpg	assets/properties/harriet-lane-3-goldens-bridge/15.webp	assets/properties/harriet-lane-3-goldens-bridge/15-thumb.webp	1024	682
Harriet Lane (#3) - Goldens Bridge	harriet-lane-3-goldens-bridge	16	assets/properties/harriet-lane-3-goldens-bridge/16.jpg	assets/properties/harriet-lane-3-goldens-bridge/16.webp	assets/properties/harriet-lane-3-goldens-bridge/16-thumb.webp	1024	682
Harriet Lane (#3) - Goldens Bridge	harriet-lane-3-goldens-bridge	17	assets/properties/harriet-lane-3-goldens-bridge/17.jpg	assets/properties/harriet-lane-3-goldens-bridge/17.webp	assets/properties/harriet-lane-3-goldens-bridge/17-thumb.webp	1024	682
Harriet Lane (#3) - Goldens Bridge	harriet-lane-3-goldens-bridge	18	assets/properties/harriet-lane-3-goldens-bridge/18.jpg	assets/properties/harriet-lane-3-goldens-bridge/18.webp	assets/properties/harriet-lane-3-goldens-bridge/18-thumb.webp	1024	682
Harriet Lane (#3) - Goldens Bridge	harriet-lane-3-goldens-bridge	19	assets/properties/harriet-lane-3-goldens-bridge/19.jpg	assets/properties/harriet-lane-3-goldens-bridge/19.webp	assets/properties/harriet-lane-3-goldens-bridge/19-thumb.webp	1024	682
Harriet Lane (#3) - Goldens Bridge	harriet-lane-3-goldens-bridge	20	assets/properties/harriet-lane-3-goldens-bridge/20.jpg	assets/properties/harriet-lane-3-goldens-bridge/20.webp	assets/properties/harriet-lane-3-goldens-bridge/20-thumb.webp	1024	682
Harriet Lane (#3) - Goldens Bridge	harriet-lane-3-goldens-bridge	21	assets/properties/harriet-lane-3-goldens-bridge/21.jpg	assets/properties/harriet-lane-3-goldens-bridge/21.webp	assets/properties/harriet-lane-3-goldens-bridge/21-thumb.webp	1024	682
Harriet Lane (#3) - Goldens Bridge	harriet-lane-3-goldens-bridge	22	assets/properties/harriet-lane-3-goldens-bridge/22.jpg	assets/properties/harriet-lane-3-goldens-bridge/22.webp	assets/properties/harriet-lane-3-goldens-bridge/22-thumb.webp	1024	682
Harriet Lane (#3) - Goldens Bridge	harriet-lane-3-goldens-bridge	23	assets/properties/harriet-lane-3-goldens-bridge/23.jpg	assets/properties/harriet-lane-3-goldens-bridge/23.webp	assets/properties/harriet-lane-3-goldens-bridge/23-thumb.webp	1024	682
Harriet Lane (#3) - Goldens Bridge	harriet-lane-3-goldens-bridge	24	assets/properties/harriet-lane-3-goldens-bridge/24.jpg	assets/properties/harriet-lane-3-goldens-bridge/24.webp	assets/properties/harriet-lane-3-goldens-bridge/24-thumb.webp	1024	682
Harriet Lane (#3) - Goldens Bridge	harriet-lane-3-goldens-bridge	25	assets/properties/harriet-lane-3-goldens-bridge/25.jpg	assets/properties/harriet-lane-3-goldens-bridge/25.webp	assets/properties/harriet-lane-3-goldens-bridge/25-thumb.webp	1024	682
Harriet Lane (#3) - Goldens Bridge	harriet-lane-3-goldens-bridge	26	assets/properties/harriet-lane-3-goldens-bridge/26.jpg	assets/properties/harriet-lane-3-goldens-bridge/26.webp	assets/properties/harriet-lane-3-goldens-bridge/26-thumb.webp	1024	682
Harriet Lane (#3) - Goldens Bridge	harriet-lane-3-goldens-bridge	27	assets/properties/harriet-lane-3-goldens-bridge/27.jpg	assets/properties/harriet-lane-3-goldens-bridge/27.webp	assets/properties/harriet-lane-3-goldens-bridge/27-thumb.webp	1024	682
Harriet Lane (#3) - Goldens Bridge	harriet-lane-3-goldens-bridge	28	assets/properties/harriet-lane-3-goldens-bridge/28.jpg	assets/properties/harriet-lane-3-goldens-bridge/28.webp	assets/properties/harriet-lane-3-goldens-bridge/28-thumb.webp	1024	682
Harriet Lane (#3) - Goldens Bridge	harriet-lane-3-goldens-bridge	29	assets/properties/harriet-lane-3-goldens-bridge/29.jpg	assets/properties/harriet-lane-3-goldens-bridge/29.webp	assets/properties/harriet-lane-3-goldens-bridge/29-thumb.webp	576	768
Harriet Lane (#3) - Goldens Bridge	harriet-lane-3-goldens-bridge	30	assets/properties/harriet-lane-3-goldens-bridge/30.jpg	assets/properties/harriet-lane-3-goldens-bridge/30.webp	assets/properties/harriet-lane-3-goldens-bridge/30-thumb.webp	1024	682
Harriet Lane (#3) - Goldens Bridge	harriet-lane-3-goldens-bridge	31	assets/properties/harriet-lane-3-goldens-bridge/31.jpg	assets/properties/harriet-lane-3-goldens-bridge/31.webp	assets/properties/harriet-lane-3-goldens-bridge/31-thumb.webp	1024	682
Harriet Lane (#3) - Goldens Bridge	harriet-lane-3-goldens-bridge	32	assets/properties/harriet-lane-3-goldens-bridge/32.jpg	assets/properties/harriet-lane-3-goldens-bridge/32.webp	assets/properties/harriet-lane-3-goldens-bridge/32-thumb.webp	1024	682
Harriet Lane (#3) - Goldens Bridge	harriet-lane-3-goldens-bridge	33	assets/properties/harriet-lane-3-goldens-bridge/33.jpg	assets/properties/harriet-lane-3-goldens-bridge/33.webp	assets/properties/harriet-lane-3-goldens-bridge/33-thumb.webp	1024	682
Harriet Lane (#3) - Goldens Bridge	harriet-lane-3-goldens-bridge	34	assets/properties/harriet-lane-3-goldens-bridge/34.jpg	assets/properties/harriet-lane-3-goldens-bridge/34.webp	assets/properties/harriet-lane-3-goldens-bridge/34-thumb.webp	1024	682
Harriet Lane (#3) - Goldens Bridge	harriet-lane-3-goldens-bridge	35	assets/properties/harriet-lane-3-goldens-bridge/35.jpg	assets/properties/harriet-lane-3-goldens-bridge/35.webp	assets/properties/harriet-lane-3-goldens-bridge/35-thumb.webp	1024	682
Henker Farm Lane (#1) - Armonk	henker-farm-lane-1-armonk	01	assets/properties/henker-farm-lane-1-armonk/01.jpg	assets/properties/henker-farm-lane-1-armonk/01.webp	assets/properties/henker-farm-lane-1-armonk/01-thumb.webp	1024	680
Henker Farm Lane (#1) - Armonk	henker-farm-lane-1-armonk	02	assets/properties/henker-farm-lane-1-armonk/02.jpg	assets/properties/henker-farm-lane-1-armonk/02.webp	assets/properties/henker-farm-lane-1-armonk/02-thumb.webp	1024	680
Henker Farm Lane (#1) - Armonk	henker-farm-lane-1-armonk	03	assets/properties/henker-farm-lane-1-armonk/03.jpg	assets/properties/henker-farm-lane-1-armonk/03.webp	assets/properties/henker-farm-lane-1-armonk/03-thumb.webp	1024	680
Henker Farm Lane (#1) - Armonk	henker-farm-lane-1-armonk	04	assets/properties/henker-farm-lane-1-armonk/04.jpg	assets/properties/henker-farm-lane-1-armonk/04.webp	assets/properties/henker-farm-lane-1-armonk/04-thumb.webp	1024	680
Henker Farm Lane (#1) - Armonk	henker-farm-lane-1-armonk	05	assets/properties/henker-farm-lane-1-armonk/05.jpg	assets/properties/henker-farm-lane-1-armonk/05.webp	assets/properties/henker-farm-lane-1-armonk/05-thumb.webp	1024	680
Henker Farm Lane (#1) - Armonk	henker-farm-lane-1-armonk	06	assets/properties/henker-farm-lane-1-armonk/06.jpg	assets/properties/henker-farm-lane-1-armonk/06.webp	assets/properties/henker-farm-lane-1-armonk/06-thumb.webp	1024	680
Henker Farm Lane (#1) - Armonk	henker-farm-lane-1-armonk	07	assets/properties/henker-farm-lane-1-armonk/07.jpg	assets/properties/henker-farm-lane-1-armonk/07.webp	assets/properties/henker-farm-lane-1-armonk/07-thumb.webp	1024	680
Henker Farm Lane (#1) - Armonk	henker-farm-lane-1-armonk	08	assets/properties/henker-farm-lane-1-armonk/08.jpg	assets/properties/henker-farm-lane-1-armonk/08.webp	assets/properties/henker-farm-lane-1-armonk/08-thumb.webp	1024	680
Henker Farm Lane (#1) - Armonk	henker-farm-lane-1-armonk	09	assets/properties/henker-farm-lane-1-armonk/09.jpg	assets/properties/henker-farm-lane-1-armonk/09.webp	assets/properties/henker-farm-lane-1-armonk/09-thumb.webp	1024	680
Henker Farm Lane (#1) - Armonk	henker-farm-lane-1-armonk	10	assets/properties/henker-farm-lane-1-armonk/10.jpg	assets/properties/henker-farm-lane-1-armonk/10.webp	assets/properties/henker-farm-lane-1-armonk/10-thumb.webp	1024	680
Henker Farm Lane (#1) - Armonk	henker-farm-lane-1-armonk	11	assets/properties/henker-farm-lane-1-armonk/11.jpg	assets/properties/henker-farm-lane-1-armonk/11.webp	assets/properties/henker-farm-lane-1-armonk/11-thumb.webp	1024	680
Henker Farm Lane (#1) - Armonk	henker-farm-lane-1-armonk	12	assets/properties/henker-farm-lane-1-armonk/12.jpg	assets/properties/henker-farm-lane-1-armonk/12.webp	assets/properties/henker-farm-lane-1-armonk/12-thumb.webp	1024	680
Henker Farm Lane (#1) - Armonk	henker-farm-lane-1-armonk	13	assets/properties/henker-farm-lane-1-armonk/13.jpg	assets/properties/henker-farm-lane-1-armonk/13.webp	assets/properties/henker-farm-lane-1-armonk/13-thumb.webp	1024	680
Henker Farm Lane (#1) - Armonk	henker-farm-lane-1-armonk	14	assets/properties/henker-farm-lane-1-armonk/14.jpg	assets/properties/henker-farm-lane-1-armonk/14.webp	assets/properties/henker-farm-lane-1-armonk/14-thumb.webp	1024	764
Henker Farm Lane (#1) - Armonk	henker-farm-lane-1-armonk	15	assets/properties/henker-farm-lane-1-armonk/15.jpg	assets/properties/henker-farm-lane-1-armonk/15.webp	assets/properties/henker-farm-lane-1-armonk/15-thumb.webp	1024	764
Henker Farm Lane (#1) - Armonk	henker-farm-lane-1-armonk	16	assets/properties/henker-farm-lane-1-armonk/16.jpg	assets/properties/henker-farm-lane-1-armonk/16.webp	assets/properties/henker-farm-lane-1-armonk/16-thumb.webp	1024	768
Henker Farm Lane (#1) - Armonk	henker-farm-lane-1-armonk	17	assets/properties/henker-farm-lane-1-armonk/17.jpg	assets/properties/henker-farm-lane-1-armonk/17.webp	assets/properties/henker-farm-lane-1-armonk/17-thumb.webp	1024	768
Henker Farm Lane (#1) - Armonk	henker-farm-lane-1-armonk	18	assets/properties/henker-farm-lane-1-armonk/18.jpg	assets/properties/henker-farm-lane-1-armonk/18.webp	assets/properties/henker-farm-lane-1-armonk/18-thumb.webp	1024	768
Henker Farm Lane (#1) - Armonk	henker-farm-lane-1-armonk	19	assets/properties/henker-farm-lane-1-armonk/19.jpg	assets/properties/henker-farm-lane-1-armonk/19.webp	assets/properties/henker-farm-lane-1-armonk/19-thumb.webp	1024	764
Henker Farm Lane (#1) - Armonk	henker-farm-lane-1-armonk	20	assets/properties/henker-farm-lane-1-armonk/20.jpg	assets/properties/henker-farm-lane-1-armonk/20.webp	assets/properties/henker-farm-lane-1-armonk/20-thumb.webp	1024	764
Henker Farm Lane (#1) - Armonk	henker-farm-lane-1-armonk	21	assets/properties/henker-farm-lane-1-armonk/21.jpg	assets/properties/henker-farm-lane-1-armonk/21.webp	assets/properties/henker-farm-lane-1-armonk/21-thumb.webp	1024	764
Henker Farm Lane (#1) - Armonk	henker-farm-lane-1-armonk	22	assets/properties/henker-farm-lane-1-armonk/22.jpg	assets/properties/henker-farm-lane-1-armonk/22.webp	assets/properties/henker-farm-lane-1-armonk/22-thumb.webp	1024	764
Henker Farm Lane (#1) - Armonk	henker-farm-lane-1-armonk	23	assets/properties/henker-farm-lane-1-armonk/23.jpg	assets/properties/henker-farm-lane-1-armonk/23.webp	assets/properties/henker-farm-lane-1-armonk/23-thumb.webp	1024	764
Henker Farm Lane (#1) - Armonk	henker-farm-lane-1-armonk	24	assets/properties/henker-farm-lane-1-armonk/24.jpg	assets/properties/henker-farm-lane-1-armonk/24.webp	assets/properties/henker-farm-lane-1-armonk/24-thumb.webp	1024	680
Henker Farm Lane (#1) - Armonk	henker-farm-lane-1-armonk	25	assets/properties/henker-farm-lane-1-armonk/25.jpg	assets/properties/henker-farm-lane-1-armonk/25.webp	assets/properties/henker-farm-lane-1-armonk/25-thumb.webp	1024	680
Henker Farm Lane (#1) - Armonk	henker-farm-lane-1-armonk	26	assets/properties/henker-farm-lane-1-armonk/26.jpg	assets/properties/henker-farm-lane-1-armonk/26.webp	assets/properties/henker-farm-lane-1-armonk/26-thumb.webp	1024	680
Henker Farm Lane (#2) - Armonk	henker-farm-lane-2-armonk	01	assets/properties/henker-farm-lane-2-armonk/01.jpg	assets/properties/henker-farm-lane-2-armonk/01.webp	assets/properties/henker-farm-lane-2-armonk/01-thumb.webp	1024	682
Henker Farm Lane (#2) - Armonk	henker-farm-lane-2-armonk	02	assets/properties/henker-farm-lane-2-armonk/02.jpg	assets/properties/henker-farm-lane-2-armonk/02.webp	assets/properties/henker-farm-lane-2-armonk/02-thumb.webp	1024	681
Henker Farm Lane (#2) - Armonk	henker-farm-lane-2-armonk	03	assets/properties/henker-farm-lane-2-armonk/03.jpg	assets/properties/henker-farm-lane-2-armonk/03.webp	assets/properties/henker-farm-lane-2-armonk/03-thumb.webp	1024	681
Henker Farm Lane (#2) - Armonk	henker-farm-lane-2-armonk	04	assets/properties/henker-farm-lane-2-armonk/04.jpg	assets/properties/henker-farm-lane-2-armonk/04.webp	assets/properties/henker-farm-lane-2-armonk/04-thumb.webp	1024	682
Henker Farm Lane (#2) - Armonk	henker-farm-lane-2-armonk	05	assets/properties/henker-farm-lane-2-armonk/05.jpg	assets/properties/henker-farm-lane-2-armonk/05.webp	assets/properties/henker-farm-lane-2-armonk/05-thumb.webp	1024	681
Henker Farm Lane (#2) - Armonk	henker-farm-lane-2-armonk	06	assets/properties/henker-farm-lane-2-armonk/06.jpg	assets/properties/henker-farm-lane-2-armonk/06.webp	assets/properties/henker-farm-lane-2-armonk/06-thumb.webp	1024	682
Henker Farm Lane (#2) - Armonk	henker-farm-lane-2-armonk	07	assets/properties/henker-farm-lane-2-armonk/07.jpg	assets/properties/henker-farm-lane-2-armonk/07.webp	assets/properties/henker-farm-lane-2-armonk/07-thumb.webp	1024	682
Henker Farm Lane (#2) - Armonk	henker-farm-lane-2-armonk	08	assets/properties/henker-farm-lane-2-armonk/08.jpg	assets/properties/henker-farm-lane-2-armonk/08.webp	assets/properties/henker-farm-lane-2-armonk/08-thumb.webp	1024	682
Henker Farm Lane (#2) - Armonk	henker-farm-lane-2-armonk	09	assets/properties/henker-farm-lane-2-armonk/09.jpg	assets/properties/henker-farm-lane-2-armonk/09.webp	assets/properties/henker-farm-lane-2-armonk/09-thumb.webp	1024	682
Henker Farm Lane (#2) - Armonk	henker-farm-lane-2-armonk	10	assets/properties/henker-farm-lane-2-armonk/10.jpg	assets/properties/henker-farm-lane-2-armonk/10.webp	assets/properties/henker-farm-lane-2-armonk/10-thumb.webp	1024	682
Henker Farm Lane (#2) - Armonk	henker-farm-lane-2-armonk	11	assets/properties/henker-farm-lane-2-armonk/11.jpg	assets/properties/henker-farm-lane-2-armonk/11.webp	assets/properties/henker-farm-lane-2-armonk/11-thumb.webp	1024	682
Henker Farm Lane (#2) - Armonk	henker-farm-lane-2-armonk	12	assets/properties/henker-farm-lane-2-armonk/12.jpg	assets/properties/henker-farm-lane-2-armonk/12.webp	assets/properties/henker-farm-lane-2-armonk/12-thumb.webp	1024	682
Henker Farm Lane (#2) - Armonk	henker-farm-lane-2-armonk	13	assets/properties/henker-farm-lane-2-armonk/13.jpg	assets/properties/henker-farm-lane-2-armonk/13.webp	assets/properties/henker-farm-lane-2-armonk/13-thumb.webp	1024	682
Henker Farm Lane (#2) - Armonk	henker-farm-lane-2-armonk	14	assets/properties/henker-farm-lane-2-armonk/14.jpg	assets/properties/henker-farm-lane-2-armonk/14.webp	assets/properties/henker-farm-lane-2-armonk/14-thumb.webp	1024	682
Henker Farm Lane (#2) - Armonk	henker-farm-lane-2-armonk	15	assets/properties/henker-farm-lane-2-armonk/15.jpg	assets/properties/henker-farm-lane-2-armonk/15.webp	assets/properties/henker-farm-lane-2-armonk/15-thumb.webp	1024	681
Henker Farm Lane (#2) - Armonk	henker-farm-lane-2-armonk	16	assets/properties/henker-farm-lane-2-armonk/16.jpg	assets/properties/henker-farm-lane-2-armonk/16.webp	assets/properties/henker-farm-lane-2-armonk/16-thumb.webp	1024	682
Henker Farm Lane (#2) - Armonk	henker-farm-lane-2-armonk	17	assets/properties/henker-farm-lane-2-armonk/17.jpg	assets/properties/henker-farm-lane-2-armonk/17.webp	assets/properties/henker-farm-lane-2-armonk/17-thumb.webp	1024	681
Henker Farm Lane (#2) - Armonk	henker-farm-lane-2-armonk	18	assets/properties/henker-farm-lane-2-armonk/18.jpg	assets/properties/henker-farm-lane-2-armonk/18.webp	assets/properties/henker-farm-lane-2-armonk/18-thumb.webp	1024	681
Henker Farm Lane (#2) - Armonk	henker-farm-lane-2-armonk	19	assets/properties/henker-farm-lane-2-armonk/19.jpg	assets/properties/henker-farm-lane-2-armonk/19.webp	assets/properties/henker-farm-lane-2-armonk/19-thumb.webp	1024	682
Henker Farm Lane (#2) - Armonk	henker-farm-lane-2-armonk	20	assets/properties/henker-farm-lane-2-armonk/20.jpg	assets/properties/henker-farm-lane-2-armonk/20.webp	assets/properties/henker-farm-lane-2-armonk/20-thumb.webp	1024	682
Henker Farm Lane (#2) - Armonk	henker-farm-lane-2-armonk	21	assets/properties/henker-farm-lane-2-armonk/21.jpg	assets/properties/henker-farm-lane-2-armonk/21.webp	assets/properties/henker-farm-lane-2-armonk/21-thumb.webp	1024	682
Henker Farm Lane (#2) - Armonk	henker-farm-lane-2-armonk	22	assets/properties/henker-farm-lane-2-armonk/22.jpg	assets/properties/henker-farm-lane-2-armonk/22.webp	assets/properties/henker-farm-lane-2-armonk/22-thumb.webp	1024	682
Henker Farm Lane (#2) - Armonk	henker-farm-lane-2-armonk	23	assets/properties/henker-farm-lane-2-armonk/23.jpg	assets/properties/henker-farm-lane-2-armonk/23.webp	assets/properties/henker-farm-lane-2-armonk/23-thumb.webp	1024	682
Henker Farm Lane (#2) - Armonk	henker-farm-lane-2-armonk	24	assets/properties/henker-farm-lane-2-armonk/24.jpg	assets/properties/henker-farm-lane-2-armonk/24.webp	assets/properties/henker-farm-lane-2-armonk/24-thumb.webp	1024	682
Henker Farm Lane (#2) - Armonk	henker-farm-lane-2-armonk	25	assets/properties/henker-farm-lane-2-armonk/25.jpg	assets/properties/henker-farm-lane-2-armonk/25.webp	assets/properties/henker-farm-lane-2-armonk/25-thumb.webp	1024	682
Henker Farm Lane (#2) - Armonk	henker-farm-lane-2-armonk	26	assets/properties/henker-farm-lane-2-armonk/26.jpg	assets/properties/henker-farm-lane-2-armonk/26.webp	assets/properties/henker-farm-lane-2-armonk/26-thumb.webp	1024	682
Henker Farm Lane (#2) - Armonk	henker-farm-lane-2-armonk	27	assets/properties/henker-farm-lane-2-armonk/27.jpg	assets/properties/henker-farm-lane-2-armonk/27.webp	assets/properties/henker-farm-lane-2-armonk/27-thumb.webp	1024	682
Henker Farm Lane (#2) - Armonk	henker-farm-lane-2-armonk	28	assets/properties/henker-farm-lane-2-armonk/28.jpg	assets/properties/henker-farm-lane-2-armonk/28.webp	assets/properties/henker-farm-lane-2-armonk/28-thumb.webp	1024	682
Henker Farm Lane (#2) - Armonk	henker-farm-lane-2-armonk	29	assets/properties/henker-farm-lane-2-armonk/29.jpg	assets/properties/henker-farm-lane-2-armonk/29.webp	assets/properties/henker-farm-lane-2-armonk/29-thumb.webp	1024	682
Henker Farm Lane (#2) - Armonk	henker-farm-lane-2-armonk	30	assets/properties/henker-farm-lane-2-armonk/30.jpg	assets/properties/henker-farm-lane-2-armonk/30.webp	assets/properties/henker-farm-lane-2-armonk/30-thumb.webp	1024	681
Henker Farm Lane (#2) - Armonk	henker-farm-lane-2-armonk	31	assets/properties/henker-farm-lane-2-armonk/31.jpg	assets/properties/henker-farm-lane-2-armonk/31.webp	assets/properties/henker-farm-lane-2-armonk/31-thumb.webp	1024	682
Henker Farm Lane (#2) - Armonk	henker-farm-lane-2-armonk	32	assets/properties/henker-farm-lane-2-armonk/32.jpg	assets/properties/henker-farm-lane-2-armonk/32.webp	assets/properties/henker-farm-lane-2-armonk/32-thumb.webp	1024	681
Henker Farm Lane (#2) - Armonk	henker-farm-lane-2-armonk	33	assets/properties/henker-farm-lane-2-armonk/33.jpg	assets/properties/henker-farm-lane-2-armonk/33.webp	assets/properties/henker-farm-lane-2-armonk/33-thumb.webp	1024	682
Henker Farm Lane (#2) - Armonk	henker-farm-lane-2-armonk	34	assets/properties/henker-farm-lane-2-armonk/34.jpg	assets/properties/henker-farm-lane-2-armonk/34.webp	assets/properties/henker-farm-lane-2-armonk/34-thumb.webp	1024	681
Henker Farm Lane (#2) - Armonk	henker-farm-lane-2-armonk	35	assets/properties/henker-farm-lane-2-armonk/35.jpg	assets/properties/henker-farm-lane-2-armonk/35.webp	assets/properties/henker-farm-lane-2-armonk/35-thumb.webp	1024	682
Henker Farm Lane (#2) - Armonk	henker-farm-lane-2-armonk	36	assets/properties/henker-farm-lane-2-armonk/36.jpg	assets/properties/henker-farm-lane-2-armonk/36.webp	assets/properties/henker-farm-lane-2-armonk/36-thumb.webp	1024	682
Kings Grant Way (#3) - Waccabuc	kings-grant-way-3-waccabuc	01	assets/properties/kings-grant-way-3-waccabuc/01.jpg	assets/properties/kings-grant-way-3-waccabuc/01.webp	assets/properties/kings-grant-way-3-waccabuc/01-thumb.webp	767	511
Kings Grant Way (#3) - Waccabuc	kings-grant-way-3-waccabuc	02	assets/properties/kings-grant-way-3-waccabuc/02.jpg	assets/properties/kings-grant-way-3-waccabuc/02.webp	assets/properties/kings-grant-way-3-waccabuc/02-thumb.webp	767	511
Kings Grant Way (#3) - Waccabuc	kings-grant-way-3-waccabuc	03	assets/properties/kings-grant-way-3-waccabuc/03.jpg	assets/properties/kings-grant-way-3-waccabuc/03.webp	assets/properties/kings-grant-way-3-waccabuc/03-thumb.webp	767	511
Kings Grant Way (#3) - Waccabuc	kings-grant-way-3-waccabuc	04	assets/properties/kings-grant-way-3-waccabuc/04.jpg	assets/properties/kings-grant-way-3-waccabuc/04.webp	assets/properties/kings-grant-way-3-waccabuc/04-thumb.webp	767	511
Kings Grant Way (#3) - Waccabuc	kings-grant-way-3-waccabuc	05	assets/properties/kings-grant-way-3-waccabuc/05.jpg	assets/properties/kings-grant-way-3-waccabuc/05.webp	assets/properties/kings-grant-way-3-waccabuc/05-thumb.webp	767	511
Kings Grant Way (#3) - Waccabuc	kings-grant-way-3-waccabuc	06	assets/properties/kings-grant-way-3-waccabuc/06.jpg	assets/properties/kings-grant-way-3-waccabuc/06.webp	assets/properties/kings-grant-way-3-waccabuc/06-thumb.webp	767	511
Kings Grant Way (#3) - Waccabuc	kings-grant-way-3-waccabuc	07	assets/properties/kings-grant-way-3-waccabuc/07.jpg	assets/properties/kings-grant-way-3-waccabuc/07.webp	assets/properties/kings-grant-way-3-waccabuc/07-thumb.webp	1024	768
Kings Grant Way (#3) - Waccabuc	kings-grant-way-3-waccabuc	08	assets/properties/kings-grant-way-3-waccabuc/08.jpg	assets/properties/kings-grant-way-3-waccabuc/08.webp	assets/properties/kings-grant-way-3-waccabuc/08-thumb.webp	1024	683
Kings Grant Way (#3) - Waccabuc	kings-grant-way-3-waccabuc	09	assets/properties/kings-grant-way-3-waccabuc/09.jpg	assets/properties/kings-grant-way-3-waccabuc/09.webp	assets/properties/kings-grant-way-3-waccabuc/09-thumb.webp	767	511
Kings Grant Way (#3) - Waccabuc	kings-grant-way-3-waccabuc	10	assets/properties/kings-grant-way-3-waccabuc/10.jpg	assets/properties/kings-grant-way-3-waccabuc/10.webp	assets/properties/kings-grant-way-3-waccabuc/10-thumb.webp	1024	683
Kings Grant Way (#3) - Waccabuc	kings-grant-way-3-waccabuc	11	assets/properties/kings-grant-way-3-waccabuc/11.jpg	assets/properties/kings-grant-way-3-waccabuc/11.webp	assets/properties/kings-grant-way-3-waccabuc/11-thumb.webp	1024	683
Kings Grant Way (#3) - Waccabuc	kings-grant-way-3-waccabuc	12	assets/properties/kings-grant-way-3-waccabuc/12.jpg	assets/properties/kings-grant-way-3-waccabuc/12.webp	assets/properties/kings-grant-way-3-waccabuc/12-thumb.webp	1024	683
Kings Grant Way (#3) - Waccabuc	kings-grant-way-3-waccabuc	13	assets/properties/kings-grant-way-3-waccabuc/13.jpg	assets/properties/kings-grant-way-3-waccabuc/13.webp	assets/properties/kings-grant-way-3-waccabuc/13-thumb.webp	1024	683
Kings Grant Way (#3) - Waccabuc	kings-grant-way-3-waccabuc	14	assets/properties/kings-grant-way-3-waccabuc/14.jpg	assets/properties/kings-grant-way-3-waccabuc/14.webp	assets/properties/kings-grant-way-3-waccabuc/14-thumb.webp	1024	683
Kings Grant Way (#3) - Waccabuc	kings-grant-way-3-waccabuc	15	assets/properties/kings-grant-way-3-waccabuc/15.jpg	assets/properties/kings-grant-way-3-waccabuc/15.webp	assets/properties/kings-grant-way-3-waccabuc/15-thumb.webp	1024	683
Kings Grant Way (#3) - Waccabuc	kings-grant-way-3-waccabuc	16	assets/properties/kings-grant-way-3-waccabuc/16.jpg	assets/properties/kings-grant-way-3-waccabuc/16.webp	assets/properties/kings-grant-way-3-waccabuc/16-thumb.webp	1024	683
Kings Grant Way (#3) - Waccabuc	kings-grant-way-3-waccabuc	17	assets/properties/kings-grant-way-3-waccabuc/17.jpg	assets/properties/kings-grant-way-3-waccabuc/17.webp	assets/properties/kings-grant-way-3-waccabuc/17-thumb.webp	1024	683
Kings Grant Way (#3) - Waccabuc	kings-grant-way-3-waccabuc	18	assets/properties/kings-grant-way-3-waccabuc/18.jpg	assets/properties/kings-grant-way-3-waccabuc/18.webp	assets/properties/kings-grant-way-3-waccabuc/18-thumb.webp	1024	683
Kings Grant Way (#3) - Waccabuc	kings-grant-way-3-waccabuc	19	assets/properties/kings-grant-way-3-waccabuc/19.jpg	assets/properties/kings-grant-way-3-waccabuc/19.webp	assets/properties/kings-grant-way-3-waccabuc/19-thumb.webp	1024	683
Kings Grant Way (#3) - Waccabuc	kings-grant-way-3-waccabuc	20	assets/properties/kings-grant-way-3-waccabuc/20.jpg	assets/properties/kings-grant-way-3-waccabuc/20.webp	assets/properties/kings-grant-way-3-waccabuc/20-thumb.webp	767	511
Kings Grant Way (#3) - Waccabuc	kings-grant-way-3-waccabuc	21	assets/properties/kings-grant-way-3-waccabuc/21.jpg	assets/properties/kings-grant-way-3-waccabuc/21.webp	assets/properties/kings-grant-way-3-waccabuc/21-thumb.webp	1024	683
Kings Grant Way (#3) - Waccabuc	kings-grant-way-3-waccabuc	22	assets/properties/kings-grant-way-3-waccabuc/22.jpg	assets/properties/kings-grant-way-3-waccabuc/22.webp	assets/properties/kings-grant-way-3-waccabuc/22-thumb.webp	1024	683
Kings Grant Way (#3) - Waccabuc	kings-grant-way-3-waccabuc	23	assets/properties/kings-grant-way-3-waccabuc/23.jpg	assets/properties/kings-grant-way-3-waccabuc/23.webp	assets/properties/kings-grant-way-3-waccabuc/23-thumb.webp	1024	683
Kings Grant Way (#3) - Waccabuc	kings-grant-way-3-waccabuc	24	assets/properties/kings-grant-way-3-waccabuc/24.jpg	assets/properties/kings-grant-way-3-waccabuc/24.webp	assets/properties/kings-grant-way-3-waccabuc/24-thumb.webp	1024	683
Kings Grant Way (#3) - Waccabuc	kings-grant-way-3-waccabuc	25	assets/properties/kings-grant-way-3-waccabuc/25.jpg	assets/properties/kings-grant-way-3-waccabuc/25.webp	assets/properties/kings-grant-way-3-waccabuc/25-thumb.webp	1024	683
Kings Grant Way (#3) - Waccabuc	kings-grant-way-3-waccabuc	26	assets/properties/kings-grant-way-3-waccabuc/26.jpg	assets/properties/kings-grant-way-3-waccabuc/26.webp	assets/properties/kings-grant-way-3-waccabuc/26-thumb.webp	1024	683
Kings Grant Way (#3) - Waccabuc	kings-grant-way-3-waccabuc	27	assets/properties/kings-grant-way-3-waccabuc/27.jpg	assets/properties/kings-grant-way-3-waccabuc/27.webp	assets/properties/kings-grant-way-3-waccabuc/27-thumb.webp	1024	683
Kings Grant Way (#3) - Waccabuc	kings-grant-way-3-waccabuc	28	assets/properties/kings-grant-way-3-waccabuc/28.jpg	assets/properties/kings-grant-way-3-waccabuc/28.webp	assets/properties/kings-grant-way-3-waccabuc/28-thumb.webp	1024	683
Kings Grant Way (#3) - Waccabuc	kings-grant-way-3-waccabuc	29	assets/properties/kings-grant-way-3-waccabuc/29.jpg	assets/properties/kings-grant-way-3-waccabuc/29.webp	assets/properties/kings-grant-way-3-waccabuc/29-thumb.webp	767	511
Kings Grant Way (#3) - Waccabuc	kings-grant-way-3-waccabuc	30	assets/properties/kings-grant-way-3-waccabuc/30.jpg	assets/properties/kings-grant-way-3-waccabuc/30.webp	assets/properties/kings-grant-way-3-waccabuc/30-thumb.webp	767	511
Kings Grant Way (#3) - Waccabuc	kings-grant-way-3-waccabuc	31	assets/properties/kings-grant-way-3-waccabuc/31.jpg	assets/properties/kings-grant-way-3-waccabuc/31.webp	assets/properties/kings-grant-way-3-waccabuc/31-thumb.webp	767	511
Kings Grant Way (#3) - Waccabuc	kings-grant-way-3-waccabuc	32	assets/properties/kings-grant-way-3-waccabuc/32.jpg	assets/properties/kings-grant-way-3-waccabuc/32.webp	assets/properties/kings-grant-way-3-waccabuc/32-thumb.webp	767	511
Kings Grant Way (#3) - Waccabuc	kings-grant-way-3-waccabuc	33	assets/properties/kings-grant-way-3-waccabuc/33.jpg	assets/properties/kings-grant-way-3-waccabuc/33.webp	assets/properties/kings-grant-way-3-waccabuc/33-thumb.webp	767	511
Kings Grant Way (#3) - Waccabuc	kings-grant-way-3-waccabuc	34	assets/properties/kings-grant-way-3-waccabuc/34.jpg	assets/properties/kings-grant-way-3-waccabuc/34.webp	assets/properties/kings-grant-way-3-waccabuc/34-thumb.webp	767	511
Kings Grant Way (#3) - Waccabuc	kings-grant-way-3-waccabuc	35	assets/properties/kings-grant-way-3-waccabuc/35.jpg	assets/properties/kings-grant-way-3-waccabuc/35.webp	assets/properties/kings-grant-way-3-waccabuc/35-thumb.webp	767	511
Kings Grant Way (#3) - Waccabuc	kings-grant-way-3-waccabuc	36	assets/properties/kings-grant-way-3-waccabuc/36.jpg	assets/properties/kings-grant-way-3-waccabuc/36.webp	assets/properties/kings-grant-way-3-waccabuc/36-thumb.webp	767	511
Kings Grant Way (#3) - Waccabuc	kings-grant-way-3-waccabuc	37	assets/properties/kings-grant-way-3-waccabuc/37.jpg	assets/properties/kings-grant-way-3-waccabuc/37.webp	assets/properties/kings-grant-way-3-waccabuc/37-thumb.webp	767	511
Laurie Lane (#13) - South Salem	laurie-lane-13-south-salem	01	assets/properties/laurie-lane-13-south-salem/01.jpg	assets/properties/laurie-lane-13-south-salem/01.webp	assets/properties/laurie-lane-13-south-salem/01-thumb.webp	296	222
Laurie Lane (#13) - South Salem	laurie-lane-13-south-salem	02	assets/properties/laurie-lane-13-south-salem/02.jpg	assets/properties/laurie-lane-13-south-salem/02.webp	assets/properties/laurie-lane-13-south-salem/02-thumb.webp	296	197
Laurie Lane (#13) - South Salem	laurie-lane-13-south-salem	03	assets/properties/laurie-lane-13-south-salem/03.jpg	assets/properties/laurie-lane-13-south-salem/03.webp	assets/properties/laurie-lane-13-south-salem/03-thumb.webp	296	197
Laurie Lane (#13) - South Salem	laurie-lane-13-south-salem	04	assets/properties/laurie-lane-13-south-salem/04.jpg	assets/properties/laurie-lane-13-south-salem/04.webp	assets/properties/laurie-lane-13-south-salem/04-thumb.webp	296	197
Laurie Lane (#13) - South Salem	laurie-lane-13-south-salem	05	assets/properties/laurie-lane-13-south-salem/05.jpg	assets/properties/laurie-lane-13-south-salem/05.webp	assets/properties/laurie-lane-13-south-salem/05-thumb.webp	296	197
Laurie Lane (#13) - South Salem	laurie-lane-13-south-salem	06	assets/properties/laurie-lane-13-south-salem/06.jpg	assets/properties/laurie-lane-13-south-salem/06.webp	assets/properties/laurie-lane-13-south-salem/06-thumb.webp	296	197
Laurie Lane (#13) - South Salem	laurie-lane-13-south-salem	07	assets/properties/laurie-lane-13-south-salem/07.jpg	assets/properties/laurie-lane-13-south-salem/07.webp	assets/properties/laurie-lane-13-south-salem/07-thumb.webp	296	198
Laurie Lane (#13) - South Salem	laurie-lane-13-south-salem	08	assets/properties/laurie-lane-13-south-salem/08.jpg	assets/properties/laurie-lane-13-south-salem/08.webp	assets/properties/laurie-lane-13-south-salem/08-thumb.webp	296	197
Laurie Lane (#13) - South Salem	laurie-lane-13-south-salem	09	assets/properties/laurie-lane-13-south-salem/09.jpg	assets/properties/laurie-lane-13-south-salem/09.webp	assets/properties/laurie-lane-13-south-salem/09-thumb.webp	296	197
Laurie Lane (#13) - South Salem	laurie-lane-13-south-salem	10	assets/properties/laurie-lane-13-south-salem/10.jpg	assets/properties/laurie-lane-13-south-salem/10.webp	assets/properties/laurie-lane-13-south-salem/10-thumb.webp	296	197
Laurie Lane (#13) - South Salem	laurie-lane-13-south-salem	11	assets/properties/laurie-lane-13-south-salem/11.jpg	assets/properties/laurie-lane-13-south-salem/11.webp	assets/properties/laurie-lane-13-south-salem/11-thumb.webp	296	197
Laurie Lane (#13) - South Salem	laurie-lane-13-south-salem	12	assets/properties/laurie-lane-13-south-salem/12.jpg	assets/properties/laurie-lane-13-south-salem/12.webp	assets/properties/laurie-lane-13-south-salem/12-thumb.webp	296	197
Laurie Lane (#13) - South Salem	laurie-lane-13-south-salem	13	assets/properties/laurie-lane-13-south-salem/13.jpg	assets/properties/laurie-lane-13-south-salem/13.webp	assets/properties/laurie-lane-13-south-salem/13-thumb.webp	296	197
Laurie Lane (#13) - South Salem	laurie-lane-13-south-salem	14	assets/properties/laurie-lane-13-south-salem/14.jpg	assets/properties/laurie-lane-13-south-salem/14.webp	assets/properties/laurie-lane-13-south-salem/14-thumb.webp	296	197
Laurie Lane (#13) - South Salem	laurie-lane-13-south-salem	15	assets/properties/laurie-lane-13-south-salem/15.jpg	assets/properties/laurie-lane-13-south-salem/15.webp	assets/properties/laurie-lane-13-south-salem/15-thumb.webp	296	196
Laurie Lane (#13) - South Salem	laurie-lane-13-south-salem	16	assets/properties/laurie-lane-13-south-salem/16.jpg	assets/properties/laurie-lane-13-south-salem/16.webp	assets/properties/laurie-lane-13-south-salem/16-thumb.webp	296	197
Laurie Lane (#13) - South Salem	laurie-lane-13-south-salem	17	assets/properties/laurie-lane-13-south-salem/17.jpg	assets/properties/laurie-lane-13-south-salem/17.webp	assets/properties/laurie-lane-13-south-salem/17-thumb.webp	296	197
Laurie Lane (#13) - South Salem	laurie-lane-13-south-salem	18	assets/properties/laurie-lane-13-south-salem/18.jpg	assets/properties/laurie-lane-13-south-salem/18.webp	assets/properties/laurie-lane-13-south-salem/18-thumb.webp	296	197
Laurie Lane (#13) - South Salem	laurie-lane-13-south-salem	19	assets/properties/laurie-lane-13-south-salem/19.jpg	assets/properties/laurie-lane-13-south-salem/19.webp	assets/properties/laurie-lane-13-south-salem/19-thumb.webp	296	197
Laurie Lane (#13) - South Salem	laurie-lane-13-south-salem	20	assets/properties/laurie-lane-13-south-salem/20.jpg	assets/properties/laurie-lane-13-south-salem/20.webp	assets/properties/laurie-lane-13-south-salem/20-thumb.webp	296	197
Laurie Lane (#13) - South Salem	laurie-lane-13-south-salem	21	assets/properties/laurie-lane-13-south-salem/21.jpg	assets/properties/laurie-lane-13-south-salem/21.webp	assets/properties/laurie-lane-13-south-salem/21-thumb.webp	296	197
Laurie Lane (#13) - South Salem	laurie-lane-13-south-salem	22	assets/properties/laurie-lane-13-south-salem/22.jpg	assets/properties/laurie-lane-13-south-salem/22.webp	assets/properties/laurie-lane-13-south-salem/22-thumb.webp	296	197
Laurie Lane (#13) - South Salem	laurie-lane-13-south-salem	23	assets/properties/laurie-lane-13-south-salem/23.jpg	assets/properties/laurie-lane-13-south-salem/23.webp	assets/properties/laurie-lane-13-south-salem/23-thumb.webp	296	197
Laurie Lane (#13) - South Salem	laurie-lane-13-south-salem	24	assets/properties/laurie-lane-13-south-salem/24.jpg	assets/properties/laurie-lane-13-south-salem/24.webp	assets/properties/laurie-lane-13-south-salem/24-thumb.webp	296	197
Laurie Lane (#13) - South Salem	laurie-lane-13-south-salem	25	assets/properties/laurie-lane-13-south-salem/25.jpg	assets/properties/laurie-lane-13-south-salem/25.webp	assets/properties/laurie-lane-13-south-salem/25-thumb.webp	296	197
Laurie Lane (#13) - South Salem	laurie-lane-13-south-salem	26	assets/properties/laurie-lane-13-south-salem/26.jpg	assets/properties/laurie-lane-13-south-salem/26.webp	assets/properties/laurie-lane-13-south-salem/26-thumb.webp	296	197
Laurie Lane (#13) - South Salem	laurie-lane-13-south-salem	27	assets/properties/laurie-lane-13-south-salem/27.jpg	assets/properties/laurie-lane-13-south-salem/27.webp	assets/properties/laurie-lane-13-south-salem/27-thumb.webp	296	197
Laurie Lane (#13) - South Salem	laurie-lane-13-south-salem	28	assets/properties/laurie-lane-13-south-salem/28.jpg	assets/properties/laurie-lane-13-south-salem/28.webp	assets/properties/laurie-lane-13-south-salem/28-thumb.webp	296	197
Laurie Lane (#13) - South Salem	laurie-lane-13-south-salem	29	assets/properties/laurie-lane-13-south-salem/29.jpg	assets/properties/laurie-lane-13-south-salem/29.webp	assets/properties/laurie-lane-13-south-salem/29-thumb.webp	296	197
Laurie Lane (#13) - South Salem	laurie-lane-13-south-salem	30	assets/properties/laurie-lane-13-south-salem/30.jpg	assets/properties/laurie-lane-13-south-salem/30.webp	assets/properties/laurie-lane-13-south-salem/30-thumb.webp	296	222
Laurie Lane (#13) - South Salem	laurie-lane-13-south-salem	31	assets/properties/laurie-lane-13-south-salem/31.jpg	assets/properties/laurie-lane-13-south-salem/31.webp	assets/properties/laurie-lane-13-south-salem/31-thumb.webp	296	197
Laurie Lane (#13) - South Salem	laurie-lane-13-south-salem	32	assets/properties/laurie-lane-13-south-salem/32.jpg	assets/properties/laurie-lane-13-south-salem/32.webp	assets/properties/laurie-lane-13-south-salem/32-thumb.webp	296	197
Laurie Lane (#13) - South Salem	laurie-lane-13-south-salem	33	assets/properties/laurie-lane-13-south-salem/33.jpg	assets/properties/laurie-lane-13-south-salem/33.webp	assets/properties/laurie-lane-13-south-salem/33-thumb.webp	296	222
Laurie Lane (#13) - South Salem	laurie-lane-13-south-salem	34	assets/properties/laurie-lane-13-south-salem/34.jpg	assets/properties/laurie-lane-13-south-salem/34.webp	assets/properties/laurie-lane-13-south-salem/34-thumb.webp	295	222
Laurie Lane (#13) - South Salem	laurie-lane-13-south-salem	35	assets/properties/laurie-lane-13-south-salem/35.jpg	assets/properties/laurie-lane-13-south-salem/35.webp	assets/properties/laurie-lane-13-south-salem/35-thumb.webp	295	222
Laurie Lane (#13) - South Salem	laurie-lane-13-south-salem	36	assets/properties/laurie-lane-13-south-salem/36.jpg	assets/properties/laurie-lane-13-south-salem/36.webp	assets/properties/laurie-lane-13-south-salem/36-thumb.webp	295	222
Ledgewood Lane (#11) - South Salem	ledgewood-lane-11-south-salem	01	assets/properties/ledgewood-lane-11-south-salem/01.jpg	assets/properties/ledgewood-lane-11-south-salem/01.webp	assets/properties/ledgewood-lane-11-south-salem/01-thumb.webp	1600	1200
Ledgewood Lane (#11) - South Salem	ledgewood-lane-11-south-salem	02	assets/properties/ledgewood-lane-11-south-salem/02.jpg	assets/properties/ledgewood-lane-11-south-salem/02.webp	assets/properties/ledgewood-lane-11-south-salem/02-thumb.webp	1600	1200
Ledgewood Lane (#11) - South Salem	ledgewood-lane-11-south-salem	03	assets/properties/ledgewood-lane-11-south-salem/03.jpg	assets/properties/ledgewood-lane-11-south-salem/03.webp	assets/properties/ledgewood-lane-11-south-salem/03-thumb.webp	1600	1200
Ledgewood Lane (#11) - South Salem	ledgewood-lane-11-south-salem	04	assets/properties/ledgewood-lane-11-south-salem/04.jpg	assets/properties/ledgewood-lane-11-south-salem/04.webp	assets/properties/ledgewood-lane-11-south-salem/04-thumb.webp	1600	1200
Ledgewood Lane (#11) - South Salem	ledgewood-lane-11-south-salem	05	assets/properties/ledgewood-lane-11-south-salem/05.jpg	assets/properties/ledgewood-lane-11-south-salem/05.webp	assets/properties/ledgewood-lane-11-south-salem/05-thumb.webp	1600	1200
Ledgewood Lane (#11) - South Salem	ledgewood-lane-11-south-salem	06	assets/properties/ledgewood-lane-11-south-salem/06.jpg	assets/properties/ledgewood-lane-11-south-salem/06.webp	assets/properties/ledgewood-lane-11-south-salem/06-thumb.webp	1600	1200
Ledgewood Lane (#11) - South Salem	ledgewood-lane-11-south-salem	07	assets/properties/ledgewood-lane-11-south-salem/07.jpg	assets/properties/ledgewood-lane-11-south-salem/07.webp	assets/properties/ledgewood-lane-11-south-salem/07-thumb.webp	1600	1200
Ledgewood Lane (#11) - South Salem	ledgewood-lane-11-south-salem	08	assets/properties/ledgewood-lane-11-south-salem/08.jpg	assets/properties/ledgewood-lane-11-south-salem/08.webp	assets/properties/ledgewood-lane-11-south-salem/08-thumb.webp	1600	1200
Ledgewood Lane (#11) - South Salem	ledgewood-lane-11-south-salem	09	assets/properties/ledgewood-lane-11-south-salem/09.jpg	assets/properties/ledgewood-lane-11-south-salem/09.webp	assets/properties/ledgewood-lane-11-south-salem/09-thumb.webp	1600	1200
Ledgewood Lane (#11) - South Salem	ledgewood-lane-11-south-salem	10	assets/properties/ledgewood-lane-11-south-salem/10.jpg	assets/properties/ledgewood-lane-11-south-salem/10.webp	assets/properties/ledgewood-lane-11-south-salem/10-thumb.webp	1600	1200
London Rd (#11) - Pound Ridge	london-rd-11-pound-ridge	01	assets/properties/london-rd-11-pound-ridge/01.jpg	assets/properties/london-rd-11-pound-ridge/01.webp	assets/properties/london-rd-11-pound-ridge/01-thumb.webp	399	268
London Rd (#11) - Pound Ridge	london-rd-11-pound-ridge	02	assets/properties/london-rd-11-pound-ridge/02.jpg	assets/properties/london-rd-11-pound-ridge/02.webp	assets/properties/london-rd-11-pound-ridge/02-thumb.webp	399	268
London Rd (#11) - Pound Ridge	london-rd-11-pound-ridge	03	assets/properties/london-rd-11-pound-ridge/03.jpg	assets/properties/london-rd-11-pound-ridge/03.webp	assets/properties/london-rd-11-pound-ridge/03-thumb.webp	399	268
London Rd (#11) - Pound Ridge	london-rd-11-pound-ridge	04	assets/properties/london-rd-11-pound-ridge/04.jpg	assets/properties/london-rd-11-pound-ridge/04.webp	assets/properties/london-rd-11-pound-ridge/04-thumb.webp	399	268
London Rd (#11) - Pound Ridge	london-rd-11-pound-ridge	05	assets/properties/london-rd-11-pound-ridge/05.jpg	assets/properties/london-rd-11-pound-ridge/05.webp	assets/properties/london-rd-11-pound-ridge/05-thumb.webp	399	268
London Rd (#11) - Pound Ridge	london-rd-11-pound-ridge	06	assets/properties/london-rd-11-pound-ridge/06.jpg	assets/properties/london-rd-11-pound-ridge/06.webp	assets/properties/london-rd-11-pound-ridge/06-thumb.webp	399	268
London Rd (#11) - Pound Ridge	london-rd-11-pound-ridge	07	assets/properties/london-rd-11-pound-ridge/07.jpg	assets/properties/london-rd-11-pound-ridge/07.webp	assets/properties/london-rd-11-pound-ridge/07-thumb.webp	399	268
London Rd (#11) - Pound Ridge	london-rd-11-pound-ridge	08	assets/properties/london-rd-11-pound-ridge/08.jpg	assets/properties/london-rd-11-pound-ridge/08.webp	assets/properties/london-rd-11-pound-ridge/08-thumb.webp	399	268
London Rd (#11) - Pound Ridge	london-rd-11-pound-ridge	09	assets/properties/london-rd-11-pound-ridge/09.jpg	assets/properties/london-rd-11-pound-ridge/09.webp	assets/properties/london-rd-11-pound-ridge/09-thumb.webp	399	268
London Rd (#11) - Pound Ridge	london-rd-11-pound-ridge	10	assets/properties/london-rd-11-pound-ridge/10.jpg	assets/properties/london-rd-11-pound-ridge/10.webp	assets/properties/london-rd-11-pound-ridge/10-thumb.webp	399	268
London Rd (#11) - Pound Ridge	london-rd-11-pound-ridge	11	assets/properties/london-rd-11-pound-ridge/11.jpg	assets/properties/london-rd-11-pound-ridge/11.webp	assets/properties/london-rd-11-pound-ridge/11-thumb.webp	399	268
London Rd (#11) - Pound Ridge	london-rd-11-pound-ridge	12	assets/properties/london-rd-11-pound-ridge/12.jpg	assets/properties/london-rd-11-pound-ridge/12.webp	assets/properties/london-rd-11-pound-ridge/12-thumb.webp	399	268
London Rd (#11) - Pound Ridge	london-rd-11-pound-ridge	13	assets/properties/london-rd-11-pound-ridge/13.jpg	assets/properties/london-rd-11-pound-ridge/13.webp	assets/properties/london-rd-11-pound-ridge/13-thumb.webp	399	268
London Rd (#11) - Pound Ridge	london-rd-11-pound-ridge	14	assets/properties/london-rd-11-pound-ridge/14.jpg	assets/properties/london-rd-11-pound-ridge/14.webp	assets/properties/london-rd-11-pound-ridge/14-thumb.webp	399	268
London Rd (#11) - Pound Ridge	london-rd-11-pound-ridge	15	assets/properties/london-rd-11-pound-ridge/15.jpg	assets/properties/london-rd-11-pound-ridge/15.webp	assets/properties/london-rd-11-pound-ridge/15-thumb.webp	399	268
Main St (#171) - South Salem - 1981	main-st-171-south-salem-1981	01	assets/properties/main-st-171-south-salem-1981/01.jpg	assets/properties/main-st-171-south-salem-1981/01.webp	assets/properties/main-st-171-south-salem-1981/01-thumb.webp	1024	682
Main St (#171) - South Salem - 1981	main-st-171-south-salem-1981	02	assets/properties/main-st-171-south-salem-1981/02.jpg	assets/properties/main-st-171-south-salem-1981/02.webp	assets/properties/main-st-171-south-salem-1981/02-thumb.webp	1024	682
Main St (#171) - South Salem - 1981	main-st-171-south-salem-1981	03	assets/properties/main-st-171-south-salem-1981/03.jpg	assets/properties/main-st-171-south-salem-1981/03.webp	assets/properties/main-st-171-south-salem-1981/03-thumb.webp	1024	682
Main St (#171) - South Salem - 1981	main-st-171-south-salem-1981	04	assets/properties/main-st-171-south-salem-1981/04.jpg	assets/properties/main-st-171-south-salem-1981/04.webp	assets/properties/main-st-171-south-salem-1981/04-thumb.webp	1024	682
Main St (#171) - South Salem - 1981	main-st-171-south-salem-1981	05	assets/properties/main-st-171-south-salem-1981/05.jpg	assets/properties/main-st-171-south-salem-1981/05.webp	assets/properties/main-st-171-south-salem-1981/05-thumb.webp	1024	682
Main St (#171) - South Salem - 1981	main-st-171-south-salem-1981	06	assets/properties/main-st-171-south-salem-1981/06.jpg	assets/properties/main-st-171-south-salem-1981/06.webp	assets/properties/main-st-171-south-salem-1981/06-thumb.webp	1024	682
Main St (#171) - South Salem - 1981	main-st-171-south-salem-1981	07	assets/properties/main-st-171-south-salem-1981/07.jpg	assets/properties/main-st-171-south-salem-1981/07.webp	assets/properties/main-st-171-south-salem-1981/07-thumb.webp	1024	682
Main St (#171) - South Salem - 1981	main-st-171-south-salem-1981	08	assets/properties/main-st-171-south-salem-1981/08.jpg	assets/properties/main-st-171-south-salem-1981/08.webp	assets/properties/main-st-171-south-salem-1981/08-thumb.webp	1024	682
Main St (#171) - South Salem - 1981	main-st-171-south-salem-1981	09	assets/properties/main-st-171-south-salem-1981/09.jpg	assets/properties/main-st-171-south-salem-1981/09.webp	assets/properties/main-st-171-south-salem-1981/09-thumb.webp	1024	682
Main St (#171) - South Salem - 1981	main-st-171-south-salem-1981	10	assets/properties/main-st-171-south-salem-1981/10.jpg	assets/properties/main-st-171-south-salem-1981/10.webp	assets/properties/main-st-171-south-salem-1981/10-thumb.webp	1024	682
Main St (#171) - South Salem - 1981	main-st-171-south-salem-1981	11	assets/properties/main-st-171-south-salem-1981/11.jpg	assets/properties/main-st-171-south-salem-1981/11.webp	assets/properties/main-st-171-south-salem-1981/11-thumb.webp	1024	682
Main St (#171) - South Salem - 1981	main-st-171-south-salem-1981	12	assets/properties/main-st-171-south-salem-1981/12.jpg	assets/properties/main-st-171-south-salem-1981/12.webp	assets/properties/main-st-171-south-salem-1981/12-thumb.webp	1024	682
Main St (#171) - South Salem - 1981	main-st-171-south-salem-1981	13	assets/properties/main-st-171-south-salem-1981/13.jpg	assets/properties/main-st-171-south-salem-1981/13.webp	assets/properties/main-st-171-south-salem-1981/13-thumb.webp	1024	682
Main St (#171) - South Salem - 1981	main-st-171-south-salem-1981	14	assets/properties/main-st-171-south-salem-1981/14.jpg	assets/properties/main-st-171-south-salem-1981/14.webp	assets/properties/main-st-171-south-salem-1981/14-thumb.webp	1024	682
Main St (#171) - South Salem - 1981	main-st-171-south-salem-1981	15	assets/properties/main-st-171-south-salem-1981/15.jpg	assets/properties/main-st-171-south-salem-1981/15.webp	assets/properties/main-st-171-south-salem-1981/15-thumb.webp	1024	682
Main St (#171) - South Salem - 1981	main-st-171-south-salem-1981	16	assets/properties/main-st-171-south-salem-1981/16.jpg	assets/properties/main-st-171-south-salem-1981/16.webp	assets/properties/main-st-171-south-salem-1981/16-thumb.webp	1024	682
Main St (#171) - South Salem - 1981	main-st-171-south-salem-1981	17	assets/properties/main-st-171-south-salem-1981/17.jpg	assets/properties/main-st-171-south-salem-1981/17.webp	assets/properties/main-st-171-south-salem-1981/17-thumb.webp	1024	682
Main St (#171) - South Salem - 1981	main-st-171-south-salem-1981	18	assets/properties/main-st-171-south-salem-1981/18.jpg	assets/properties/main-st-171-south-salem-1981/18.webp	assets/properties/main-st-171-south-salem-1981/18-thumb.webp	1024	682
Main St (#171) - South Salem - 1981	main-st-171-south-salem-1981	19	assets/properties/main-st-171-south-salem-1981/19.jpg	assets/properties/main-st-171-south-salem-1981/19.webp	assets/properties/main-st-171-south-salem-1981/19-thumb.webp	1024	682
Main St (#171) - South Salem - 1981	main-st-171-south-salem-1981	20	assets/properties/main-st-171-south-salem-1981/20.jpg	assets/properties/main-st-171-south-salem-1981/20.webp	assets/properties/main-st-171-south-salem-1981/20-thumb.webp	1024	682
Main St (#171) - South Salem - 1981	main-st-171-south-salem-1981	21	assets/properties/main-st-171-south-salem-1981/21.jpg	assets/properties/main-st-171-south-salem-1981/21.webp	assets/properties/main-st-171-south-salem-1981/21-thumb.webp	1024	681
Main St (#171) - South Salem - 1981	main-st-171-south-salem-1981	22	assets/properties/main-st-171-south-salem-1981/22.jpg	assets/properties/main-st-171-south-salem-1981/22.webp	assets/properties/main-st-171-south-salem-1981/22-thumb.webp	1024	681
Main St (#171) - South Salem - 1981	main-st-171-south-salem-1981	23	assets/properties/main-st-171-south-salem-1981/23.jpg	assets/properties/main-st-171-south-salem-1981/23.webp	assets/properties/main-st-171-south-salem-1981/23-thumb.webp	1024	681
Main St (#171) - South Salem - 1981	main-st-171-south-salem-1981	24	assets/properties/main-st-171-south-salem-1981/24.jpg	assets/properties/main-st-171-south-salem-1981/24.webp	assets/properties/main-st-171-south-salem-1981/24-thumb.webp	1024	681
Main St (#171) - South Salem - 1981	main-st-171-south-salem-1981	25	assets/properties/main-st-171-south-salem-1981/25.jpg	assets/properties/main-st-171-south-salem-1981/25.webp	assets/properties/main-st-171-south-salem-1981/25-thumb.webp	1024	682
Main St (#171) - South Salem - 1981	main-st-171-south-salem-1981	26	assets/properties/main-st-171-south-salem-1981/26.jpg	assets/properties/main-st-171-south-salem-1981/26.webp	assets/properties/main-st-171-south-salem-1981/26-thumb.webp	1024	682
Main St (#171) - South Salem - 1981	main-st-171-south-salem-1981	27	assets/properties/main-st-171-south-salem-1981/27.jpg	assets/properties/main-st-171-south-salem-1981/27.webp	assets/properties/main-st-171-south-salem-1981/27-thumb.webp	1024	682
Main St (#183) - South Salem	main-st-183-south-salem	01	assets/properties/main-st-183-south-salem/01.jpg	assets/properties/main-st-183-south-salem/01.webp	assets/properties/main-st-183-south-salem/01-thumb.webp	296	222
Main St (#183) - South Salem	main-st-183-south-salem	02	assets/properties/main-st-183-south-salem/02.jpg	assets/properties/main-st-183-south-salem/02.webp	assets/properties/main-st-183-south-salem/02-thumb.webp	296	222
Main St (#183) - South Salem	main-st-183-south-salem	03	assets/properties/main-st-183-south-salem/03.jpg	assets/properties/main-st-183-south-salem/03.webp	assets/properties/main-st-183-south-salem/03-thumb.webp	296	222
Main St (#183) - South Salem	main-st-183-south-salem	04	assets/properties/main-st-183-south-salem/04.jpg	assets/properties/main-st-183-south-salem/04.webp	assets/properties/main-st-183-south-salem/04-thumb.webp	296	222
Main St (#183) - South Salem	main-st-183-south-salem	05	assets/properties/main-st-183-south-salem/05.jpg	assets/properties/main-st-183-south-salem/05.webp	assets/properties/main-st-183-south-salem/05-thumb.webp	296	222
Main St (#183) - South Salem	main-st-183-south-salem	06	assets/properties/main-st-183-south-salem/06.jpg	assets/properties/main-st-183-south-salem/06.webp	assets/properties/main-st-183-south-salem/06-thumb.webp	296	222
Main St (#183) - South Salem	main-st-183-south-salem	07	assets/properties/main-st-183-south-salem/07.jpg	assets/properties/main-st-183-south-salem/07.webp	assets/properties/main-st-183-south-salem/07-thumb.webp	296	222
Main St (#183) - South Salem	main-st-183-south-salem	08	assets/properties/main-st-183-south-salem/08.jpg	assets/properties/main-st-183-south-salem/08.webp	assets/properties/main-st-183-south-salem/08-thumb.webp	296	222
Main St (#183) - South Salem	main-st-183-south-salem	09	assets/properties/main-st-183-south-salem/09.jpg	assets/properties/main-st-183-south-salem/09.webp	assets/properties/main-st-183-south-salem/09-thumb.webp	296	222
Main St (#183) - South Salem	main-st-183-south-salem	10	assets/properties/main-st-183-south-salem/10.jpg	assets/properties/main-st-183-south-salem/10.webp	assets/properties/main-st-183-south-salem/10-thumb.webp	296	222
Main St (#183) - South Salem	main-st-183-south-salem	11	assets/properties/main-st-183-south-salem/11.jpg	assets/properties/main-st-183-south-salem/11.webp	assets/properties/main-st-183-south-salem/11-thumb.webp	296	222
Main St (#183) - South Salem	main-st-183-south-salem	12	assets/properties/main-st-183-south-salem/12.jpg	assets/properties/main-st-183-south-salem/12.webp	assets/properties/main-st-183-south-salem/12-thumb.webp	296	222
Main St (#183) - South Salem	main-st-183-south-salem	13	assets/properties/main-st-183-south-salem/13.jpg	assets/properties/main-st-183-south-salem/13.webp	assets/properties/main-st-183-south-salem/13-thumb.webp	296	222
Main St (#183) - South Salem	main-st-183-south-salem	14	assets/properties/main-st-183-south-salem/14.jpg	assets/properties/main-st-183-south-salem/14.webp	assets/properties/main-st-183-south-salem/14-thumb.webp	296	222
Main St (#183) - South Salem	main-st-183-south-salem	15	assets/properties/main-st-183-south-salem/15.jpg	assets/properties/main-st-183-south-salem/15.webp	assets/properties/main-st-183-south-salem/15-thumb.webp	296	222
Main St (#183) - South Salem	main-st-183-south-salem	16	assets/properties/main-st-183-south-salem/16.jpg	assets/properties/main-st-183-south-salem/16.webp	assets/properties/main-st-183-south-salem/16-thumb.webp	296	222
Main St (#183) - South Salem	main-st-183-south-salem	17	assets/properties/main-st-183-south-salem/17.jpg	assets/properties/main-st-183-south-salem/17.webp	assets/properties/main-st-183-south-salem/17-thumb.webp	296	222
Main St (#183) - South Salem	main-st-183-south-salem	18	assets/properties/main-st-183-south-salem/18.jpg	assets/properties/main-st-183-south-salem/18.webp	assets/properties/main-st-183-south-salem/18-thumb.webp	296	222
Major Tallmadge Lane (#23) - Pound Ridge	major-tallmadge-lane-23-pound-ridge	01	assets/properties/major-tallmadge-lane-23-pound-ridge/01.jpg	assets/properties/major-tallmadge-lane-23-pound-ridge/01.webp	assets/properties/major-tallmadge-lane-23-pound-ridge/01-thumb.webp	549	366
Major Tallmadge Lane (#23) - Pound Ridge	major-tallmadge-lane-23-pound-ridge	02	assets/properties/major-tallmadge-lane-23-pound-ridge/02.jpg	assets/properties/major-tallmadge-lane-23-pound-ridge/02.webp	assets/properties/major-tallmadge-lane-23-pound-ridge/02-thumb.webp	549	366
Major Tallmadge Lane (#23) - Pound Ridge	major-tallmadge-lane-23-pound-ridge	03	assets/properties/major-tallmadge-lane-23-pound-ridge/03.jpg	assets/properties/major-tallmadge-lane-23-pound-ridge/03.webp	assets/properties/major-tallmadge-lane-23-pound-ridge/03-thumb.webp	548	366
Major Tallmadge Lane (#23) - Pound Ridge	major-tallmadge-lane-23-pound-ridge	04	assets/properties/major-tallmadge-lane-23-pound-ridge/04.jpg	assets/properties/major-tallmadge-lane-23-pound-ridge/04.webp	assets/properties/major-tallmadge-lane-23-pound-ridge/04-thumb.webp	549	366
Major Tallmadge Lane (#23) - Pound Ridge	major-tallmadge-lane-23-pound-ridge	05	assets/properties/major-tallmadge-lane-23-pound-ridge/05.jpg	assets/properties/major-tallmadge-lane-23-pound-ridge/05.webp	assets/properties/major-tallmadge-lane-23-pound-ridge/05-thumb.webp	549	366
Major Tallmadge Lane (#23) - Pound Ridge	major-tallmadge-lane-23-pound-ridge	06	assets/properties/major-tallmadge-lane-23-pound-ridge/06.jpg	assets/properties/major-tallmadge-lane-23-pound-ridge/06.webp	assets/properties/major-tallmadge-lane-23-pound-ridge/06-thumb.webp	549	366
Major Tallmadge Lane (#23) - Pound Ridge	major-tallmadge-lane-23-pound-ridge	07	assets/properties/major-tallmadge-lane-23-pound-ridge/07.jpg	assets/properties/major-tallmadge-lane-23-pound-ridge/07.webp	assets/properties/major-tallmadge-lane-23-pound-ridge/07-thumb.webp	549	366
Major Tallmadge Lane (#23) - Pound Ridge	major-tallmadge-lane-23-pound-ridge	08	assets/properties/major-tallmadge-lane-23-pound-ridge/08.jpg	assets/properties/major-tallmadge-lane-23-pound-ridge/08.webp	assets/properties/major-tallmadge-lane-23-pound-ridge/08-thumb.webp	549	366
Major Tallmadge Lane (#23) - Pound Ridge	major-tallmadge-lane-23-pound-ridge	09	assets/properties/major-tallmadge-lane-23-pound-ridge/09.jpg	assets/properties/major-tallmadge-lane-23-pound-ridge/09.webp	assets/properties/major-tallmadge-lane-23-pound-ridge/09-thumb.webp	549	366
Major Tallmadge Lane (#23) - Pound Ridge	major-tallmadge-lane-23-pound-ridge	10	assets/properties/major-tallmadge-lane-23-pound-ridge/10.jpg	assets/properties/major-tallmadge-lane-23-pound-ridge/10.webp	assets/properties/major-tallmadge-lane-23-pound-ridge/10-thumb.webp	549	366
Major Tallmadge Lane (#23) - Pound Ridge	major-tallmadge-lane-23-pound-ridge	11	assets/properties/major-tallmadge-lane-23-pound-ridge/11.jpg	assets/properties/major-tallmadge-lane-23-pound-ridge/11.webp	assets/properties/major-tallmadge-lane-23-pound-ridge/11-thumb.webp	549	366
Major Tallmadge Lane (#23) - Pound Ridge	major-tallmadge-lane-23-pound-ridge	12	assets/properties/major-tallmadge-lane-23-pound-ridge/12.jpg	assets/properties/major-tallmadge-lane-23-pound-ridge/12.webp	assets/properties/major-tallmadge-lane-23-pound-ridge/12-thumb.webp	549	366
Major Tallmadge Lane (#23) - Pound Ridge	major-tallmadge-lane-23-pound-ridge	13	assets/properties/major-tallmadge-lane-23-pound-ridge/13.jpg	assets/properties/major-tallmadge-lane-23-pound-ridge/13.webp	assets/properties/major-tallmadge-lane-23-pound-ridge/13-thumb.webp	549	366
Major Tallmadge Lane (#23) - Pound Ridge	major-tallmadge-lane-23-pound-ridge	14	assets/properties/major-tallmadge-lane-23-pound-ridge/14.jpg	assets/properties/major-tallmadge-lane-23-pound-ridge/14.webp	assets/properties/major-tallmadge-lane-23-pound-ridge/14-thumb.webp	549	366
Major Tallmadge Lane (#23) - Pound Ridge	major-tallmadge-lane-23-pound-ridge	15	assets/properties/major-tallmadge-lane-23-pound-ridge/15.jpg	assets/properties/major-tallmadge-lane-23-pound-ridge/15.webp	assets/properties/major-tallmadge-lane-23-pound-ridge/15-thumb.webp	549	366
Major Tallmadge Lane (#23) - Pound Ridge	major-tallmadge-lane-23-pound-ridge	16	assets/properties/major-tallmadge-lane-23-pound-ridge/16.jpg	assets/properties/major-tallmadge-lane-23-pound-ridge/16.webp	assets/properties/major-tallmadge-lane-23-pound-ridge/16-thumb.webp	548	366
Major Tallmadge Lane (#23) - Pound Ridge	major-tallmadge-lane-23-pound-ridge	17	assets/properties/major-tallmadge-lane-23-pound-ridge/17.jpg	assets/properties/major-tallmadge-lane-23-pound-ridge/17.webp	assets/properties/major-tallmadge-lane-23-pound-ridge/17-thumb.webp	549	366
Major Tallmadge Lane (#23) - Pound Ridge	major-tallmadge-lane-23-pound-ridge	18	assets/properties/major-tallmadge-lane-23-pound-ridge/18.jpg	assets/properties/major-tallmadge-lane-23-pound-ridge/18.webp	assets/properties/major-tallmadge-lane-23-pound-ridge/18-thumb.webp	768	510
Major Tallmadge Lane (#23) - Pound Ridge	major-tallmadge-lane-23-pound-ridge	19	assets/properties/major-tallmadge-lane-23-pound-ridge/19.jpg	assets/properties/major-tallmadge-lane-23-pound-ridge/19.webp	assets/properties/major-tallmadge-lane-23-pound-ridge/19-thumb.webp	549	366
Major Tallmadge Lane (#23) - Pound Ridge	major-tallmadge-lane-23-pound-ridge	20	assets/properties/major-tallmadge-lane-23-pound-ridge/20.jpg	assets/properties/major-tallmadge-lane-23-pound-ridge/20.webp	assets/properties/major-tallmadge-lane-23-pound-ridge/20-thumb.webp	549	366
Major Tallmadge Lane (#23) - Pound Ridge	major-tallmadge-lane-23-pound-ridge	21	assets/properties/major-tallmadge-lane-23-pound-ridge/21.jpg	assets/properties/major-tallmadge-lane-23-pound-ridge/21.webp	assets/properties/major-tallmadge-lane-23-pound-ridge/21-thumb.webp	549	366
Major Tallmadge Lane (#23) - Pound Ridge	major-tallmadge-lane-23-pound-ridge	22	assets/properties/major-tallmadge-lane-23-pound-ridge/22.jpg	assets/properties/major-tallmadge-lane-23-pound-ridge/22.webp	assets/properties/major-tallmadge-lane-23-pound-ridge/22-thumb.webp	549	366
Meadows - 42 Winterberry Circle	meadows-42-winterberry-circle	01	assets/properties/meadows-42-winterberry-circle/01.jpg	assets/properties/meadows-42-winterberry-circle/01.webp	assets/properties/meadows-42-winterberry-circle/01-thumb.webp	768	1024
Meadows - 42 Winterberry Circle	meadows-42-winterberry-circle	02	assets/properties/meadows-42-winterberry-circle/02.jpg	assets/properties/meadows-42-winterberry-circle/02.webp	assets/properties/meadows-42-winterberry-circle/02-thumb.webp	1024	768
Meadows - 42 Winterberry Circle	meadows-42-winterberry-circle	03	assets/properties/meadows-42-winterberry-circle/03.jpg	assets/properties/meadows-42-winterberry-circle/03.webp	assets/properties/meadows-42-winterberry-circle/03-thumb.webp	768	1024
Meadows - 42 Winterberry Circle	meadows-42-winterberry-circle	04	assets/properties/meadows-42-winterberry-circle/04.jpg	assets/properties/meadows-42-winterberry-circle/04.webp	assets/properties/meadows-42-winterberry-circle/04-thumb.webp	768	1024
Meadows - 42 Winterberry Circle	meadows-42-winterberry-circle	05	assets/properties/meadows-42-winterberry-circle/05.jpg	assets/properties/meadows-42-winterberry-circle/05.webp	assets/properties/meadows-42-winterberry-circle/05-thumb.webp	1024	768
Meadows - 42 Winterberry Circle	meadows-42-winterberry-circle	06	assets/properties/meadows-42-winterberry-circle/06.jpg	assets/properties/meadows-42-winterberry-circle/06.webp	assets/properties/meadows-42-winterberry-circle/06-thumb.webp	1024	768
Meadows - 42 Winterberry Circle	meadows-42-winterberry-circle	07	assets/properties/meadows-42-winterberry-circle/07.jpg	assets/properties/meadows-42-winterberry-circle/07.webp	assets/properties/meadows-42-winterberry-circle/07-thumb.webp	1024	768
Meadows - 42 Winterberry Circle	meadows-42-winterberry-circle	08	assets/properties/meadows-42-winterberry-circle/08.jpg	assets/properties/meadows-42-winterberry-circle/08.webp	assets/properties/meadows-42-winterberry-circle/08-thumb.webp	1024	768
Meadows - 42 Winterberry Circle	meadows-42-winterberry-circle	09	assets/properties/meadows-42-winterberry-circle/09.jpg	assets/properties/meadows-42-winterberry-circle/09.webp	assets/properties/meadows-42-winterberry-circle/09-thumb.webp	1024	768
Meadows - 42 Winterberry Circle	meadows-42-winterberry-circle	10	assets/properties/meadows-42-winterberry-circle/10.jpg	assets/properties/meadows-42-winterberry-circle/10.webp	assets/properties/meadows-42-winterberry-circle/10-thumb.webp	768	1024
Meadows - 42 Winterberry Circle	meadows-42-winterberry-circle	11	assets/properties/meadows-42-winterberry-circle/11.jpg	assets/properties/meadows-42-winterberry-circle/11.webp	assets/properties/meadows-42-winterberry-circle/11-thumb.webp	1024	768
Meadows - 5 Briar Court	meadows-5-briar-court	01	assets/properties/meadows-5-briar-court/01.jpg	assets/properties/meadows-5-briar-court/01.webp	assets/properties/meadows-5-briar-court/01-thumb.webp	1024	768
Meadows - 5 Briar Court	meadows-5-briar-court	02	assets/properties/meadows-5-briar-court/02.jpg	assets/properties/meadows-5-briar-court/02.webp	assets/properties/meadows-5-briar-court/02-thumb.webp	1024	768
Meadows - 5 Briar Court	meadows-5-briar-court	03	assets/properties/meadows-5-briar-court/03.jpg	assets/properties/meadows-5-briar-court/03.webp	assets/properties/meadows-5-briar-court/03-thumb.webp	1024	768
Meadows - 5 Briar Court	meadows-5-briar-court	04	assets/properties/meadows-5-briar-court/04.jpg	assets/properties/meadows-5-briar-court/04.webp	assets/properties/meadows-5-briar-court/04-thumb.webp	1024	768
Meadows - 5 Briar Court	meadows-5-briar-court	05	assets/properties/meadows-5-briar-court/05.jpg	assets/properties/meadows-5-briar-court/05.webp	assets/properties/meadows-5-briar-court/05-thumb.webp	768	1024
Meadows - 5 Briar Court	meadows-5-briar-court	06	assets/properties/meadows-5-briar-court/06.jpg	assets/properties/meadows-5-briar-court/06.webp	assets/properties/meadows-5-briar-court/06-thumb.webp	768	1024
Meadows - 5 Briar Court	meadows-5-briar-court	07	assets/properties/meadows-5-briar-court/07.jpg	assets/properties/meadows-5-briar-court/07.webp	assets/properties/meadows-5-briar-court/07-thumb.webp	768	1024
Meadows - 5 Briar Court	meadows-5-briar-court	08	assets/properties/meadows-5-briar-court/08.jpg	assets/properties/meadows-5-briar-court/08.webp	assets/properties/meadows-5-briar-court/08-thumb.webp	768	1024
Meadows - 5 Briar Court	meadows-5-briar-court	09	assets/properties/meadows-5-briar-court/09.jpg	assets/properties/meadows-5-briar-court/09.webp	assets/properties/meadows-5-briar-court/09-thumb.webp	768	1024
Meadows - 5 Briar Court	meadows-5-briar-court	10	assets/properties/meadows-5-briar-court/10.jpg	assets/properties/meadows-5-briar-court/10.webp	assets/properties/meadows-5-briar-court/10-thumb.webp	768	1024
Meadows - 5 Briar Court	meadows-5-briar-court	11	assets/properties/meadows-5-briar-court/11.jpg	assets/properties/meadows-5-briar-court/11.webp	assets/properties/meadows-5-briar-court/11-thumb.webp	768	1024
Meadows - 5 Briar Court	meadows-5-briar-court	12	assets/properties/meadows-5-briar-court/12.jpg	assets/properties/meadows-5-briar-court/12.webp	assets/properties/meadows-5-briar-court/12-thumb.webp	768	1024
Meadows - 5 Briar Court	meadows-5-briar-court	13	assets/properties/meadows-5-briar-court/13.jpg	assets/properties/meadows-5-briar-court/13.webp	assets/properties/meadows-5-briar-court/13-thumb.webp	768	1024
Meadows - 5 Briar Court	meadows-5-briar-court	14	assets/properties/meadows-5-briar-court/14.jpg	assets/properties/meadows-5-briar-court/14.webp	assets/properties/meadows-5-briar-court/14-thumb.webp	1024	768
Meadows - 5 Briar Court	meadows-5-briar-court	15	assets/properties/meadows-5-briar-court/15.jpg	assets/properties/meadows-5-briar-court/15.webp	assets/properties/meadows-5-briar-court/15-thumb.webp	1024	768
Meadows - 5 Briar Court	meadows-5-briar-court	16	assets/properties/meadows-5-briar-court/16.jpg	assets/properties/meadows-5-briar-court/16.webp	assets/properties/meadows-5-briar-court/16-thumb.webp	1024	768
Meadows - 5 Briar Court	meadows-5-briar-court	17	assets/properties/meadows-5-briar-court/17.jpg	assets/properties/meadows-5-briar-court/17.webp	assets/properties/meadows-5-briar-court/17-thumb.webp	1024	768
Meadows - 5 Briar Court	meadows-5-briar-court	18	assets/properties/meadows-5-briar-court/18.jpg	assets/properties/meadows-5-briar-court/18.webp	assets/properties/meadows-5-briar-court/18-thumb.webp	1024	768
Meadows - 5 Briar Court	meadows-5-briar-court	19	assets/properties/meadows-5-briar-court/19.jpg	assets/properties/meadows-5-briar-court/19.webp	assets/properties/meadows-5-briar-court/19-thumb.webp	1024	768
Meadows - 5 Briar Court	meadows-5-briar-court	20	assets/properties/meadows-5-briar-court/20.jpg	assets/properties/meadows-5-briar-court/20.webp	assets/properties/meadows-5-briar-court/20-thumb.webp	768	1024
Meadows - 5 Briar Court	meadows-5-briar-court	21	assets/properties/meadows-5-briar-court/21.jpg	assets/properties/meadows-5-briar-court/21.webp	assets/properties/meadows-5-briar-court/21-thumb.webp	768	1024
Meadows - 5 Briar Court	meadows-5-briar-court	22	assets/properties/meadows-5-briar-court/22.jpg	assets/properties/meadows-5-briar-court/22.webp	assets/properties/meadows-5-briar-court/22-thumb.webp	768	1024
Meadows - 5 Briar Court	meadows-5-briar-court	23	assets/properties/meadows-5-briar-court/23.jpg	assets/properties/meadows-5-briar-court/23.webp	assets/properties/meadows-5-briar-court/23-thumb.webp	1024	768
Meadows - 5 Briar Court	meadows-5-briar-court	24	assets/properties/meadows-5-briar-court/24.jpg	assets/properties/meadows-5-briar-court/24.webp	assets/properties/meadows-5-briar-court/24-thumb.webp	1024	768
Meadows - 5 Briar Court	meadows-5-briar-court	25	assets/properties/meadows-5-briar-court/25.jpg	assets/properties/meadows-5-briar-court/25.webp	assets/properties/meadows-5-briar-court/25-thumb.webp	768	1024
Meadows - 5 Briar Court	meadows-5-briar-court	26	assets/properties/meadows-5-briar-court/26.jpg	assets/properties/meadows-5-briar-court/26.webp	assets/properties/meadows-5-briar-court/26-thumb.webp	1024	768
Meadows - 5 Briar Court	meadows-5-briar-court	27	assets/properties/meadows-5-briar-court/27.jpg	assets/properties/meadows-5-briar-court/27.webp	assets/properties/meadows-5-briar-court/27-thumb.webp	768	1024
Meadows - 5 Briar Court	meadows-5-briar-court	28	assets/properties/meadows-5-briar-court/28.jpg	assets/properties/meadows-5-briar-court/28.webp	assets/properties/meadows-5-briar-court/28-thumb.webp	768	1024
Meadows - 5 Briar Court	meadows-5-briar-court	29	assets/properties/meadows-5-briar-court/29.jpg	assets/properties/meadows-5-briar-court/29.webp	assets/properties/meadows-5-briar-court/29-thumb.webp	768	1024
Meadows - 5 Briar Court	meadows-5-briar-court	30	assets/properties/meadows-5-briar-court/30.jpg	assets/properties/meadows-5-briar-court/30.webp	assets/properties/meadows-5-briar-court/30-thumb.webp	768	1024
Meadows - 5 Briar Court	meadows-5-briar-court	31	assets/properties/meadows-5-briar-court/31.jpg	assets/properties/meadows-5-briar-court/31.webp	assets/properties/meadows-5-briar-court/31-thumb.webp	768	1024
Meadows - 5 Briar Court	meadows-5-briar-court	32	assets/properties/meadows-5-briar-court/32.jpg	assets/properties/meadows-5-briar-court/32.webp	assets/properties/meadows-5-briar-court/32-thumb.webp	768	1024
Meadows - 5 Briar Court	meadows-5-briar-court	33	assets/properties/meadows-5-briar-court/33.jpg	assets/properties/meadows-5-briar-court/33.webp	assets/properties/meadows-5-briar-court/33-thumb.webp	768	1024
Meadows - 5 Briar Court	meadows-5-briar-court	34	assets/properties/meadows-5-briar-court/34.jpg	assets/properties/meadows-5-briar-court/34.webp	assets/properties/meadows-5-briar-court/34-thumb.webp	768	1024
Meadows - 5 Briar Court	meadows-5-briar-court	35	assets/properties/meadows-5-briar-court/35.jpg	assets/properties/meadows-5-briar-court/35.webp	assets/properties/meadows-5-briar-court/35-thumb.webp	768	1024
Meadows - 5 Briar Court	meadows-5-briar-court	36	assets/properties/meadows-5-briar-court/36.jpg	assets/properties/meadows-5-briar-court/36.webp	assets/properties/meadows-5-briar-court/36-thumb.webp	768	1024
Meadows - 5 Briar Court	meadows-5-briar-court	37	assets/properties/meadows-5-briar-court/37.jpg	assets/properties/meadows-5-briar-court/37.webp	assets/properties/meadows-5-briar-court/37-thumb.webp	1024	768
Meadows - 5 Briar Court	meadows-5-briar-court	38	assets/properties/meadows-5-briar-court/38.jpg	assets/properties/meadows-5-briar-court/38.webp	assets/properties/meadows-5-briar-court/38-thumb.webp	1024	768
Meadows - 5 Briar Court	meadows-5-briar-court	39	assets/properties/meadows-5-briar-court/39.jpg	assets/properties/meadows-5-briar-court/39.webp	assets/properties/meadows-5-briar-court/39-thumb.webp	1024	768
Meadows - 5 Briar Court	meadows-5-briar-court	40	assets/properties/meadows-5-briar-court/40.jpg	assets/properties/meadows-5-briar-court/40.webp	assets/properties/meadows-5-briar-court/40-thumb.webp	768	1024
Meadows - 5 Briar Court	meadows-5-briar-court	41	assets/properties/meadows-5-briar-court/41.jpg	assets/properties/meadows-5-briar-court/41.webp	assets/properties/meadows-5-briar-court/41-thumb.webp	768	1024
Meadows - 5 Briar Court	meadows-5-briar-court	42	assets/properties/meadows-5-briar-court/42.jpg	assets/properties/meadows-5-briar-court/42.webp	assets/properties/meadows-5-briar-court/42-thumb.webp	768	1024
Meadows - 5 Briar Court	meadows-5-briar-court	43	assets/properties/meadows-5-briar-court/43.jpg	assets/properties/meadows-5-briar-court/43.webp	assets/properties/meadows-5-briar-court/43-thumb.webp	768	1024
Meadows - 5 Briar Court	meadows-5-briar-court	44	assets/properties/meadows-5-briar-court/44.jpg	assets/properties/meadows-5-briar-court/44.webp	assets/properties/meadows-5-briar-court/44-thumb.webp	1024	768
Meadows - 5 Briar Court	meadows-5-briar-court	45	assets/properties/meadows-5-briar-court/45.jpg	assets/properties/meadows-5-briar-court/45.webp	assets/properties/meadows-5-briar-court/45-thumb.webp	768	1024
Meadows - 5 Briar Court	meadows-5-briar-court	46	assets/properties/meadows-5-briar-court/46.jpg	assets/properties/meadows-5-briar-court/46.webp	assets/properties/meadows-5-briar-court/46-thumb.webp	768	1024
Meadows - 51 Winterberry Circle	meadows-51-winterberry-circle	01	assets/properties/meadows-51-winterberry-circle/01.jpg	assets/properties/meadows-51-winterberry-circle/01.webp	assets/properties/meadows-51-winterberry-circle/01-thumb.webp	480	360
Meadows - 51 Winterberry Circle	meadows-51-winterberry-circle	02	assets/properties/meadows-51-winterberry-circle/02.jpg	assets/properties/meadows-51-winterberry-circle/02.webp	assets/properties/meadows-51-winterberry-circle/02-thumb.webp	480	360
Meadows - 51 Winterberry Circle	meadows-51-winterberry-circle	03	assets/properties/meadows-51-winterberry-circle/03.jpg	assets/properties/meadows-51-winterberry-circle/03.webp	assets/properties/meadows-51-winterberry-circle/03-thumb.webp	360	360
Meadows - 51 Winterberry Circle	meadows-51-winterberry-circle	04	assets/properties/meadows-51-winterberry-circle/04.jpg	assets/properties/meadows-51-winterberry-circle/04.webp	assets/properties/meadows-51-winterberry-circle/04-thumb.webp	360	360
Meadows - 51 Winterberry Circle	meadows-51-winterberry-circle	05	assets/properties/meadows-51-winterberry-circle/05.jpg	assets/properties/meadows-51-winterberry-circle/05.webp	assets/properties/meadows-51-winterberry-circle/05-thumb.webp	360	360
Meadows - 51 Winterberry Circle	meadows-51-winterberry-circle	06	assets/properties/meadows-51-winterberry-circle/06.jpg	assets/properties/meadows-51-winterberry-circle/06.webp	assets/properties/meadows-51-winterberry-circle/06-thumb.webp	480	360
Meadows - 51 Winterberry Circle	meadows-51-winterberry-circle	07	assets/properties/meadows-51-winterberry-circle/07.jpg	assets/properties/meadows-51-winterberry-circle/07.webp	assets/properties/meadows-51-winterberry-circle/07-thumb.webp	480	360
Meadows - 51 Winterberry Circle	meadows-51-winterberry-circle	08	assets/properties/meadows-51-winterberry-circle/08.jpg	assets/properties/meadows-51-winterberry-circle/08.webp	assets/properties/meadows-51-winterberry-circle/08-thumb.webp	480	360
Meadows - 51 Winterberry Circle	meadows-51-winterberry-circle	09	assets/properties/meadows-51-winterberry-circle/09.jpg	assets/properties/meadows-51-winterberry-circle/09.webp	assets/properties/meadows-51-winterberry-circle/09-thumb.webp	480	360
Meadows - 51 Winterberry Circle	meadows-51-winterberry-circle	10	assets/properties/meadows-51-winterberry-circle/10.jpg	assets/properties/meadows-51-winterberry-circle/10.webp	assets/properties/meadows-51-winterberry-circle/10-thumb.webp	360	360
Meadows - 51 Winterberry Circle	meadows-51-winterberry-circle	11	assets/properties/meadows-51-winterberry-circle/11.jpg	assets/properties/meadows-51-winterberry-circle/11.webp	assets/properties/meadows-51-winterberry-circle/11-thumb.webp	480	360
Meadows - 51 Winterberry Circle	meadows-51-winterberry-circle	12	assets/properties/meadows-51-winterberry-circle/12.jpg	assets/properties/meadows-51-winterberry-circle/12.webp	assets/properties/meadows-51-winterberry-circle/12-thumb.webp	480	360
Meadows - 51 Winterberry Circle	meadows-51-winterberry-circle	13	assets/properties/meadows-51-winterberry-circle/13.jpg	assets/properties/meadows-51-winterberry-circle/13.webp	assets/properties/meadows-51-winterberry-circle/13-thumb.webp	1024	682
Meadows - 51 Winterberry Circle	meadows-51-winterberry-circle	14	assets/properties/meadows-51-winterberry-circle/14.jpg	assets/properties/meadows-51-winterberry-circle/14.webp	assets/properties/meadows-51-winterberry-circle/14-thumb.webp	1024	682
Meadows - 51 Winterberry Circle	meadows-51-winterberry-circle	15	assets/properties/meadows-51-winterberry-circle/15.jpg	assets/properties/meadows-51-winterberry-circle/15.webp	assets/properties/meadows-51-winterberry-circle/15-thumb.webp	1024	682
Meadows - 51 Winterberry Circle	meadows-51-winterberry-circle	16	assets/properties/meadows-51-winterberry-circle/16.jpg	assets/properties/meadows-51-winterberry-circle/16.webp	assets/properties/meadows-51-winterberry-circle/16-thumb.webp	1024	682
Meadows - 51 Winterberry Circle	meadows-51-winterberry-circle	17	assets/properties/meadows-51-winterberry-circle/17.jpg	assets/properties/meadows-51-winterberry-circle/17.webp	assets/properties/meadows-51-winterberry-circle/17-thumb.webp	1024	682
Meadows - 51 Winterberry Circle	meadows-51-winterberry-circle	18	assets/properties/meadows-51-winterberry-circle/18.jpg	assets/properties/meadows-51-winterberry-circle/18.webp	assets/properties/meadows-51-winterberry-circle/18-thumb.webp	1024	682
Meadows - 51 Winterberry Circle	meadows-51-winterberry-circle	19	assets/properties/meadows-51-winterberry-circle/19.jpg	assets/properties/meadows-51-winterberry-circle/19.webp	assets/properties/meadows-51-winterberry-circle/19-thumb.webp	1024	682
Meadows - 51 Winterberry Circle	meadows-51-winterberry-circle	20	assets/properties/meadows-51-winterberry-circle/20.jpg	assets/properties/meadows-51-winterberry-circle/20.webp	assets/properties/meadows-51-winterberry-circle/20-thumb.webp	1024	682
Meadows - 6 Briar Court	meadows-6-briar-court	01	assets/properties/meadows-6-briar-court/01.jpg	assets/properties/meadows-6-briar-court/01.webp	assets/properties/meadows-6-briar-court/01-thumb.webp	1600	1200
Meadows - 6 Briar Court	meadows-6-briar-court	02	assets/properties/meadows-6-briar-court/02.jpg	assets/properties/meadows-6-briar-court/02.webp	assets/properties/meadows-6-briar-court/02-thumb.webp	1200	1600
Meadows - 6 Briar Court	meadows-6-briar-court	03	assets/properties/meadows-6-briar-court/03.jpg	assets/properties/meadows-6-briar-court/03.webp	assets/properties/meadows-6-briar-court/03-thumb.webp	1200	1600
Meadows - 6 Briar Court	meadows-6-briar-court	04	assets/properties/meadows-6-briar-court/04.jpg	assets/properties/meadows-6-briar-court/04.webp	assets/properties/meadows-6-briar-court/04-thumb.webp	1600	1200
Meadows - 6 Briar Court	meadows-6-briar-court	05	assets/properties/meadows-6-briar-court/05.jpg	assets/properties/meadows-6-briar-court/05.webp	assets/properties/meadows-6-briar-court/05-thumb.webp	1600	1200
Meadows - 6 Briar Court	meadows-6-briar-court	06	assets/properties/meadows-6-briar-court/06.jpg	assets/properties/meadows-6-briar-court/06.webp	assets/properties/meadows-6-briar-court/06-thumb.webp	1600	1200
Meadows - 6 Briar Court	meadows-6-briar-court	07	assets/properties/meadows-6-briar-court/07.jpg	assets/properties/meadows-6-briar-court/07.webp	assets/properties/meadows-6-briar-court/07-thumb.webp	1600	1200
Meadows - 6 Briar Court	meadows-6-briar-court	08	assets/properties/meadows-6-briar-court/08.jpg	assets/properties/meadows-6-briar-court/08.webp	assets/properties/meadows-6-briar-court/08-thumb.webp	1200	1600
Meadows - 6 Briar Court	meadows-6-briar-court	09	assets/properties/meadows-6-briar-court/09.jpg	assets/properties/meadows-6-briar-court/09.webp	assets/properties/meadows-6-briar-court/09-thumb.webp	1200	1600
Meadows - 6 Briar Court	meadows-6-briar-court	10	assets/properties/meadows-6-briar-court/10.jpg	assets/properties/meadows-6-briar-court/10.webp	assets/properties/meadows-6-briar-court/10-thumb.webp	1200	1600
Meadows - 6 Briar Court	meadows-6-briar-court	11	assets/properties/meadows-6-briar-court/11.jpg	assets/properties/meadows-6-briar-court/11.webp	assets/properties/meadows-6-briar-court/11-thumb.webp	1200	1600
Meadows - 6 Briar Court	meadows-6-briar-court	12	assets/properties/meadows-6-briar-court/12.jpg	assets/properties/meadows-6-briar-court/12.webp	assets/properties/meadows-6-briar-court/12-thumb.webp	1200	1600
Meadows - 6 Briar Court	meadows-6-briar-court	13	assets/properties/meadows-6-briar-court/13.jpg	assets/properties/meadows-6-briar-court/13.webp	assets/properties/meadows-6-briar-court/13-thumb.webp	1200	1600
Meadows - 6 Briar Court	meadows-6-briar-court	14	assets/properties/meadows-6-briar-court/14.jpg	assets/properties/meadows-6-briar-court/14.webp	assets/properties/meadows-6-briar-court/14-thumb.webp	1200	1600
Meadows - 6 Briar Court	meadows-6-briar-court	15	assets/properties/meadows-6-briar-court/15.jpg	assets/properties/meadows-6-briar-court/15.webp	assets/properties/meadows-6-briar-court/15-thumb.webp	1200	1600
Meadows - 6 Briar Court	meadows-6-briar-court	16	assets/properties/meadows-6-briar-court/16.jpg	assets/properties/meadows-6-briar-court/16.webp	assets/properties/meadows-6-briar-court/16-thumb.webp	1600	1200
Meadows - 6 Briar Court	meadows-6-briar-court	17	assets/properties/meadows-6-briar-court/17.jpg	assets/properties/meadows-6-briar-court/17.webp	assets/properties/meadows-6-briar-court/17-thumb.webp	1600	1200
Meadows - 6 Briar Court	meadows-6-briar-court	18	assets/properties/meadows-6-briar-court/18.jpg	assets/properties/meadows-6-briar-court/18.webp	assets/properties/meadows-6-briar-court/18-thumb.webp	1200	1600
Meadows - 6 Briar Court	meadows-6-briar-court	19	assets/properties/meadows-6-briar-court/19.jpg	assets/properties/meadows-6-briar-court/19.webp	assets/properties/meadows-6-briar-court/19-thumb.webp	1200	1600
Meadows - 6 Briar Court	meadows-6-briar-court	20	assets/properties/meadows-6-briar-court/20.jpg	assets/properties/meadows-6-briar-court/20.webp	assets/properties/meadows-6-briar-court/20-thumb.webp	1200	1600
Meadows - 6 Briar Court	meadows-6-briar-court	21	assets/properties/meadows-6-briar-court/21.jpg	assets/properties/meadows-6-briar-court/21.webp	assets/properties/meadows-6-briar-court/21-thumb.webp	1600	1200
Meadows - 6 Briar Court	meadows-6-briar-court	22	assets/properties/meadows-6-briar-court/22.jpg	assets/properties/meadows-6-briar-court/22.webp	assets/properties/meadows-6-briar-court/22-thumb.webp	1200	1600
Meadows - 6 Briar Court	meadows-6-briar-court	23	assets/properties/meadows-6-briar-court/23.jpg	assets/properties/meadows-6-briar-court/23.webp	assets/properties/meadows-6-briar-court/23-thumb.webp	1200	1600
Meadows - 6 Briar Court	meadows-6-briar-court	24	assets/properties/meadows-6-briar-court/24.jpg	assets/properties/meadows-6-briar-court/24.webp	assets/properties/meadows-6-briar-court/24-thumb.webp	1200	1600
Meadows - 6 Briar Court	meadows-6-briar-court	25	assets/properties/meadows-6-briar-court/25.jpg	assets/properties/meadows-6-briar-court/25.webp	assets/properties/meadows-6-briar-court/25-thumb.webp	1200	1600
Meadows - 6 Briar Court	meadows-6-briar-court	26	assets/properties/meadows-6-briar-court/26.jpg	assets/properties/meadows-6-briar-court/26.webp	assets/properties/meadows-6-briar-court/26-thumb.webp	1200	1600
Meadows - 6 Briar Court	meadows-6-briar-court	27	assets/properties/meadows-6-briar-court/27.jpg	assets/properties/meadows-6-briar-court/27.webp	assets/properties/meadows-6-briar-court/27-thumb.webp	1200	1600
Meadows - 6 Briar Court	meadows-6-briar-court	28	assets/properties/meadows-6-briar-court/28.jpg	assets/properties/meadows-6-briar-court/28.webp	assets/properties/meadows-6-briar-court/28-thumb.webp	1200	1600
Meadows - 6 Briar Court	meadows-6-briar-court	29	assets/properties/meadows-6-briar-court/29.jpg	assets/properties/meadows-6-briar-court/29.webp	assets/properties/meadows-6-briar-court/29-thumb.webp	1200	1600
Meadows - 6 Briar Court	meadows-6-briar-court	30	assets/properties/meadows-6-briar-court/30.jpg	assets/properties/meadows-6-briar-court/30.webp	assets/properties/meadows-6-briar-court/30-thumb.webp	1200	1600
Meadows - 6 Briar Court	meadows-6-briar-court	31	assets/properties/meadows-6-briar-court/31.jpg	assets/properties/meadows-6-briar-court/31.webp	assets/properties/meadows-6-briar-court/31-thumb.webp	1200	1600
Meadows - 6 Briar Court	meadows-6-briar-court	32	assets/properties/meadows-6-briar-court/32.jpg	assets/properties/meadows-6-briar-court/32.webp	assets/properties/meadows-6-briar-court/32-thumb.webp	1200	1600
Meadows - 6 Briar Court	meadows-6-briar-court	33	assets/properties/meadows-6-briar-court/33.jpg	assets/properties/meadows-6-briar-court/33.webp	assets/properties/meadows-6-briar-court/33-thumb.webp	1200	1600
Meadows - 6 Briar Court	meadows-6-briar-court	34	assets/properties/meadows-6-briar-court/34.jpg	assets/properties/meadows-6-briar-court/34.webp	assets/properties/meadows-6-briar-court/34-thumb.webp	1200	1600
Meadows - 6 Briar Court	meadows-6-briar-court	35	assets/properties/meadows-6-briar-court/35.jpg	assets/properties/meadows-6-briar-court/35.webp	assets/properties/meadows-6-briar-court/35-thumb.webp	1200	1600
Meadows - 6 Briar Court	meadows-6-briar-court	36	assets/properties/meadows-6-briar-court/36.jpg	assets/properties/meadows-6-briar-court/36.webp	assets/properties/meadows-6-briar-court/36-thumb.webp	1600	1200
Meadows - 6 Briar Court	meadows-6-briar-court	37	assets/properties/meadows-6-briar-court/37.jpg	assets/properties/meadows-6-briar-court/37.webp	assets/properties/meadows-6-briar-court/37-thumb.webp	1200	1600
Meadows - 6 Briar Court	meadows-6-briar-court	38	assets/properties/meadows-6-briar-court/38.jpg	assets/properties/meadows-6-briar-court/38.webp	assets/properties/meadows-6-briar-court/38-thumb.webp	1200	1600
Meadows - 6 Briar Court	meadows-6-briar-court	39	assets/properties/meadows-6-briar-court/39.jpg	assets/properties/meadows-6-briar-court/39.webp	assets/properties/meadows-6-briar-court/39-thumb.webp	1600	1200
Meadows - 6 Briar Court	meadows-6-briar-court	40	assets/properties/meadows-6-briar-court/40.jpg	assets/properties/meadows-6-briar-court/40.webp	assets/properties/meadows-6-briar-court/40-thumb.webp	1200	1600
Meadows - 6 Briar Court	meadows-6-briar-court	41	assets/properties/meadows-6-briar-court/41.jpg	assets/properties/meadows-6-briar-court/41.webp	assets/properties/meadows-6-briar-court/41-thumb.webp	1200	1600
Meadows - 6 Briar Court	meadows-6-briar-court	42	assets/properties/meadows-6-briar-court/42.jpg	assets/properties/meadows-6-briar-court/42.webp	assets/properties/meadows-6-briar-court/42-thumb.webp	1600	1200
Meadows - 6 Briar Court	meadows-6-briar-court	43	assets/properties/meadows-6-briar-court/43.jpg	assets/properties/meadows-6-briar-court/43.webp	assets/properties/meadows-6-briar-court/43-thumb.webp	1200	1600
Meadows - 6 Briar Court	meadows-6-briar-court	44	assets/properties/meadows-6-briar-court/44.jpg	assets/properties/meadows-6-briar-court/44.webp	assets/properties/meadows-6-briar-court/44-thumb.webp	1600	1200
Meadows - 6 Briar Court	meadows-6-briar-court	45	assets/properties/meadows-6-briar-court/45.jpg	assets/properties/meadows-6-briar-court/45.webp	assets/properties/meadows-6-briar-court/45-thumb.webp	1200	1600
Meadows - entrance & clubhouse pics	meadows-entrance-clubhouse-pics	01	assets/properties/meadows-entrance-clubhouse-pics/01.jpg	assets/properties/meadows-entrance-clubhouse-pics/01.webp	assets/properties/meadows-entrance-clubhouse-pics/01-thumb.webp	1600	1067
Meadows - entrance & clubhouse pics	meadows-entrance-clubhouse-pics	02	assets/properties/meadows-entrance-clubhouse-pics/02.jpg	assets/properties/meadows-entrance-clubhouse-pics/02.webp	assets/properties/meadows-entrance-clubhouse-pics/02-thumb.webp	1600	1067
Meadows - entrance & clubhouse pics	meadows-entrance-clubhouse-pics	03	assets/properties/meadows-entrance-clubhouse-pics/03.jpg	assets/properties/meadows-entrance-clubhouse-pics/03.webp	assets/properties/meadows-entrance-clubhouse-pics/03-thumb.webp	1600	1067
Meadows - entrance & clubhouse pics	meadows-entrance-clubhouse-pics	04	assets/properties/meadows-entrance-clubhouse-pics/04.jpg	assets/properties/meadows-entrance-clubhouse-pics/04.webp	assets/properties/meadows-entrance-clubhouse-pics/04-thumb.webp	1600	1067
Meadows - entrance & clubhouse pics	meadows-entrance-clubhouse-pics	05	assets/properties/meadows-entrance-clubhouse-pics/05.jpg	assets/properties/meadows-entrance-clubhouse-pics/05.webp	assets/properties/meadows-entrance-clubhouse-pics/05-thumb.webp	1600	1067
Meadows - entrance & clubhouse pics	meadows-entrance-clubhouse-pics	06	assets/properties/meadows-entrance-clubhouse-pics/06.jpg	assets/properties/meadows-entrance-clubhouse-pics/06.webp	assets/properties/meadows-entrance-clubhouse-pics/06-thumb.webp	1600	1067
Meadows - entrance & clubhouse pics	meadows-entrance-clubhouse-pics	07	assets/properties/meadows-entrance-clubhouse-pics/07.jpg	assets/properties/meadows-entrance-clubhouse-pics/07.webp	assets/properties/meadows-entrance-clubhouse-pics/07-thumb.webp	1600	1067
Meadows - entrance & clubhouse pics	meadows-entrance-clubhouse-pics	08	assets/properties/meadows-entrance-clubhouse-pics/08.jpg	assets/properties/meadows-entrance-clubhouse-pics/08.webp	assets/properties/meadows-entrance-clubhouse-pics/08-thumb.webp	1600	1067
Meadows - entrance & clubhouse pics	meadows-entrance-clubhouse-pics	09	assets/properties/meadows-entrance-clubhouse-pics/09.jpg	assets/properties/meadows-entrance-clubhouse-pics/09.webp	assets/properties/meadows-entrance-clubhouse-pics/09-thumb.webp	1600	1067
Meadows - entrance & clubhouse pics	meadows-entrance-clubhouse-pics	10	assets/properties/meadows-entrance-clubhouse-pics/10.jpg	assets/properties/meadows-entrance-clubhouse-pics/10.webp	assets/properties/meadows-entrance-clubhouse-pics/10-thumb.webp	1600	1067
Meadows - entrance & clubhouse pics	meadows-entrance-clubhouse-pics	11	assets/properties/meadows-entrance-clubhouse-pics/11.jpg	assets/properties/meadows-entrance-clubhouse-pics/11.webp	assets/properties/meadows-entrance-clubhouse-pics/11-thumb.webp	1600	1067
Meadows - entrance & clubhouse pics	meadows-entrance-clubhouse-pics	12	assets/properties/meadows-entrance-clubhouse-pics/12.jpg	assets/properties/meadows-entrance-clubhouse-pics/12.webp	assets/properties/meadows-entrance-clubhouse-pics/12-thumb.webp	1600	1067
Meadows - entrance & clubhouse pics	meadows-entrance-clubhouse-pics	13	assets/properties/meadows-entrance-clubhouse-pics/13.jpg	assets/properties/meadows-entrance-clubhouse-pics/13.webp	assets/properties/meadows-entrance-clubhouse-pics/13-thumb.webp	1600	1067
Meadows - entrance & clubhouse pics	meadows-entrance-clubhouse-pics	14	assets/properties/meadows-entrance-clubhouse-pics/14.jpg	assets/properties/meadows-entrance-clubhouse-pics/14.webp	assets/properties/meadows-entrance-clubhouse-pics/14-thumb.webp	1600	1067
Meadows - entrance & clubhouse pics	meadows-entrance-clubhouse-pics	15	assets/properties/meadows-entrance-clubhouse-pics/15.jpg	assets/properties/meadows-entrance-clubhouse-pics/15.webp	assets/properties/meadows-entrance-clubhouse-pics/15-thumb.webp	1600	1067
Meadows - entrance & clubhouse pics	meadows-entrance-clubhouse-pics	16	assets/properties/meadows-entrance-clubhouse-pics/16.jpg	assets/properties/meadows-entrance-clubhouse-pics/16.webp	assets/properties/meadows-entrance-clubhouse-pics/16-thumb.webp	1600	1067
Meadows - entrance & clubhouse pics	meadows-entrance-clubhouse-pics	17	assets/properties/meadows-entrance-clubhouse-pics/17.jpg	assets/properties/meadows-entrance-clubhouse-pics/17.webp	assets/properties/meadows-entrance-clubhouse-pics/17-thumb.webp	1600	1067
Meadows - entrance & clubhouse pics	meadows-entrance-clubhouse-pics	18	assets/properties/meadows-entrance-clubhouse-pics/18.jpg	assets/properties/meadows-entrance-clubhouse-pics/18.webp	assets/properties/meadows-entrance-clubhouse-pics/18-thumb.webp	1600	1067
Meadows - entrance & clubhouse pics	meadows-entrance-clubhouse-pics	19	assets/properties/meadows-entrance-clubhouse-pics/19.jpg	assets/properties/meadows-entrance-clubhouse-pics/19.webp	assets/properties/meadows-entrance-clubhouse-pics/19-thumb.webp	1600	1067
Meadows - entrance & clubhouse pics	meadows-entrance-clubhouse-pics	20	assets/properties/meadows-entrance-clubhouse-pics/20.jpg	assets/properties/meadows-entrance-clubhouse-pics/20.webp	assets/properties/meadows-entrance-clubhouse-pics/20-thumb.webp	1600	1067
Meadows - entrance & clubhouse pics	meadows-entrance-clubhouse-pics	21	assets/properties/meadows-entrance-clubhouse-pics/21.jpg	assets/properties/meadows-entrance-clubhouse-pics/21.webp	assets/properties/meadows-entrance-clubhouse-pics/21-thumb.webp	1600	1067
Meadows - entrance & clubhouse pics	meadows-entrance-clubhouse-pics	22	assets/properties/meadows-entrance-clubhouse-pics/22.jpg	assets/properties/meadows-entrance-clubhouse-pics/22.webp	assets/properties/meadows-entrance-clubhouse-pics/22-thumb.webp	1600	1067
Meadows - entrance & clubhouse pics	meadows-entrance-clubhouse-pics	23	assets/properties/meadows-entrance-clubhouse-pics/23.jpg	assets/properties/meadows-entrance-clubhouse-pics/23.webp	assets/properties/meadows-entrance-clubhouse-pics/23-thumb.webp	1600	1067
Meadows - entrance & clubhouse pics	meadows-entrance-clubhouse-pics	24	assets/properties/meadows-entrance-clubhouse-pics/24.jpg	assets/properties/meadows-entrance-clubhouse-pics/24.webp	assets/properties/meadows-entrance-clubhouse-pics/24-thumb.webp	1600	1067
Meadows - entrance & clubhouse pics	meadows-entrance-clubhouse-pics	25	assets/properties/meadows-entrance-clubhouse-pics/25.jpg	assets/properties/meadows-entrance-clubhouse-pics/25.webp	assets/properties/meadows-entrance-clubhouse-pics/25-thumb.webp	1600	1067
Meadows - entrance & clubhouse pics	meadows-entrance-clubhouse-pics	26	assets/properties/meadows-entrance-clubhouse-pics/26.jpg	assets/properties/meadows-entrance-clubhouse-pics/26.webp	assets/properties/meadows-entrance-clubhouse-pics/26-thumb.webp	1600	1067
Meadows - entrance & clubhouse pics	meadows-entrance-clubhouse-pics	27	assets/properties/meadows-entrance-clubhouse-pics/27.jpg	assets/properties/meadows-entrance-clubhouse-pics/27.webp	assets/properties/meadows-entrance-clubhouse-pics/27-thumb.webp	1600	1067
Meadows - entrance & clubhouse pics	meadows-entrance-clubhouse-pics	28	assets/properties/meadows-entrance-clubhouse-pics/28.jpg	assets/properties/meadows-entrance-clubhouse-pics/28.webp	assets/properties/meadows-entrance-clubhouse-pics/28-thumb.webp	1600	1067
Meadows - entrance & clubhouse pics	meadows-entrance-clubhouse-pics	29	assets/properties/meadows-entrance-clubhouse-pics/29.jpg	assets/properties/meadows-entrance-clubhouse-pics/29.webp	assets/properties/meadows-entrance-clubhouse-pics/29-thumb.webp	1600	1067
Meadows - entrance & clubhouse pics	meadows-entrance-clubhouse-pics	30	assets/properties/meadows-entrance-clubhouse-pics/30.jpg	assets/properties/meadows-entrance-clubhouse-pics/30.webp	assets/properties/meadows-entrance-clubhouse-pics/30-thumb.webp	1600	1067
Meadows - entrance & clubhouse pics	meadows-entrance-clubhouse-pics	31	assets/properties/meadows-entrance-clubhouse-pics/31.jpg	assets/properties/meadows-entrance-clubhouse-pics/31.webp	assets/properties/meadows-entrance-clubhouse-pics/31-thumb.webp	1600	1067
Meadows - entrance & clubhouse pics	meadows-entrance-clubhouse-pics	32	assets/properties/meadows-entrance-clubhouse-pics/32.jpg	assets/properties/meadows-entrance-clubhouse-pics/32.webp	assets/properties/meadows-entrance-clubhouse-pics/32-thumb.webp	1600	1067
Meadows - entrance & clubhouse pics	meadows-entrance-clubhouse-pics	33	assets/properties/meadows-entrance-clubhouse-pics/33.jpg	assets/properties/meadows-entrance-clubhouse-pics/33.webp	assets/properties/meadows-entrance-clubhouse-pics/33-thumb.webp	1600	1067
Meadows - entrance & clubhouse pics	meadows-entrance-clubhouse-pics	34	assets/properties/meadows-entrance-clubhouse-pics/34.jpg	assets/properties/meadows-entrance-clubhouse-pics/34.webp	assets/properties/meadows-entrance-clubhouse-pics/34-thumb.webp	1600	1067
Meadows - entrance & clubhouse pics	meadows-entrance-clubhouse-pics	35	assets/properties/meadows-entrance-clubhouse-pics/35.jpg	assets/properties/meadows-entrance-clubhouse-pics/35.webp	assets/properties/meadows-entrance-clubhouse-pics/35-thumb.webp	1600	1067
Meadows - entrance & clubhouse pics	meadows-entrance-clubhouse-pics	36	assets/properties/meadows-entrance-clubhouse-pics/36.jpg	assets/properties/meadows-entrance-clubhouse-pics/36.webp	assets/properties/meadows-entrance-clubhouse-pics/36-thumb.webp	1600	1067
Meadows - entrance & clubhouse pics	meadows-entrance-clubhouse-pics	37	assets/properties/meadows-entrance-clubhouse-pics/37.jpg	assets/properties/meadows-entrance-clubhouse-pics/37.webp	assets/properties/meadows-entrance-clubhouse-pics/37-thumb.webp	1600	1067
Meadows - entrance & clubhouse pics	meadows-entrance-clubhouse-pics	38	assets/properties/meadows-entrance-clubhouse-pics/38.jpg	assets/properties/meadows-entrance-clubhouse-pics/38.webp	assets/properties/meadows-entrance-clubhouse-pics/38-thumb.webp	1600	1067
Meadows - entrance & clubhouse pics	meadows-entrance-clubhouse-pics	39	assets/properties/meadows-entrance-clubhouse-pics/39.jpg	assets/properties/meadows-entrance-clubhouse-pics/39.webp	assets/properties/meadows-entrance-clubhouse-pics/39-thumb.webp	1600	1067
Meeting House Rd (#110) - Mt Kisco	meeting-house-rd-110-mt-kisco	01	assets/properties/meeting-house-rd-110-mt-kisco/01.jpg	assets/properties/meeting-house-rd-110-mt-kisco/01.webp	assets/properties/meeting-house-rd-110-mt-kisco/01-thumb.webp	296	222
Meeting House Rd (#110) - Mt Kisco	meeting-house-rd-110-mt-kisco	02	assets/properties/meeting-house-rd-110-mt-kisco/02.jpg	assets/properties/meeting-house-rd-110-mt-kisco/02.webp	assets/properties/meeting-house-rd-110-mt-kisco/02-thumb.webp	296	197
Meeting House Rd (#110) - Mt Kisco	meeting-house-rd-110-mt-kisco	03	assets/properties/meeting-house-rd-110-mt-kisco/03.jpg	assets/properties/meeting-house-rd-110-mt-kisco/03.webp	assets/properties/meeting-house-rd-110-mt-kisco/03-thumb.webp	296	222
Meeting House Rd (#110) - Mt Kisco	meeting-house-rd-110-mt-kisco	04	assets/properties/meeting-house-rd-110-mt-kisco/04.jpg	assets/properties/meeting-house-rd-110-mt-kisco/04.webp	assets/properties/meeting-house-rd-110-mt-kisco/04-thumb.webp	296	222
Meeting House Rd (#110) - Mt Kisco	meeting-house-rd-110-mt-kisco	05	assets/properties/meeting-house-rd-110-mt-kisco/05.jpg	assets/properties/meeting-house-rd-110-mt-kisco/05.webp	assets/properties/meeting-house-rd-110-mt-kisco/05-thumb.webp	296	197
Meeting House Rd (#110) - Mt Kisco	meeting-house-rd-110-mt-kisco	06	assets/properties/meeting-house-rd-110-mt-kisco/06.jpg	assets/properties/meeting-house-rd-110-mt-kisco/06.webp	assets/properties/meeting-house-rd-110-mt-kisco/06-thumb.webp	296	197
Meeting House Rd (#110) - Mt Kisco	meeting-house-rd-110-mt-kisco	07	assets/properties/meeting-house-rd-110-mt-kisco/07.jpg	assets/properties/meeting-house-rd-110-mt-kisco/07.webp	assets/properties/meeting-house-rd-110-mt-kisco/07-thumb.webp	296	197
Meeting House Rd (#110) - Mt Kisco	meeting-house-rd-110-mt-kisco	08	assets/properties/meeting-house-rd-110-mt-kisco/08.jpg	assets/properties/meeting-house-rd-110-mt-kisco/08.webp	assets/properties/meeting-house-rd-110-mt-kisco/08-thumb.webp	296	197
Meeting House Rd (#110) - Mt Kisco	meeting-house-rd-110-mt-kisco	09	assets/properties/meeting-house-rd-110-mt-kisco/09.jpg	assets/properties/meeting-house-rd-110-mt-kisco/09.webp	assets/properties/meeting-house-rd-110-mt-kisco/09-thumb.webp	296	197
Meeting House Rd (#110) - Mt Kisco	meeting-house-rd-110-mt-kisco	10	assets/properties/meeting-house-rd-110-mt-kisco/10.jpg	assets/properties/meeting-house-rd-110-mt-kisco/10.webp	assets/properties/meeting-house-rd-110-mt-kisco/10-thumb.webp	296	197
Meeting House Rd (#110) - Mt Kisco	meeting-house-rd-110-mt-kisco	11	assets/properties/meeting-house-rd-110-mt-kisco/11.jpg	assets/properties/meeting-house-rd-110-mt-kisco/11.webp	assets/properties/meeting-house-rd-110-mt-kisco/11-thumb.webp	296	197
Meeting House Rd (#110) - Mt Kisco	meeting-house-rd-110-mt-kisco	12	assets/properties/meeting-house-rd-110-mt-kisco/12.jpg	assets/properties/meeting-house-rd-110-mt-kisco/12.webp	assets/properties/meeting-house-rd-110-mt-kisco/12-thumb.webp	296	197
Meeting House Rd (#110) - Mt Kisco	meeting-house-rd-110-mt-kisco	13	assets/properties/meeting-house-rd-110-mt-kisco/13.jpg	assets/properties/meeting-house-rd-110-mt-kisco/13.webp	assets/properties/meeting-house-rd-110-mt-kisco/13-thumb.webp	296	197
Meeting House Rd (#110) - Mt Kisco	meeting-house-rd-110-mt-kisco	14	assets/properties/meeting-house-rd-110-mt-kisco/14.jpg	assets/properties/meeting-house-rd-110-mt-kisco/14.webp	assets/properties/meeting-house-rd-110-mt-kisco/14-thumb.webp	296	197
Meeting House Rd (#110) - Mt Kisco	meeting-house-rd-110-mt-kisco	15	assets/properties/meeting-house-rd-110-mt-kisco/15.jpg	assets/properties/meeting-house-rd-110-mt-kisco/15.webp	assets/properties/meeting-house-rd-110-mt-kisco/15-thumb.webp	296	197
Meeting House Rd (#110) - Mt Kisco	meeting-house-rd-110-mt-kisco	16	assets/properties/meeting-house-rd-110-mt-kisco/16.jpg	assets/properties/meeting-house-rd-110-mt-kisco/16.webp	assets/properties/meeting-house-rd-110-mt-kisco/16-thumb.webp	296	197
Meeting House Rd (#110) - Mt Kisco	meeting-house-rd-110-mt-kisco	17	assets/properties/meeting-house-rd-110-mt-kisco/17.jpg	assets/properties/meeting-house-rd-110-mt-kisco/17.webp	assets/properties/meeting-house-rd-110-mt-kisco/17-thumb.webp	296	197
Meeting House Rd (#110) - Mt Kisco	meeting-house-rd-110-mt-kisco	18	assets/properties/meeting-house-rd-110-mt-kisco/18.jpg	assets/properties/meeting-house-rd-110-mt-kisco/18.webp	assets/properties/meeting-house-rd-110-mt-kisco/18-thumb.webp	296	197
Meeting House Rd (#110) - Mt Kisco	meeting-house-rd-110-mt-kisco	19	assets/properties/meeting-house-rd-110-mt-kisco/19.jpg	assets/properties/meeting-house-rd-110-mt-kisco/19.webp	assets/properties/meeting-house-rd-110-mt-kisco/19-thumb.webp	296	197
Meeting House Rd (#110) - Mt Kisco	meeting-house-rd-110-mt-kisco	20	assets/properties/meeting-house-rd-110-mt-kisco/20.jpg	assets/properties/meeting-house-rd-110-mt-kisco/20.webp	assets/properties/meeting-house-rd-110-mt-kisco/20-thumb.webp	296	197
Meeting House Rd (#110) - Mt Kisco	meeting-house-rd-110-mt-kisco	21	assets/properties/meeting-house-rd-110-mt-kisco/21.jpg	assets/properties/meeting-house-rd-110-mt-kisco/21.webp	assets/properties/meeting-house-rd-110-mt-kisco/21-thumb.webp	296	197
Meeting House Rd (#110) - Mt Kisco	meeting-house-rd-110-mt-kisco	22	assets/properties/meeting-house-rd-110-mt-kisco/22.jpg	assets/properties/meeting-house-rd-110-mt-kisco/22.webp	assets/properties/meeting-house-rd-110-mt-kisco/22-thumb.webp	296	197
Meeting House Rd (#110) - Mt Kisco	meeting-house-rd-110-mt-kisco	23	assets/properties/meeting-house-rd-110-mt-kisco/23.jpg	assets/properties/meeting-house-rd-110-mt-kisco/23.webp	assets/properties/meeting-house-rd-110-mt-kisco/23-thumb.webp	296	197
Meeting House Rd (#110) - Mt Kisco	meeting-house-rd-110-mt-kisco	24	assets/properties/meeting-house-rd-110-mt-kisco/24.jpg	assets/properties/meeting-house-rd-110-mt-kisco/24.webp	assets/properties/meeting-house-rd-110-mt-kisco/24-thumb.webp	296	196
Meeting House Rd (#110) - Mt Kisco	meeting-house-rd-110-mt-kisco	25	assets/properties/meeting-house-rd-110-mt-kisco/25.jpg	assets/properties/meeting-house-rd-110-mt-kisco/25.webp	assets/properties/meeting-house-rd-110-mt-kisco/25-thumb.webp	296	197
Meeting House Rd (#110) - Mt Kisco	meeting-house-rd-110-mt-kisco	26	assets/properties/meeting-house-rd-110-mt-kisco/26.jpg	assets/properties/meeting-house-rd-110-mt-kisco/26.webp	assets/properties/meeting-house-rd-110-mt-kisco/26-thumb.webp	296	197
Meeting House Rd (#110) - Mt Kisco	meeting-house-rd-110-mt-kisco	27	assets/properties/meeting-house-rd-110-mt-kisco/27.jpg	assets/properties/meeting-house-rd-110-mt-kisco/27.webp	assets/properties/meeting-house-rd-110-mt-kisco/27-thumb.webp	296	197
Meeting House Rd (#110) - Mt Kisco	meeting-house-rd-110-mt-kisco	28	assets/properties/meeting-house-rd-110-mt-kisco/28.jpg	assets/properties/meeting-house-rd-110-mt-kisco/28.webp	assets/properties/meeting-house-rd-110-mt-kisco/28-thumb.webp	296	222
Meeting House Rd (#110) - Mt Kisco	meeting-house-rd-110-mt-kisco	29	assets/properties/meeting-house-rd-110-mt-kisco/29.jpg	assets/properties/meeting-house-rd-110-mt-kisco/29.webp	assets/properties/meeting-house-rd-110-mt-kisco/29-thumb.webp	296	197
Meeting House Rd (#110) - Mt Kisco	meeting-house-rd-110-mt-kisco	30	assets/properties/meeting-house-rd-110-mt-kisco/30.jpg	assets/properties/meeting-house-rd-110-mt-kisco/30.webp	assets/properties/meeting-house-rd-110-mt-kisco/30-thumb.webp	296	197
Meeting House Rd (#110) - Mt Kisco	meeting-house-rd-110-mt-kisco	31	assets/properties/meeting-house-rd-110-mt-kisco/31.jpg	assets/properties/meeting-house-rd-110-mt-kisco/31.webp	assets/properties/meeting-house-rd-110-mt-kisco/31-thumb.webp	296	197
Meeting House Rd (#110) - Mt Kisco	meeting-house-rd-110-mt-kisco	32	assets/properties/meeting-house-rd-110-mt-kisco/32.jpg	assets/properties/meeting-house-rd-110-mt-kisco/32.webp	assets/properties/meeting-house-rd-110-mt-kisco/32-thumb.webp	296	197
Meeting House Rd (#110) - Mt Kisco	meeting-house-rd-110-mt-kisco	33	assets/properties/meeting-house-rd-110-mt-kisco/33.jpg	assets/properties/meeting-house-rd-110-mt-kisco/33.webp	assets/properties/meeting-house-rd-110-mt-kisco/33-thumb.webp	295	222
Meeting House Rd (#110) - Mt Kisco	meeting-house-rd-110-mt-kisco	34	assets/properties/meeting-house-rd-110-mt-kisco/34.jpg	assets/properties/meeting-house-rd-110-mt-kisco/34.webp	assets/properties/meeting-house-rd-110-mt-kisco/34-thumb.webp	296	222
Meeting House Rd (#110) - Mt Kisco	meeting-house-rd-110-mt-kisco	35	assets/properties/meeting-house-rd-110-mt-kisco/35.jpg	assets/properties/meeting-house-rd-110-mt-kisco/35.webp	assets/properties/meeting-house-rd-110-mt-kisco/35-thumb.webp	296	222
Morris Court (5) - Rye	morris-court-5-rye	01	assets/properties/morris-court-5-rye/01.jpg	assets/properties/morris-court-5-rye/01.webp	assets/properties/morris-court-5-rye/01-thumb.webp	1024	682
Morris Court (5) - Rye	morris-court-5-rye	02	assets/properties/morris-court-5-rye/02.jpg	assets/properties/morris-court-5-rye/02.webp	assets/properties/morris-court-5-rye/02-thumb.webp	1024	682
Morris Court (5) - Rye	morris-court-5-rye	03	assets/properties/morris-court-5-rye/03.jpg	assets/properties/morris-court-5-rye/03.webp	assets/properties/morris-court-5-rye/03-thumb.webp	1024	682
Morris Court (5) - Rye	morris-court-5-rye	04	assets/properties/morris-court-5-rye/04.jpg	assets/properties/morris-court-5-rye/04.webp	assets/properties/morris-court-5-rye/04-thumb.webp	1024	682
Morris Court (5) - Rye	morris-court-5-rye	05	assets/properties/morris-court-5-rye/05.jpg	assets/properties/morris-court-5-rye/05.webp	assets/properties/morris-court-5-rye/05-thumb.webp	1024	681
Morris Court (5) - Rye	morris-court-5-rye	06	assets/properties/morris-court-5-rye/06.jpg	assets/properties/morris-court-5-rye/06.webp	assets/properties/morris-court-5-rye/06-thumb.webp	1024	682
Morris Court (5) - Rye	morris-court-5-rye	07	assets/properties/morris-court-5-rye/07.jpg	assets/properties/morris-court-5-rye/07.webp	assets/properties/morris-court-5-rye/07-thumb.webp	1024	682
Morris Court (5) - Rye	morris-court-5-rye	08	assets/properties/morris-court-5-rye/08.jpg	assets/properties/morris-court-5-rye/08.webp	assets/properties/morris-court-5-rye/08-thumb.webp	1024	681
Morris Court (5) - Rye	morris-court-5-rye	09	assets/properties/morris-court-5-rye/09.jpg	assets/properties/morris-court-5-rye/09.webp	assets/properties/morris-court-5-rye/09-thumb.webp	1024	682
Morris Court (5) - Rye	morris-court-5-rye	10	assets/properties/morris-court-5-rye/10.jpg	assets/properties/morris-court-5-rye/10.webp	assets/properties/morris-court-5-rye/10-thumb.webp	1024	682
Morris Court (5) - Rye	morris-court-5-rye	11	assets/properties/morris-court-5-rye/11.jpg	assets/properties/morris-court-5-rye/11.webp	assets/properties/morris-court-5-rye/11-thumb.webp	1024	682
Morris Court (5) - Rye	morris-court-5-rye	12	assets/properties/morris-court-5-rye/12.jpg	assets/properties/morris-court-5-rye/12.webp	assets/properties/morris-court-5-rye/12-thumb.webp	1024	682
Morris Court (5) - Rye	morris-court-5-rye	13	assets/properties/morris-court-5-rye/13.jpg	assets/properties/morris-court-5-rye/13.webp	assets/properties/morris-court-5-rye/13-thumb.webp	1024	682
Morris Court (5) - Rye	morris-court-5-rye	14	assets/properties/morris-court-5-rye/14.jpg	assets/properties/morris-court-5-rye/14.webp	assets/properties/morris-court-5-rye/14-thumb.webp	1024	682
Morris Court (5) - Rye	morris-court-5-rye	15	assets/properties/morris-court-5-rye/15.jpg	assets/properties/morris-court-5-rye/15.webp	assets/properties/morris-court-5-rye/15-thumb.webp	1024	682
Morris Court (5) - Rye	morris-court-5-rye	16	assets/properties/morris-court-5-rye/16.jpg	assets/properties/morris-court-5-rye/16.webp	assets/properties/morris-court-5-rye/16-thumb.webp	1024	682
Morris Court (5) - Rye	morris-court-5-rye	17	assets/properties/morris-court-5-rye/17.jpg	assets/properties/morris-court-5-rye/17.webp	assets/properties/morris-court-5-rye/17-thumb.webp	1024	682
Morris Court (5) - Rye	morris-court-5-rye	18	assets/properties/morris-court-5-rye/18.jpg	assets/properties/morris-court-5-rye/18.webp	assets/properties/morris-court-5-rye/18-thumb.webp	1024	682
Morris Court (5) - Rye	morris-court-5-rye	19	assets/properties/morris-court-5-rye/19.jpg	assets/properties/morris-court-5-rye/19.webp	assets/properties/morris-court-5-rye/19-thumb.webp	1024	683
Morris Court (5) - Rye	morris-court-5-rye	20	assets/properties/morris-court-5-rye/20.jpg	assets/properties/morris-court-5-rye/20.webp	assets/properties/morris-court-5-rye/20-thumb.webp	1024	682
Morris Court (5) - Rye	morris-court-5-rye	21	assets/properties/morris-court-5-rye/21.jpg	assets/properties/morris-court-5-rye/21.webp	assets/properties/morris-court-5-rye/21-thumb.webp	1024	682
Morris Court (5) - Rye	morris-court-5-rye	22	assets/properties/morris-court-5-rye/22.jpg	assets/properties/morris-court-5-rye/22.webp	assets/properties/morris-court-5-rye/22-thumb.webp	1024	682
Morris Court (5) - Rye	morris-court-5-rye	23	assets/properties/morris-court-5-rye/23.jpg	assets/properties/morris-court-5-rye/23.webp	assets/properties/morris-court-5-rye/23-thumb.webp	1024	682
Morris Court (5) - Rye	morris-court-5-rye	24	assets/properties/morris-court-5-rye/24.jpg	assets/properties/morris-court-5-rye/24.webp	assets/properties/morris-court-5-rye/24-thumb.webp	1024	682
Morris Court (5) - Rye	morris-court-5-rye	25	assets/properties/morris-court-5-rye/25.jpg	assets/properties/morris-court-5-rye/25.webp	assets/properties/morris-court-5-rye/25-thumb.webp	1024	682
Morris Court (5) - Rye	morris-court-5-rye	26	assets/properties/morris-court-5-rye/26.jpg	assets/properties/morris-court-5-rye/26.webp	assets/properties/morris-court-5-rye/26-thumb.webp	1024	682
Morris Court (5) - Rye	morris-court-5-rye	27	assets/properties/morris-court-5-rye/27.jpg	assets/properties/morris-court-5-rye/27.webp	assets/properties/morris-court-5-rye/27-thumb.webp	1600	1200
Morris Court (5) - Rye	morris-court-5-rye	28	assets/properties/morris-court-5-rye/28.jpg	assets/properties/morris-court-5-rye/28.webp	assets/properties/morris-court-5-rye/28-thumb.webp	1024	689
Morris Court (5) - Rye	morris-court-5-rye	29	assets/properties/morris-court-5-rye/29.jpg	assets/properties/morris-court-5-rye/29.webp	assets/properties/morris-court-5-rye/29-thumb.webp	1024	688
Morris Court (5) - Rye	morris-court-5-rye	30	assets/properties/morris-court-5-rye/30.jpg	assets/properties/morris-court-5-rye/30.webp	assets/properties/morris-court-5-rye/30-thumb.webp	1024	681
Morris Court (5) - Rye	morris-court-5-rye	31	assets/properties/morris-court-5-rye/31.jpg	assets/properties/morris-court-5-rye/31.webp	assets/properties/morris-court-5-rye/31-thumb.webp	1024	682
Morris Court (7) - Rye	morris-court-7-rye	01	assets/properties/morris-court-7-rye/01.jpg	assets/properties/morris-court-7-rye/01.webp	assets/properties/morris-court-7-rye/01-thumb.webp	320	240
Morris Court (7) - Rye	morris-court-7-rye	02	assets/properties/morris-court-7-rye/02.jpg	assets/properties/morris-court-7-rye/02.webp	assets/properties/morris-court-7-rye/02-thumb.webp	1024	682
Morris Court (7) - Rye	morris-court-7-rye	03	assets/properties/morris-court-7-rye/03.jpg	assets/properties/morris-court-7-rye/03.webp	assets/properties/morris-court-7-rye/03-thumb.webp	1024	682
Morris Court (7) - Rye	morris-court-7-rye	04	assets/properties/morris-court-7-rye/04.jpg	assets/properties/morris-court-7-rye/04.webp	assets/properties/morris-court-7-rye/04-thumb.webp	1024	682
Morris Court (7) - Rye	morris-court-7-rye	05	assets/properties/morris-court-7-rye/05.jpg	assets/properties/morris-court-7-rye/05.webp	assets/properties/morris-court-7-rye/05-thumb.webp	1024	682
Morris Court (7) - Rye	morris-court-7-rye	06	assets/properties/morris-court-7-rye/06.jpg	assets/properties/morris-court-7-rye/06.webp	assets/properties/morris-court-7-rye/06-thumb.webp	1024	682
Morris Court (7) - Rye	morris-court-7-rye	07	assets/properties/morris-court-7-rye/07.jpg	assets/properties/morris-court-7-rye/07.webp	assets/properties/morris-court-7-rye/07-thumb.webp	1024	682
Morris Court (7) - Rye	morris-court-7-rye	08	assets/properties/morris-court-7-rye/08.jpg	assets/properties/morris-court-7-rye/08.webp	assets/properties/morris-court-7-rye/08-thumb.webp	1024	682
Morris Court (7) - Rye	morris-court-7-rye	09	assets/properties/morris-court-7-rye/09.jpg	assets/properties/morris-court-7-rye/09.webp	assets/properties/morris-court-7-rye/09-thumb.webp	1024	682
Morris Court (7) - Rye	morris-court-7-rye	10	assets/properties/morris-court-7-rye/10.jpg	assets/properties/morris-court-7-rye/10.webp	assets/properties/morris-court-7-rye/10-thumb.webp	1024	682
Morris Court (7) - Rye	morris-court-7-rye	11	assets/properties/morris-court-7-rye/11.jpg	assets/properties/morris-court-7-rye/11.webp	assets/properties/morris-court-7-rye/11-thumb.webp	1024	682
Morris Court (7) - Rye	morris-court-7-rye	12	assets/properties/morris-court-7-rye/12.jpg	assets/properties/morris-court-7-rye/12.webp	assets/properties/morris-court-7-rye/12-thumb.webp	1024	682
Morris Court (7) - Rye	morris-court-7-rye	13	assets/properties/morris-court-7-rye/13.jpg	assets/properties/morris-court-7-rye/13.webp	assets/properties/morris-court-7-rye/13-thumb.webp	1024	682
Morris Court (7) - Rye	morris-court-7-rye	14	assets/properties/morris-court-7-rye/14.jpg	assets/properties/morris-court-7-rye/14.webp	assets/properties/morris-court-7-rye/14-thumb.webp	320	240
Morris Court (7) - Rye	morris-court-7-rye	15	assets/properties/morris-court-7-rye/15.jpg	assets/properties/morris-court-7-rye/15.webp	assets/properties/morris-court-7-rye/15-thumb.webp	1024	682
Morris Court (7) - Rye	morris-court-7-rye	16	assets/properties/morris-court-7-rye/16.jpg	assets/properties/morris-court-7-rye/16.webp	assets/properties/morris-court-7-rye/16-thumb.webp	1024	682
Morris Court (7) - Rye	morris-court-7-rye	17	assets/properties/morris-court-7-rye/17.jpg	assets/properties/morris-court-7-rye/17.webp	assets/properties/morris-court-7-rye/17-thumb.webp	1024	682
Morris Court (7) - Rye	morris-court-7-rye	18	assets/properties/morris-court-7-rye/18.jpg	assets/properties/morris-court-7-rye/18.webp	assets/properties/morris-court-7-rye/18-thumb.webp	1024	682
Morris Court (7) - Rye	morris-court-7-rye	19	assets/properties/morris-court-7-rye/19.jpg	assets/properties/morris-court-7-rye/19.webp	assets/properties/morris-court-7-rye/19-thumb.webp	1024	682
Morris Court (7) - Rye	morris-court-7-rye	20	assets/properties/morris-court-7-rye/20.jpg	assets/properties/morris-court-7-rye/20.webp	assets/properties/morris-court-7-rye/20-thumb.webp	1024	682
Morris Court (7) - Rye	morris-court-7-rye	21	assets/properties/morris-court-7-rye/21.jpg	assets/properties/morris-court-7-rye/21.webp	assets/properties/morris-court-7-rye/21-thumb.webp	1024	682
Morris Court (7) - Rye	morris-court-7-rye	22	assets/properties/morris-court-7-rye/22.jpg	assets/properties/morris-court-7-rye/22.webp	assets/properties/morris-court-7-rye/22-thumb.webp	1024	682
Morris Court (7) - Rye	morris-court-7-rye	23	assets/properties/morris-court-7-rye/23.jpg	assets/properties/morris-court-7-rye/23.webp	assets/properties/morris-court-7-rye/23-thumb.webp	1024	682
Morris Court (7) - Rye	morris-court-7-rye	24	assets/properties/morris-court-7-rye/24.jpg	assets/properties/morris-court-7-rye/24.webp	assets/properties/morris-court-7-rye/24-thumb.webp	1024	682
Morris Court (7) - Rye	morris-court-7-rye	25	assets/properties/morris-court-7-rye/25.jpg	assets/properties/morris-court-7-rye/25.webp	assets/properties/morris-court-7-rye/25-thumb.webp	1024	682
Morris Court (7) - Rye	morris-court-7-rye	26	assets/properties/morris-court-7-rye/26.jpg	assets/properties/morris-court-7-rye/26.webp	assets/properties/morris-court-7-rye/26-thumb.webp	1024	682
Morris Court (7) - Rye	morris-court-7-rye	27	assets/properties/morris-court-7-rye/27.jpg	assets/properties/morris-court-7-rye/27.webp	assets/properties/morris-court-7-rye/27-thumb.webp	1024	682
Morris Court (7) - Rye	morris-court-7-rye	28	assets/properties/morris-court-7-rye/28.jpg	assets/properties/morris-court-7-rye/28.webp	assets/properties/morris-court-7-rye/28-thumb.webp	1024	682
Morris Court (7) - Rye	morris-court-7-rye	29	assets/properties/morris-court-7-rye/29.jpg	assets/properties/morris-court-7-rye/29.webp	assets/properties/morris-court-7-rye/29-thumb.webp	320	240
Morris Court (7) - Rye	morris-court-7-rye	30	assets/properties/morris-court-7-rye/30.jpg	assets/properties/morris-court-7-rye/30.webp	assets/properties/morris-court-7-rye/30-thumb.webp	1024	682
Morris Court (7) - Rye	morris-court-7-rye	31	assets/properties/morris-court-7-rye/31.jpg	assets/properties/morris-court-7-rye/31.webp	assets/properties/morris-court-7-rye/31-thumb.webp	1024	682
Morris Court (7) - Rye	morris-court-7-rye	32	assets/properties/morris-court-7-rye/32.jpg	assets/properties/morris-court-7-rye/32.webp	assets/properties/morris-court-7-rye/32-thumb.webp	1024	682
Morris Court (7) - Rye	morris-court-7-rye	33	assets/properties/morris-court-7-rye/33.jpg	assets/properties/morris-court-7-rye/33.webp	assets/properties/morris-court-7-rye/33-thumb.webp	1024	682
Morris Court (7) - Rye	morris-court-7-rye	34	assets/properties/morris-court-7-rye/34.jpg	assets/properties/morris-court-7-rye/34.webp	assets/properties/morris-court-7-rye/34-thumb.webp	1024	682
Morris Court (7) - Rye	morris-court-7-rye	35	assets/properties/morris-court-7-rye/35.jpg	assets/properties/morris-court-7-rye/35.webp	assets/properties/morris-court-7-rye/35-thumb.webp	1024	682
Morris Court (7) - Rye	morris-court-7-rye	36	assets/properties/morris-court-7-rye/36.jpg	assets/properties/morris-court-7-rye/36.webp	assets/properties/morris-court-7-rye/36-thumb.webp	1600	1200
Morris Court (7) - Rye	morris-court-7-rye	37	assets/properties/morris-court-7-rye/37.jpg	assets/properties/morris-court-7-rye/37.webp	assets/properties/morris-court-7-rye/37-thumb.webp	1024	682
Morris Court (7) - Rye	morris-court-7-rye	38	assets/properties/morris-court-7-rye/38.jpg	assets/properties/morris-court-7-rye/38.webp	assets/properties/morris-court-7-rye/38-thumb.webp	1024	682
Morris Court (7) - Rye	morris-court-7-rye	39	assets/properties/morris-court-7-rye/39.jpg	assets/properties/morris-court-7-rye/39.webp	assets/properties/morris-court-7-rye/39-thumb.webp	1024	682
Morris Court (7) - Rye	morris-court-7-rye	40	assets/properties/morris-court-7-rye/40.jpg	assets/properties/morris-court-7-rye/40.webp	assets/properties/morris-court-7-rye/40-thumb.webp	1024	682
Mount Holly Rd (#240) - Katonah	mount-holly-rd-240-katonah	01	assets/properties/mount-holly-rd-240-katonah/01.jpg	assets/properties/mount-holly-rd-240-katonah/01.webp	assets/properties/mount-holly-rd-240-katonah/01-thumb.webp	768	523
Mount Holly Rd (#240) - Katonah	mount-holly-rd-240-katonah	02	assets/properties/mount-holly-rd-240-katonah/02.jpg	assets/properties/mount-holly-rd-240-katonah/02.webp	assets/properties/mount-holly-rd-240-katonah/02-thumb.webp	767	511
Mount Holly Rd (#240) - Katonah	mount-holly-rd-240-katonah	03	assets/properties/mount-holly-rd-240-katonah/03.jpg	assets/properties/mount-holly-rd-240-katonah/03.webp	assets/properties/mount-holly-rd-240-katonah/03-thumb.webp	767	511
Mount Holly Rd (#240) - Katonah	mount-holly-rd-240-katonah	04	assets/properties/mount-holly-rd-240-katonah/04.jpg	assets/properties/mount-holly-rd-240-katonah/04.webp	assets/properties/mount-holly-rd-240-katonah/04-thumb.webp	767	511
Mount Holly Rd (#240) - Katonah	mount-holly-rd-240-katonah	05	assets/properties/mount-holly-rd-240-katonah/05.jpg	assets/properties/mount-holly-rd-240-katonah/05.webp	assets/properties/mount-holly-rd-240-katonah/05-thumb.webp	767	511
Mount Holly Rd (#240) - Katonah	mount-holly-rd-240-katonah	06	assets/properties/mount-holly-rd-240-katonah/06.jpg	assets/properties/mount-holly-rd-240-katonah/06.webp	assets/properties/mount-holly-rd-240-katonah/06-thumb.webp	767	511
Mount Holly Rd (#240) - Katonah	mount-holly-rd-240-katonah	07	assets/properties/mount-holly-rd-240-katonah/07.jpg	assets/properties/mount-holly-rd-240-katonah/07.webp	assets/properties/mount-holly-rd-240-katonah/07-thumb.webp	767	511
Mount Holly Rd (#240) - Katonah	mount-holly-rd-240-katonah	08	assets/properties/mount-holly-rd-240-katonah/08.jpg	assets/properties/mount-holly-rd-240-katonah/08.webp	assets/properties/mount-holly-rd-240-katonah/08-thumb.webp	767	511
Mount Holly Rd (#240) - Katonah	mount-holly-rd-240-katonah	09	assets/properties/mount-holly-rd-240-katonah/09.jpg	assets/properties/mount-holly-rd-240-katonah/09.webp	assets/properties/mount-holly-rd-240-katonah/09-thumb.webp	767	511
Mount Holly Rd (#240) - Katonah	mount-holly-rd-240-katonah	10	assets/properties/mount-holly-rd-240-katonah/10.jpg	assets/properties/mount-holly-rd-240-katonah/10.webp	assets/properties/mount-holly-rd-240-katonah/10-thumb.webp	767	511
Mount Holly Rd (#240) - Katonah	mount-holly-rd-240-katonah	11	assets/properties/mount-holly-rd-240-katonah/11.jpg	assets/properties/mount-holly-rd-240-katonah/11.webp	assets/properties/mount-holly-rd-240-katonah/11-thumb.webp	768	523
Mount Holly Rd (#240) - Katonah	mount-holly-rd-240-katonah	12	assets/properties/mount-holly-rd-240-katonah/12.jpg	assets/properties/mount-holly-rd-240-katonah/12.webp	assets/properties/mount-holly-rd-240-katonah/12-thumb.webp	768	523
Mount Holly Rd (#240) - Katonah	mount-holly-rd-240-katonah	13	assets/properties/mount-holly-rd-240-katonah/13.jpg	assets/properties/mount-holly-rd-240-katonah/13.webp	assets/properties/mount-holly-rd-240-katonah/13-thumb.webp	767	511
Mount Holly Rd (#240) - Katonah	mount-holly-rd-240-katonah	14	assets/properties/mount-holly-rd-240-katonah/14.jpg	assets/properties/mount-holly-rd-240-katonah/14.webp	assets/properties/mount-holly-rd-240-katonah/14-thumb.webp	768	523
Mount Holly Rd (#240) - Katonah	mount-holly-rd-240-katonah	15	assets/properties/mount-holly-rd-240-katonah/15.jpg	assets/properties/mount-holly-rd-240-katonah/15.webp	assets/properties/mount-holly-rd-240-katonah/15-thumb.webp	767	511
Mount Holly Rd (#240) - Katonah	mount-holly-rd-240-katonah	16	assets/properties/mount-holly-rd-240-katonah/16.jpg	assets/properties/mount-holly-rd-240-katonah/16.webp	assets/properties/mount-holly-rd-240-katonah/16-thumb.webp	767	511
Mount Holly Rd (#240) - Katonah	mount-holly-rd-240-katonah	17	assets/properties/mount-holly-rd-240-katonah/17.jpg	assets/properties/mount-holly-rd-240-katonah/17.webp	assets/properties/mount-holly-rd-240-katonah/17-thumb.webp	767	511
Mount Holly Rd (#240) - Katonah	mount-holly-rd-240-katonah	18	assets/properties/mount-holly-rd-240-katonah/18.jpg	assets/properties/mount-holly-rd-240-katonah/18.webp	assets/properties/mount-holly-rd-240-katonah/18-thumb.webp	767	511
Mount Holly Rd (#240) - Katonah	mount-holly-rd-240-katonah	19	assets/properties/mount-holly-rd-240-katonah/19.jpg	assets/properties/mount-holly-rd-240-katonah/19.webp	assets/properties/mount-holly-rd-240-katonah/19-thumb.webp	767	511
Mount Holly Rd (#240) - Katonah	mount-holly-rd-240-katonah	20	assets/properties/mount-holly-rd-240-katonah/20.jpg	assets/properties/mount-holly-rd-240-katonah/20.webp	assets/properties/mount-holly-rd-240-katonah/20-thumb.webp	767	511
Mount Holly Rd (#240) - Katonah	mount-holly-rd-240-katonah	21	assets/properties/mount-holly-rd-240-katonah/21.jpg	assets/properties/mount-holly-rd-240-katonah/21.webp	assets/properties/mount-holly-rd-240-katonah/21-thumb.webp	767	511
Mount Holly Rd (#240) - Katonah	mount-holly-rd-240-katonah	22	assets/properties/mount-holly-rd-240-katonah/22.jpg	assets/properties/mount-holly-rd-240-katonah/22.webp	assets/properties/mount-holly-rd-240-katonah/22-thumb.webp	768	523
Mount Holly Rd (#240) - Katonah	mount-holly-rd-240-katonah	23	assets/properties/mount-holly-rd-240-katonah/23.jpg	assets/properties/mount-holly-rd-240-katonah/23.webp	assets/properties/mount-holly-rd-240-katonah/23-thumb.webp	768	523
Mount Holly Rd (#240) - Katonah	mount-holly-rd-240-katonah	24	assets/properties/mount-holly-rd-240-katonah/24.jpg	assets/properties/mount-holly-rd-240-katonah/24.webp	assets/properties/mount-holly-rd-240-katonah/24-thumb.webp	767	511
Mount Holly Rd (#240) - Katonah	mount-holly-rd-240-katonah	25	assets/properties/mount-holly-rd-240-katonah/25.jpg	assets/properties/mount-holly-rd-240-katonah/25.webp	assets/properties/mount-holly-rd-240-katonah/25-thumb.webp	767	511
Mount Holly Rd (#240) - Katonah	mount-holly-rd-240-katonah	26	assets/properties/mount-holly-rd-240-katonah/26.jpg	assets/properties/mount-holly-rd-240-katonah/26.webp	assets/properties/mount-holly-rd-240-katonah/26-thumb.webp	767	511
Mount Holly Rd (#240) - Katonah	mount-holly-rd-240-katonah	27	assets/properties/mount-holly-rd-240-katonah/27.jpg	assets/properties/mount-holly-rd-240-katonah/27.webp	assets/properties/mount-holly-rd-240-katonah/27-thumb.webp	768	523
Mount Holly Rd (#240) - Katonah	mount-holly-rd-240-katonah	28	assets/properties/mount-holly-rd-240-katonah/28.jpg	assets/properties/mount-holly-rd-240-katonah/28.webp	assets/properties/mount-holly-rd-240-katonah/28-thumb.webp	768	523
Mount Holly Rd (#240) - Katonah	mount-holly-rd-240-katonah	29	assets/properties/mount-holly-rd-240-katonah/29.jpg	assets/properties/mount-holly-rd-240-katonah/29.webp	assets/properties/mount-holly-rd-240-katonah/29-thumb.webp	767	511
Oakridge condos - 3 Oakridge Drive	oakridge-condos-3-oakridge-drive	01	assets/properties/oakridge-condos-3-oakridge-drive/01.jpg	assets/properties/oakridge-condos-3-oakridge-drive/01.webp	assets/properties/oakridge-condos-3-oakridge-drive/01-thumb.webp	1600	1067
Oakridge condos - 3 Oakridge Drive	oakridge-condos-3-oakridge-drive	02	assets/properties/oakridge-condos-3-oakridge-drive/02.jpg	assets/properties/oakridge-condos-3-oakridge-drive/02.webp	assets/properties/oakridge-condos-3-oakridge-drive/02-thumb.webp	1600	1067
Oakridge condos - 3 Oakridge Drive	oakridge-condos-3-oakridge-drive	03	assets/properties/oakridge-condos-3-oakridge-drive/03.jpg	assets/properties/oakridge-condos-3-oakridge-drive/03.webp	assets/properties/oakridge-condos-3-oakridge-drive/03-thumb.webp	1600	1067
Oakridge condos - 3 Oakridge Drive	oakridge-condos-3-oakridge-drive	04	assets/properties/oakridge-condos-3-oakridge-drive/04.jpg	assets/properties/oakridge-condos-3-oakridge-drive/04.webp	assets/properties/oakridge-condos-3-oakridge-drive/04-thumb.webp	1600	1067
Oakridge condos - 3 Oakridge Drive	oakridge-condos-3-oakridge-drive	05	assets/properties/oakridge-condos-3-oakridge-drive/05.jpg	assets/properties/oakridge-condos-3-oakridge-drive/05.webp	assets/properties/oakridge-condos-3-oakridge-drive/05-thumb.webp	1600	1067
Oakridge condos - 3 Oakridge Drive	oakridge-condos-3-oakridge-drive	06	assets/properties/oakridge-condos-3-oakridge-drive/06.jpg	assets/properties/oakridge-condos-3-oakridge-drive/06.webp	assets/properties/oakridge-condos-3-oakridge-drive/06-thumb.webp	1067	1600
Oakridge condos - 3 Oakridge Drive	oakridge-condos-3-oakridge-drive	07	assets/properties/oakridge-condos-3-oakridge-drive/07.jpg	assets/properties/oakridge-condos-3-oakridge-drive/07.webp	assets/properties/oakridge-condos-3-oakridge-drive/07-thumb.webp	1600	1067
Oakridge condos - 3 Oakridge Drive	oakridge-condos-3-oakridge-drive	08	assets/properties/oakridge-condos-3-oakridge-drive/08.jpg	assets/properties/oakridge-condos-3-oakridge-drive/08.webp	assets/properties/oakridge-condos-3-oakridge-drive/08-thumb.webp	1600	1067
Oakridge condos - 3 Oakridge Drive	oakridge-condos-3-oakridge-drive	09	assets/properties/oakridge-condos-3-oakridge-drive/09.jpg	assets/properties/oakridge-condos-3-oakridge-drive/09.webp	assets/properties/oakridge-condos-3-oakridge-drive/09-thumb.webp	1600	1067
Oakridge condos - 3 Oakridge Drive	oakridge-condos-3-oakridge-drive	10	assets/properties/oakridge-condos-3-oakridge-drive/10.jpg	assets/properties/oakridge-condos-3-oakridge-drive/10.webp	assets/properties/oakridge-condos-3-oakridge-drive/10-thumb.webp	1600	1067
Oakridge condos - 3 Oakridge Drive	oakridge-condos-3-oakridge-drive	11	assets/properties/oakridge-condos-3-oakridge-drive/11.jpg	assets/properties/oakridge-condos-3-oakridge-drive/11.webp	assets/properties/oakridge-condos-3-oakridge-drive/11-thumb.webp	1600	1067
Oakridge condos - 3 Oakridge Drive	oakridge-condos-3-oakridge-drive	12	assets/properties/oakridge-condos-3-oakridge-drive/12.jpg	assets/properties/oakridge-condos-3-oakridge-drive/12.webp	assets/properties/oakridge-condos-3-oakridge-drive/12-thumb.webp	1600	1067
Oakridge condos - 3 Oakridge Drive	oakridge-condos-3-oakridge-drive	13	assets/properties/oakridge-condos-3-oakridge-drive/13.jpg	assets/properties/oakridge-condos-3-oakridge-drive/13.webp	assets/properties/oakridge-condos-3-oakridge-drive/13-thumb.webp	1600	1067
Oakridge condos - 3 Oakridge Drive	oakridge-condos-3-oakridge-drive	14	assets/properties/oakridge-condos-3-oakridge-drive/14.jpg	assets/properties/oakridge-condos-3-oakridge-drive/14.webp	assets/properties/oakridge-condos-3-oakridge-drive/14-thumb.webp	1600	1067
Oakridge condos - 3 Oakridge Drive	oakridge-condos-3-oakridge-drive	15	assets/properties/oakridge-condos-3-oakridge-drive/15.jpg	assets/properties/oakridge-condos-3-oakridge-drive/15.webp	assets/properties/oakridge-condos-3-oakridge-drive/15-thumb.webp	1600	1067
Oakridge condos - 3 Oakridge Drive	oakridge-condos-3-oakridge-drive	16	assets/properties/oakridge-condos-3-oakridge-drive/16.jpg	assets/properties/oakridge-condos-3-oakridge-drive/16.webp	assets/properties/oakridge-condos-3-oakridge-drive/16-thumb.webp	1600	1067
Oakridge condos - 3 Oakridge Drive	oakridge-condos-3-oakridge-drive	17	assets/properties/oakridge-condos-3-oakridge-drive/17.jpg	assets/properties/oakridge-condos-3-oakridge-drive/17.webp	assets/properties/oakridge-condos-3-oakridge-drive/17-thumb.webp	1600	1067
Oakridge condos - 3 Oakridge Drive	oakridge-condos-3-oakridge-drive	18	assets/properties/oakridge-condos-3-oakridge-drive/18.jpg	assets/properties/oakridge-condos-3-oakridge-drive/18.webp	assets/properties/oakridge-condos-3-oakridge-drive/18-thumb.webp	1600	1067
Oakridge condos - 3 Oakridge Drive	oakridge-condos-3-oakridge-drive	19	assets/properties/oakridge-condos-3-oakridge-drive/19.jpg	assets/properties/oakridge-condos-3-oakridge-drive/19.webp	assets/properties/oakridge-condos-3-oakridge-drive/19-thumb.webp	1600	1067
Oakridge condos - 3 Oakridge Drive	oakridge-condos-3-oakridge-drive	20	assets/properties/oakridge-condos-3-oakridge-drive/20.jpg	assets/properties/oakridge-condos-3-oakridge-drive/20.webp	assets/properties/oakridge-condos-3-oakridge-drive/20-thumb.webp	1600	1067
Oakridge condos - 3 Oakridge Drive	oakridge-condos-3-oakridge-drive	21	assets/properties/oakridge-condos-3-oakridge-drive/21.jpg	assets/properties/oakridge-condos-3-oakridge-drive/21.webp	assets/properties/oakridge-condos-3-oakridge-drive/21-thumb.webp	1600	1067
Oakridge condos - 3 Oakridge Drive	oakridge-condos-3-oakridge-drive	22	assets/properties/oakridge-condos-3-oakridge-drive/22.jpg	assets/properties/oakridge-condos-3-oakridge-drive/22.webp	assets/properties/oakridge-condos-3-oakridge-drive/22-thumb.webp	1600	1067
Oakridge condos - 3 Oakridge Drive	oakridge-condos-3-oakridge-drive	23	assets/properties/oakridge-condos-3-oakridge-drive/23.jpg	assets/properties/oakridge-condos-3-oakridge-drive/23.webp	assets/properties/oakridge-condos-3-oakridge-drive/23-thumb.webp	1600	1067
Oakridge condos - 3 Oakridge Drive	oakridge-condos-3-oakridge-drive	24	assets/properties/oakridge-condos-3-oakridge-drive/24.jpg	assets/properties/oakridge-condos-3-oakridge-drive/24.webp	assets/properties/oakridge-condos-3-oakridge-drive/24-thumb.webp	1600	1067
Oakridge condos - 3 Oakridge Drive	oakridge-condos-3-oakridge-drive	25	assets/properties/oakridge-condos-3-oakridge-drive/25.jpg	assets/properties/oakridge-condos-3-oakridge-drive/25.webp	assets/properties/oakridge-condos-3-oakridge-drive/25-thumb.webp	1600	1067
Oakridge condos - 3 Oakridge Drive	oakridge-condos-3-oakridge-drive	26	assets/properties/oakridge-condos-3-oakridge-drive/26.jpg	assets/properties/oakridge-condos-3-oakridge-drive/26.webp	assets/properties/oakridge-condos-3-oakridge-drive/26-thumb.webp	1600	1067
Oakridge condos - 3 Oakridge Drive	oakridge-condos-3-oakridge-drive	27	assets/properties/oakridge-condos-3-oakridge-drive/27.jpg	assets/properties/oakridge-condos-3-oakridge-drive/27.webp	assets/properties/oakridge-condos-3-oakridge-drive/27-thumb.webp	1600	1067
Oakridge condos - 3 Oakridge Drive	oakridge-condos-3-oakridge-drive	28	assets/properties/oakridge-condos-3-oakridge-drive/28.jpg	assets/properties/oakridge-condos-3-oakridge-drive/28.webp	assets/properties/oakridge-condos-3-oakridge-drive/28-thumb.webp	1600	1067
Oakridge condos - 3 Oakridge Drive	oakridge-condos-3-oakridge-drive	29	assets/properties/oakridge-condos-3-oakridge-drive/29.jpg	assets/properties/oakridge-condos-3-oakridge-drive/29.webp	assets/properties/oakridge-condos-3-oakridge-drive/29-thumb.webp	1600	1067
Oakridge condos - 3 Oakridge Drive	oakridge-condos-3-oakridge-drive	30	assets/properties/oakridge-condos-3-oakridge-drive/30.jpg	assets/properties/oakridge-condos-3-oakridge-drive/30.webp	assets/properties/oakridge-condos-3-oakridge-drive/30-thumb.webp	1600	1067
Oakridge condos - 3 Oakridge Drive	oakridge-condos-3-oakridge-drive	31	assets/properties/oakridge-condos-3-oakridge-drive/31.jpg	assets/properties/oakridge-condos-3-oakridge-drive/31.webp	assets/properties/oakridge-condos-3-oakridge-drive/31-thumb.webp	1600	1067
Oakridge condos - 3 Oakridge Drive	oakridge-condos-3-oakridge-drive	32	assets/properties/oakridge-condos-3-oakridge-drive/32.jpg	assets/properties/oakridge-condos-3-oakridge-drive/32.webp	assets/properties/oakridge-condos-3-oakridge-drive/32-thumb.webp	1600	1067
Oakridge condos - 3 Oakridge Drive	oakridge-condos-3-oakridge-drive	33	assets/properties/oakridge-condos-3-oakridge-drive/33.jpg	assets/properties/oakridge-condos-3-oakridge-drive/33.webp	assets/properties/oakridge-condos-3-oakridge-drive/33-thumb.webp	1600	1067
Oakridge condos - 3 Oakridge Drive	oakridge-condos-3-oakridge-drive	34	assets/properties/oakridge-condos-3-oakridge-drive/34.jpg	assets/properties/oakridge-condos-3-oakridge-drive/34.webp	assets/properties/oakridge-condos-3-oakridge-drive/34-thumb.webp	1600	1067
Oakridge condos - 3 Oakridge Drive	oakridge-condos-3-oakridge-drive	35	assets/properties/oakridge-condos-3-oakridge-drive/35.jpg	assets/properties/oakridge-condos-3-oakridge-drive/35.webp	assets/properties/oakridge-condos-3-oakridge-drive/35-thumb.webp	1600	1067
Oakridge condos - 3 Oakridge Drive	oakridge-condos-3-oakridge-drive	36	assets/properties/oakridge-condos-3-oakridge-drive/36.jpg	assets/properties/oakridge-condos-3-oakridge-drive/36.webp	assets/properties/oakridge-condos-3-oakridge-drive/36-thumb.webp	1600	1067
Oakridge condos - 3 Oakridge Drive	oakridge-condos-3-oakridge-drive	37	assets/properties/oakridge-condos-3-oakridge-drive/37.jpg	assets/properties/oakridge-condos-3-oakridge-drive/37.webp	assets/properties/oakridge-condos-3-oakridge-drive/37-thumb.webp	1600	1067
Oakridge condos - 3 Oakridge Drive	oakridge-condos-3-oakridge-drive	38	assets/properties/oakridge-condos-3-oakridge-drive/38.jpg	assets/properties/oakridge-condos-3-oakridge-drive/38.webp	assets/properties/oakridge-condos-3-oakridge-drive/38-thumb.webp	1600	1067
Oakridge condos - 3 Oakridge Drive	oakridge-condos-3-oakridge-drive	39	assets/properties/oakridge-condos-3-oakridge-drive/39.jpg	assets/properties/oakridge-condos-3-oakridge-drive/39.webp	assets/properties/oakridge-condos-3-oakridge-drive/39-thumb.webp	1600	1067
Oakridge condos - 3 Oakridge Drive	oakridge-condos-3-oakridge-drive	40	assets/properties/oakridge-condos-3-oakridge-drive/40.jpg	assets/properties/oakridge-condos-3-oakridge-drive/40.webp	assets/properties/oakridge-condos-3-oakridge-drive/40-thumb.webp	1600	1067
Oakridge condos - 3 Oakridge Drive	oakridge-condos-3-oakridge-drive	41	assets/properties/oakridge-condos-3-oakridge-drive/41.jpg	assets/properties/oakridge-condos-3-oakridge-drive/41.webp	assets/properties/oakridge-condos-3-oakridge-drive/41-thumb.webp	1600	1067
Oakridge condos - 3 Oakridge Drive	oakridge-condos-3-oakridge-drive	42	assets/properties/oakridge-condos-3-oakridge-drive/42.jpg	assets/properties/oakridge-condos-3-oakridge-drive/42.webp	assets/properties/oakridge-condos-3-oakridge-drive/42-thumb.webp	1600	1067
Oakridge condos - 3 Oakridge Drive	oakridge-condos-3-oakridge-drive	43	assets/properties/oakridge-condos-3-oakridge-drive/43.jpg	assets/properties/oakridge-condos-3-oakridge-drive/43.webp	assets/properties/oakridge-condos-3-oakridge-drive/43-thumb.webp	1600	1067
Oakridge condos - 3 Oakridge Drive	oakridge-condos-3-oakridge-drive	44	assets/properties/oakridge-condos-3-oakridge-drive/44.jpg	assets/properties/oakridge-condos-3-oakridge-drive/44.webp	assets/properties/oakridge-condos-3-oakridge-drive/44-thumb.webp	1600	1067
Oakridge condos - 3 Oakridge Drive	oakridge-condos-3-oakridge-drive	45	assets/properties/oakridge-condos-3-oakridge-drive/45.jpg	assets/properties/oakridge-condos-3-oakridge-drive/45.webp	assets/properties/oakridge-condos-3-oakridge-drive/45-thumb.webp	1600	1067
Oakridge condos - 3 Oakridge Drive	oakridge-condos-3-oakridge-drive	46	assets/properties/oakridge-condos-3-oakridge-drive/46.jpg	assets/properties/oakridge-condos-3-oakridge-drive/46.webp	assets/properties/oakridge-condos-3-oakridge-drive/46-thumb.webp	1600	1067
Oakridge condos - 3 Oakridge Drive	oakridge-condos-3-oakridge-drive	47	assets/properties/oakridge-condos-3-oakridge-drive/47.jpg	assets/properties/oakridge-condos-3-oakridge-drive/47.webp	assets/properties/oakridge-condos-3-oakridge-drive/47-thumb.webp	1600	1067
Oakridge condos - 3 Oakridge Drive	oakridge-condos-3-oakridge-drive	48	assets/properties/oakridge-condos-3-oakridge-drive/48.jpg	assets/properties/oakridge-condos-3-oakridge-drive/48.webp	assets/properties/oakridge-condos-3-oakridge-drive/48-thumb.webp	1600	1067
Oakridge condos - 3 Oakridge Drive	oakridge-condos-3-oakridge-drive	49	assets/properties/oakridge-condos-3-oakridge-drive/49.jpg	assets/properties/oakridge-condos-3-oakridge-drive/49.webp	assets/properties/oakridge-condos-3-oakridge-drive/49-thumb.webp	1600	1067
Oakridge condos - 3 Oakridge Drive	oakridge-condos-3-oakridge-drive	50	assets/properties/oakridge-condos-3-oakridge-drive/50.jpg	assets/properties/oakridge-condos-3-oakridge-drive/50.webp	assets/properties/oakridge-condos-3-oakridge-drive/50-thumb.webp	1600	1067
Oakridge condos - 3 Oakridge Drive	oakridge-condos-3-oakridge-drive	51	assets/properties/oakridge-condos-3-oakridge-drive/51.jpg	assets/properties/oakridge-condos-3-oakridge-drive/51.webp	assets/properties/oakridge-condos-3-oakridge-drive/51-thumb.webp	1600	1067
Oakridge condos - 3 Oakridge Drive	oakridge-condos-3-oakridge-drive	52	assets/properties/oakridge-condos-3-oakridge-drive/52.jpg	assets/properties/oakridge-condos-3-oakridge-drive/52.webp	assets/properties/oakridge-condos-3-oakridge-drive/52-thumb.webp	1600	1067
Oakridge condos - 3 Oakridge Drive	oakridge-condos-3-oakridge-drive	53	assets/properties/oakridge-condos-3-oakridge-drive/53.jpg	assets/properties/oakridge-condos-3-oakridge-drive/53.webp	assets/properties/oakridge-condos-3-oakridge-drive/53-thumb.webp	1600	1067
Oakridge condos - 3 Oakridge Drive	oakridge-condos-3-oakridge-drive	54	assets/properties/oakridge-condos-3-oakridge-drive/54.jpg	assets/properties/oakridge-condos-3-oakridge-drive/54.webp	assets/properties/oakridge-condos-3-oakridge-drive/54-thumb.webp	1600	1067
Oakridge condos - 3 Oakridge Drive	oakridge-condos-3-oakridge-drive	55	assets/properties/oakridge-condos-3-oakridge-drive/55.jpg	assets/properties/oakridge-condos-3-oakridge-drive/55.webp	assets/properties/oakridge-condos-3-oakridge-drive/55-thumb.webp	1600	1067
Oakridge condos - 3 Oakridge Drive	oakridge-condos-3-oakridge-drive	56	assets/properties/oakridge-condos-3-oakridge-drive/56.jpg	assets/properties/oakridge-condos-3-oakridge-drive/56.webp	assets/properties/oakridge-condos-3-oakridge-drive/56-thumb.webp	1600	1067
Oakridge condos - 3 Oakridge Drive	oakridge-condos-3-oakridge-drive	57	assets/properties/oakridge-condos-3-oakridge-drive/57.jpg	assets/properties/oakridge-condos-3-oakridge-drive/57.webp	assets/properties/oakridge-condos-3-oakridge-drive/57-thumb.webp	1600	1067
Oakridge condos - 3 Oakridge Drive	oakridge-condos-3-oakridge-drive	58	assets/properties/oakridge-condos-3-oakridge-drive/58.jpg	assets/properties/oakridge-condos-3-oakridge-drive/58.webp	assets/properties/oakridge-condos-3-oakridge-drive/58-thumb.webp	1600	1067
Oakridge condos - 3 Oakridge Drive	oakridge-condos-3-oakridge-drive	59	assets/properties/oakridge-condos-3-oakridge-drive/59.jpg	assets/properties/oakridge-condos-3-oakridge-drive/59.webp	assets/properties/oakridge-condos-3-oakridge-drive/59-thumb.webp	1600	1067
Oakridge condos - 3 Oakridge Drive	oakridge-condos-3-oakridge-drive	60	assets/properties/oakridge-condos-3-oakridge-drive/60.jpg	assets/properties/oakridge-condos-3-oakridge-drive/60.webp	assets/properties/oakridge-condos-3-oakridge-drive/60-thumb.webp	1600	1067
Oakridge condos - 3 Oakridge Drive	oakridge-condos-3-oakridge-drive	61	assets/properties/oakridge-condos-3-oakridge-drive/61.jpg	assets/properties/oakridge-condos-3-oakridge-drive/61.webp	assets/properties/oakridge-condos-3-oakridge-drive/61-thumb.webp	1600	1067
Oakridge condos - 3 Oakridge Drive	oakridge-condos-3-oakridge-drive	62	assets/properties/oakridge-condos-3-oakridge-drive/62.jpg	assets/properties/oakridge-condos-3-oakridge-drive/62.webp	assets/properties/oakridge-condos-3-oakridge-drive/62-thumb.webp	1600	1067
Oakridge condos - 3 Oakridge Drive	oakridge-condos-3-oakridge-drive	63	assets/properties/oakridge-condos-3-oakridge-drive/63.jpg	assets/properties/oakridge-condos-3-oakridge-drive/63.webp	assets/properties/oakridge-condos-3-oakridge-drive/63-thumb.webp	1600	1067
Oakridge condos - 3 Oakridge Drive	oakridge-condos-3-oakridge-drive	64	assets/properties/oakridge-condos-3-oakridge-drive/64.jpg	assets/properties/oakridge-condos-3-oakridge-drive/64.webp	assets/properties/oakridge-condos-3-oakridge-drive/64-thumb.webp	1600	1067
Oakridge condos - 3 Oakridge Drive	oakridge-condos-3-oakridge-drive	65	assets/properties/oakridge-condos-3-oakridge-drive/65.jpg	assets/properties/oakridge-condos-3-oakridge-drive/65.webp	assets/properties/oakridge-condos-3-oakridge-drive/65-thumb.webp	1600	1067
Oakridge condos - 3 Oakridge Drive	oakridge-condos-3-oakridge-drive	66	assets/properties/oakridge-condos-3-oakridge-drive/66.jpg	assets/properties/oakridge-condos-3-oakridge-drive/66.webp	assets/properties/oakridge-condos-3-oakridge-drive/66-thumb.webp	1600	1067
Oakridge condos - 3 Oakridge Drive	oakridge-condos-3-oakridge-drive	67	assets/properties/oakridge-condos-3-oakridge-drive/67.jpg	assets/properties/oakridge-condos-3-oakridge-drive/67.webp	assets/properties/oakridge-condos-3-oakridge-drive/67-thumb.webp	1600	1067
Oakridge condos - 3 Oakridge Drive	oakridge-condos-3-oakridge-drive	68	assets/properties/oakridge-condos-3-oakridge-drive/68.jpg	assets/properties/oakridge-condos-3-oakridge-drive/68.webp	assets/properties/oakridge-condos-3-oakridge-drive/68-thumb.webp	1600	1067
Oakridge condos - 3 Oakridge Drive	oakridge-condos-3-oakridge-drive	69	assets/properties/oakridge-condos-3-oakridge-drive/69.jpg	assets/properties/oakridge-condos-3-oakridge-drive/69.webp	assets/properties/oakridge-condos-3-oakridge-drive/69-thumb.webp	1600	1067
Oakridge condos - 3 Oakridge Drive	oakridge-condos-3-oakridge-drive	70	assets/properties/oakridge-condos-3-oakridge-drive/70.jpg	assets/properties/oakridge-condos-3-oakridge-drive/70.webp	assets/properties/oakridge-condos-3-oakridge-drive/70-thumb.webp	1600	1067
Oakridge condos - 3 Oakridge Drive	oakridge-condos-3-oakridge-drive	71	assets/properties/oakridge-condos-3-oakridge-drive/71.jpg	assets/properties/oakridge-condos-3-oakridge-drive/71.webp	assets/properties/oakridge-condos-3-oakridge-drive/71-thumb.webp	1600	1067
Oakridge condos - 3 Oakridge Drive	oakridge-condos-3-oakridge-drive	72	assets/properties/oakridge-condos-3-oakridge-drive/72.jpg	assets/properties/oakridge-condos-3-oakridge-drive/72.webp	assets/properties/oakridge-condos-3-oakridge-drive/72-thumb.webp	1600	1067
Oakridge condos - 3 Oakridge Drive	oakridge-condos-3-oakridge-drive	73	assets/properties/oakridge-condos-3-oakridge-drive/73.jpg	assets/properties/oakridge-condos-3-oakridge-drive/73.webp	assets/properties/oakridge-condos-3-oakridge-drive/73-thumb.webp	1600	1067
Oakridge condos - 3 Oakridge Drive	oakridge-condos-3-oakridge-drive	74	assets/properties/oakridge-condos-3-oakridge-drive/74.jpg	assets/properties/oakridge-condos-3-oakridge-drive/74.webp	assets/properties/oakridge-condos-3-oakridge-drive/74-thumb.webp	1600	1067
Oakridge condos - 3 Oakridge Drive	oakridge-condos-3-oakridge-drive	75	assets/properties/oakridge-condos-3-oakridge-drive/75.jpg	assets/properties/oakridge-condos-3-oakridge-drive/75.webp	assets/properties/oakridge-condos-3-oakridge-drive/75-thumb.webp	1600	1067
Oakridge condos - 3 Oakridge Drive	oakridge-condos-3-oakridge-drive	76	assets/properties/oakridge-condos-3-oakridge-drive/76.jpg	assets/properties/oakridge-condos-3-oakridge-drive/76.webp	assets/properties/oakridge-condos-3-oakridge-drive/76-thumb.webp	1600	1067
Oakridge condos - 3 Oakridge Drive	oakridge-condos-3-oakridge-drive	77	assets/properties/oakridge-condos-3-oakridge-drive/77.jpg	assets/properties/oakridge-condos-3-oakridge-drive/77.webp	assets/properties/oakridge-condos-3-oakridge-drive/77-thumb.webp	1600	1067
Oakridge condos - 3 Oakridge Drive	oakridge-condos-3-oakridge-drive	78	assets/properties/oakridge-condos-3-oakridge-drive/78.jpg	assets/properties/oakridge-condos-3-oakridge-drive/78.webp	assets/properties/oakridge-condos-3-oakridge-drive/78-thumb.webp	1600	1067
Oakridge condos - 3 Oakridge Drive	oakridge-condos-3-oakridge-drive	79	assets/properties/oakridge-condos-3-oakridge-drive/79.jpg	assets/properties/oakridge-condos-3-oakridge-drive/79.webp	assets/properties/oakridge-condos-3-oakridge-drive/79-thumb.webp	1600	1067
Oakridge condos - 3 Oakridge Drive	oakridge-condos-3-oakridge-drive	80	assets/properties/oakridge-condos-3-oakridge-drive/80.jpg	assets/properties/oakridge-condos-3-oakridge-drive/80.webp	assets/properties/oakridge-condos-3-oakridge-drive/80-thumb.webp	1600	1067
Oakridge condos - 3 Oakridge Drive	oakridge-condos-3-oakridge-drive	81	assets/properties/oakridge-condos-3-oakridge-drive/81.jpg	assets/properties/oakridge-condos-3-oakridge-drive/81.webp	assets/properties/oakridge-condos-3-oakridge-drive/81-thumb.webp	1600	1067
Oakridge condos - 3 Oakridge Drive	oakridge-condos-3-oakridge-drive	82	assets/properties/oakridge-condos-3-oakridge-drive/82.jpg	assets/properties/oakridge-condos-3-oakridge-drive/82.webp	assets/properties/oakridge-condos-3-oakridge-drive/82-thumb.webp	1600	1067
Oakridge condos - 3 Oakridge Drive	oakridge-condos-3-oakridge-drive	83	assets/properties/oakridge-condos-3-oakridge-drive/83.jpg	assets/properties/oakridge-condos-3-oakridge-drive/83.webp	assets/properties/oakridge-condos-3-oakridge-drive/83-thumb.webp	1600	1067
Oakridge front entrance, pool & courts	oakridge-front-entrance-pool-courts	01	assets/properties/oakridge-front-entrance-pool-courts/01.jpg	assets/properties/oakridge-front-entrance-pool-courts/01.webp	assets/properties/oakridge-front-entrance-pool-courts/01-thumb.webp	1024	683
Oakridge front entrance, pool & courts	oakridge-front-entrance-pool-courts	02	assets/properties/oakridge-front-entrance-pool-courts/02.jpg	assets/properties/oakridge-front-entrance-pool-courts/02.webp	assets/properties/oakridge-front-entrance-pool-courts/02-thumb.webp	1024	683
Old Pond Rd (#19) - South Salem	old-pond-rd-19-south-salem	01	assets/properties/old-pond-rd-19-south-salem/01.jpg	assets/properties/old-pond-rd-19-south-salem/01.webp	assets/properties/old-pond-rd-19-south-salem/01-thumb.webp	296	222
Pamela Lane (#9) - South Salem	pamela-lane-9-south-salem	01	assets/properties/pamela-lane-9-south-salem/01.jpg	assets/properties/pamela-lane-9-south-salem/01.webp	assets/properties/pamela-lane-9-south-salem/01-thumb.webp	296	197
Pamela Lane (#9) - South Salem	pamela-lane-9-south-salem	02	assets/properties/pamela-lane-9-south-salem/02.jpg	assets/properties/pamela-lane-9-south-salem/02.webp	assets/properties/pamela-lane-9-south-salem/02-thumb.webp	296	197
Pamela Lane (#9) - South Salem	pamela-lane-9-south-salem	03	assets/properties/pamela-lane-9-south-salem/03.jpg	assets/properties/pamela-lane-9-south-salem/03.webp	assets/properties/pamela-lane-9-south-salem/03-thumb.webp	296	197
Pamela Lane (#9) - South Salem	pamela-lane-9-south-salem	04	assets/properties/pamela-lane-9-south-salem/04.jpg	assets/properties/pamela-lane-9-south-salem/04.webp	assets/properties/pamela-lane-9-south-salem/04-thumb.webp	296	197
Pamela Lane (#9) - South Salem	pamela-lane-9-south-salem	05	assets/properties/pamela-lane-9-south-salem/05.jpg	assets/properties/pamela-lane-9-south-salem/05.webp	assets/properties/pamela-lane-9-south-salem/05-thumb.webp	296	197
Pamela Lane (#9) - South Salem	pamela-lane-9-south-salem	06	assets/properties/pamela-lane-9-south-salem/06.jpg	assets/properties/pamela-lane-9-south-salem/06.webp	assets/properties/pamela-lane-9-south-salem/06-thumb.webp	296	197
Pamela Lane (#9) - South Salem	pamela-lane-9-south-salem	07	assets/properties/pamela-lane-9-south-salem/07.jpg	assets/properties/pamela-lane-9-south-salem/07.webp	assets/properties/pamela-lane-9-south-salem/07-thumb.webp	296	197
Pamela Lane (#9) - South Salem	pamela-lane-9-south-salem	08	assets/properties/pamela-lane-9-south-salem/08.jpg	assets/properties/pamela-lane-9-south-salem/08.webp	assets/properties/pamela-lane-9-south-salem/08-thumb.webp	296	197
Pamela Lane (#9) - South Salem	pamela-lane-9-south-salem	09	assets/properties/pamela-lane-9-south-salem/09.jpg	assets/properties/pamela-lane-9-south-salem/09.webp	assets/properties/pamela-lane-9-south-salem/09-thumb.webp	296	197
Pamela Lane (#9) - South Salem	pamela-lane-9-south-salem	10	assets/properties/pamela-lane-9-south-salem/10.jpg	assets/properties/pamela-lane-9-south-salem/10.webp	assets/properties/pamela-lane-9-south-salem/10-thumb.webp	296	197
Pamela Lane (#9) - South Salem	pamela-lane-9-south-salem	11	assets/properties/pamela-lane-9-south-salem/11.jpg	assets/properties/pamela-lane-9-south-salem/11.webp	assets/properties/pamela-lane-9-south-salem/11-thumb.webp	296	197
Pamela Lane (#9) - South Salem	pamela-lane-9-south-salem	12	assets/properties/pamela-lane-9-south-salem/12.jpg	assets/properties/pamela-lane-9-south-salem/12.webp	assets/properties/pamela-lane-9-south-salem/12-thumb.webp	296	197
Pamela Lane (#9) - South Salem	pamela-lane-9-south-salem	13	assets/properties/pamela-lane-9-south-salem/13.jpg	assets/properties/pamela-lane-9-south-salem/13.webp	assets/properties/pamela-lane-9-south-salem/13-thumb.webp	296	197
Pamela Lane (#9) - South Salem	pamela-lane-9-south-salem	14	assets/properties/pamela-lane-9-south-salem/14.jpg	assets/properties/pamela-lane-9-south-salem/14.webp	assets/properties/pamela-lane-9-south-salem/14-thumb.webp	296	197
Pamela Lane (#9) - South Salem	pamela-lane-9-south-salem	15	assets/properties/pamela-lane-9-south-salem/15.jpg	assets/properties/pamela-lane-9-south-salem/15.webp	assets/properties/pamela-lane-9-south-salem/15-thumb.webp	296	197
Pamela Lane (#9) - South Salem	pamela-lane-9-south-salem	16	assets/properties/pamela-lane-9-south-salem/16.jpg	assets/properties/pamela-lane-9-south-salem/16.webp	assets/properties/pamela-lane-9-south-salem/16-thumb.webp	296	197
Pamela Lane (#9) - South Salem	pamela-lane-9-south-salem	17	assets/properties/pamela-lane-9-south-salem/17.jpg	assets/properties/pamela-lane-9-south-salem/17.webp	assets/properties/pamela-lane-9-south-salem/17-thumb.webp	296	197
Pamela Lane (#9) - South Salem	pamela-lane-9-south-salem	18	assets/properties/pamela-lane-9-south-salem/18.jpg	assets/properties/pamela-lane-9-south-salem/18.webp	assets/properties/pamela-lane-9-south-salem/18-thumb.webp	296	197
Pamela Lane (#9) - South Salem	pamela-lane-9-south-salem	19	assets/properties/pamela-lane-9-south-salem/19.jpg	assets/properties/pamela-lane-9-south-salem/19.webp	assets/properties/pamela-lane-9-south-salem/19-thumb.webp	296	197
Pamela Lane (#9) - South Salem	pamela-lane-9-south-salem	20	assets/properties/pamela-lane-9-south-salem/20.jpg	assets/properties/pamela-lane-9-south-salem/20.webp	assets/properties/pamela-lane-9-south-salem/20-thumb.webp	296	197
Pamela Lane (#9) - South Salem	pamela-lane-9-south-salem	21	assets/properties/pamela-lane-9-south-salem/21.jpg	assets/properties/pamela-lane-9-south-salem/21.webp	assets/properties/pamela-lane-9-south-salem/21-thumb.webp	296	197
Pamela Lane (#9) - South Salem	pamela-lane-9-south-salem	22	assets/properties/pamela-lane-9-south-salem/22.jpg	assets/properties/pamela-lane-9-south-salem/22.webp	assets/properties/pamela-lane-9-south-salem/22-thumb.webp	296	197
Pamela Lane (#9) - South Salem	pamela-lane-9-south-salem	23	assets/properties/pamela-lane-9-south-salem/23.jpg	assets/properties/pamela-lane-9-south-salem/23.webp	assets/properties/pamela-lane-9-south-salem/23-thumb.webp	296	197
Pamela Lane (#9) - South Salem	pamela-lane-9-south-salem	24	assets/properties/pamela-lane-9-south-salem/24.jpg	assets/properties/pamela-lane-9-south-salem/24.webp	assets/properties/pamela-lane-9-south-salem/24-thumb.webp	296	197
Pamela Lane (#9) - South Salem	pamela-lane-9-south-salem	25	assets/properties/pamela-lane-9-south-salem/25.jpg	assets/properties/pamela-lane-9-south-salem/25.webp	assets/properties/pamela-lane-9-south-salem/25-thumb.webp	296	222
Quarry Lane (#14) - Bedford	quarry-lane-14-bedford	01	assets/properties/quarry-lane-14-bedford/01.jpg	assets/properties/quarry-lane-14-bedford/01.webp	assets/properties/quarry-lane-14-bedford/01-thumb.webp	767	575
Quarry Lane (#14) - Bedford	quarry-lane-14-bedford	02	assets/properties/quarry-lane-14-bedford/02.jpg	assets/properties/quarry-lane-14-bedford/02.webp	assets/properties/quarry-lane-14-bedford/02-thumb.webp	767	575
Quarry Lane (#14) - Bedford	quarry-lane-14-bedford	03	assets/properties/quarry-lane-14-bedford/03.jpg	assets/properties/quarry-lane-14-bedford/03.webp	assets/properties/quarry-lane-14-bedford/03-thumb.webp	767	575
Quarry Lane (#14) - Bedford	quarry-lane-14-bedford	04	assets/properties/quarry-lane-14-bedford/04.jpg	assets/properties/quarry-lane-14-bedford/04.webp	assets/properties/quarry-lane-14-bedford/04-thumb.webp	767	431
Quarry Lane (#14) - Bedford	quarry-lane-14-bedford	05	assets/properties/quarry-lane-14-bedford/05.jpg	assets/properties/quarry-lane-14-bedford/05.webp	assets/properties/quarry-lane-14-bedford/05-thumb.webp	767	431
Quarry Lane (#14) - Bedford	quarry-lane-14-bedford	06	assets/properties/quarry-lane-14-bedford/06.jpg	assets/properties/quarry-lane-14-bedford/06.webp	assets/properties/quarry-lane-14-bedford/06-thumb.webp	767	431
Quarry Lane (#14) - Bedford	quarry-lane-14-bedford	07	assets/properties/quarry-lane-14-bedford/07.jpg	assets/properties/quarry-lane-14-bedford/07.webp	assets/properties/quarry-lane-14-bedford/07-thumb.webp	767	431
Quarry Lane (#14) - Bedford	quarry-lane-14-bedford	08	assets/properties/quarry-lane-14-bedford/08.jpg	assets/properties/quarry-lane-14-bedford/08.webp	assets/properties/quarry-lane-14-bedford/08-thumb.webp	767	431
Quarry Lane (#14) - Bedford	quarry-lane-14-bedford	09	assets/properties/quarry-lane-14-bedford/09.jpg	assets/properties/quarry-lane-14-bedford/09.webp	assets/properties/quarry-lane-14-bedford/09-thumb.webp	401	225
Quarry Lane (#14) - Bedford	quarry-lane-14-bedford	10	assets/properties/quarry-lane-14-bedford/10.jpg	assets/properties/quarry-lane-14-bedford/10.webp	assets/properties/quarry-lane-14-bedford/10-thumb.webp	401	225
Quarry Lane (#14) - Bedford	quarry-lane-14-bedford	11	assets/properties/quarry-lane-14-bedford/11.jpg	assets/properties/quarry-lane-14-bedford/11.webp	assets/properties/quarry-lane-14-bedford/11-thumb.webp	767	575
Quarry Lane (#14) - Bedford	quarry-lane-14-bedford	12	assets/properties/quarry-lane-14-bedford/12.jpg	assets/properties/quarry-lane-14-bedford/12.webp	assets/properties/quarry-lane-14-bedford/12-thumb.webp	401	225
Quarry Lane (#14) - Bedford	quarry-lane-14-bedford	13	assets/properties/quarry-lane-14-bedford/13.jpg	assets/properties/quarry-lane-14-bedford/13.webp	assets/properties/quarry-lane-14-bedford/13-thumb.webp	767	431
Quarry Lane (#14) - Bedford	quarry-lane-14-bedford	14	assets/properties/quarry-lane-14-bedford/14.jpg	assets/properties/quarry-lane-14-bedford/14.webp	assets/properties/quarry-lane-14-bedford/14-thumb.webp	401	225
Quarry Lane (#14) - Bedford	quarry-lane-14-bedford	15	assets/properties/quarry-lane-14-bedford/15.jpg	assets/properties/quarry-lane-14-bedford/15.webp	assets/properties/quarry-lane-14-bedford/15-thumb.webp	401	225
Quarry Lane (#14) - Bedford	quarry-lane-14-bedford	16	assets/properties/quarry-lane-14-bedford/16.jpg	assets/properties/quarry-lane-14-bedford/16.webp	assets/properties/quarry-lane-14-bedford/16-thumb.webp	401	225
Quarry Lane (#14) - Bedford	quarry-lane-14-bedford	17	assets/properties/quarry-lane-14-bedford/17.jpg	assets/properties/quarry-lane-14-bedford/17.webp	assets/properties/quarry-lane-14-bedford/17-thumb.webp	401	225
Quarry Lane (#14) - Bedford	quarry-lane-14-bedford	18	assets/properties/quarry-lane-14-bedford/18.jpg	assets/properties/quarry-lane-14-bedford/18.webp	assets/properties/quarry-lane-14-bedford/18-thumb.webp	401	225
Quarry Lane (#14) - Bedford	quarry-lane-14-bedford	19	assets/properties/quarry-lane-14-bedford/19.jpg	assets/properties/quarry-lane-14-bedford/19.webp	assets/properties/quarry-lane-14-bedford/19-thumb.webp	767	431
Quarry Lane (#14) - Bedford	quarry-lane-14-bedford	20	assets/properties/quarry-lane-14-bedford/20.jpg	assets/properties/quarry-lane-14-bedford/20.webp	assets/properties/quarry-lane-14-bedford/20-thumb.webp	767	431
Quarry Lane (#14) - Bedford	quarry-lane-14-bedford	21	assets/properties/quarry-lane-14-bedford/21.jpg	assets/properties/quarry-lane-14-bedford/21.webp	assets/properties/quarry-lane-14-bedford/21-thumb.webp	767	431
Quarry Lane (#14) - Bedford	quarry-lane-14-bedford	22	assets/properties/quarry-lane-14-bedford/22.jpg	assets/properties/quarry-lane-14-bedford/22.webp	assets/properties/quarry-lane-14-bedford/22-thumb.webp	767	431
Quarry Lane (#14) - Bedford	quarry-lane-14-bedford	23	assets/properties/quarry-lane-14-bedford/23.jpg	assets/properties/quarry-lane-14-bedford/23.webp	assets/properties/quarry-lane-14-bedford/23-thumb.webp	767	431
Quarry Lane (#14) - Bedford	quarry-lane-14-bedford	24	assets/properties/quarry-lane-14-bedford/24.jpg	assets/properties/quarry-lane-14-bedford/24.webp	assets/properties/quarry-lane-14-bedford/24-thumb.webp	767	575
Quarry Lane (#14) - Bedford	quarry-lane-14-bedford	25	assets/properties/quarry-lane-14-bedford/25.jpg	assets/properties/quarry-lane-14-bedford/25.webp	assets/properties/quarry-lane-14-bedford/25-thumb.webp	767	575
Quarry Lane (#14) - Bedford	quarry-lane-14-bedford	26	assets/properties/quarry-lane-14-bedford/26.jpg	assets/properties/quarry-lane-14-bedford/26.webp	assets/properties/quarry-lane-14-bedford/26-thumb.webp	767	575
Quarry Lane (#14) - Bedford	quarry-lane-14-bedford	27	assets/properties/quarry-lane-14-bedford/27.jpg	assets/properties/quarry-lane-14-bedford/27.webp	assets/properties/quarry-lane-14-bedford/27-thumb.webp	767	575
Quarry Lane (#14) - Bedford	quarry-lane-14-bedford	28	assets/properties/quarry-lane-14-bedford/28.jpg	assets/properties/quarry-lane-14-bedford/28.webp	assets/properties/quarry-lane-14-bedford/28-thumb.webp	767	575
Quarry Lane (#14) - Bedford	quarry-lane-14-bedford	29	assets/properties/quarry-lane-14-bedford/29.jpg	assets/properties/quarry-lane-14-bedford/29.webp	assets/properties/quarry-lane-14-bedford/29-thumb.webp	767	575
Quarry Lane (#14) - Bedford	quarry-lane-14-bedford	30	assets/properties/quarry-lane-14-bedford/30.jpg	assets/properties/quarry-lane-14-bedford/30.webp	assets/properties/quarry-lane-14-bedford/30-thumb.webp	767	575
Quarry Lane (#14) - Bedford	quarry-lane-14-bedford	31	assets/properties/quarry-lane-14-bedford/31.jpg	assets/properties/quarry-lane-14-bedford/31.webp	assets/properties/quarry-lane-14-bedford/31-thumb.webp	767	431
Quarry Lane (#14) - Bedford	quarry-lane-14-bedford	32	assets/properties/quarry-lane-14-bedford/32.jpg	assets/properties/quarry-lane-14-bedford/32.webp	assets/properties/quarry-lane-14-bedford/32-thumb.webp	767	575
Ridgefield Ave (#159) - South Salem	ridgefield-ave-159-south-salem	01	assets/properties/ridgefield-ave-159-south-salem/01.jpg	assets/properties/ridgefield-ave-159-south-salem/01.webp	assets/properties/ridgefield-ave-159-south-salem/01-thumb.webp	320	240
Ridgefield Ave (#159) - South Salem	ridgefield-ave-159-south-salem	02	assets/properties/ridgefield-ave-159-south-salem/02.jpg	assets/properties/ridgefield-ave-159-south-salem/02.webp	assets/properties/ridgefield-ave-159-south-salem/02-thumb.webp	320	240
Ridgefield Ave (#159) - South Salem	ridgefield-ave-159-south-salem	03	assets/properties/ridgefield-ave-159-south-salem/03.jpg	assets/properties/ridgefield-ave-159-south-salem/03.webp	assets/properties/ridgefield-ave-159-south-salem/03-thumb.webp	320	240
Ridgefield Ave (#159) - South Salem	ridgefield-ave-159-south-salem	04	assets/properties/ridgefield-ave-159-south-salem/04.jpg	assets/properties/ridgefield-ave-159-south-salem/04.webp	assets/properties/ridgefield-ave-159-south-salem/04-thumb.webp	320	240
Ridgefield Ave (#159) - South Salem	ridgefield-ave-159-south-salem	05	assets/properties/ridgefield-ave-159-south-salem/05.jpg	assets/properties/ridgefield-ave-159-south-salem/05.webp	assets/properties/ridgefield-ave-159-south-salem/05-thumb.webp	320	240
Ridgefield Ave (#159) - South Salem	ridgefield-ave-159-south-salem	06	assets/properties/ridgefield-ave-159-south-salem/06.jpg	assets/properties/ridgefield-ave-159-south-salem/06.webp	assets/properties/ridgefield-ave-159-south-salem/06-thumb.webp	320	240
Ridgefield Ave (#159) - South Salem	ridgefield-ave-159-south-salem	07	assets/properties/ridgefield-ave-159-south-salem/07.jpg	assets/properties/ridgefield-ave-159-south-salem/07.webp	assets/properties/ridgefield-ave-159-south-salem/07-thumb.webp	320	240
Ridgefield Ave (#159) - South Salem	ridgefield-ave-159-south-salem	08	assets/properties/ridgefield-ave-159-south-salem/08.jpg	assets/properties/ridgefield-ave-159-south-salem/08.webp	assets/properties/ridgefield-ave-159-south-salem/08-thumb.webp	320	240
Roads End Rd (#7) - South Salem	roads-end-rd-7-south-salem	01	assets/properties/roads-end-rd-7-south-salem/01.jpg	assets/properties/roads-end-rd-7-south-salem/01.webp	assets/properties/roads-end-rd-7-south-salem/01-thumb.webp	400	266
Roads End Rd (#7) - South Salem	roads-end-rd-7-south-salem	02	assets/properties/roads-end-rd-7-south-salem/02.jpg	assets/properties/roads-end-rd-7-south-salem/02.webp	assets/properties/roads-end-rd-7-south-salem/02-thumb.webp	400	266
Roads End Rd (#7) - South Salem	roads-end-rd-7-south-salem	03	assets/properties/roads-end-rd-7-south-salem/03.jpg	assets/properties/roads-end-rd-7-south-salem/03.webp	assets/properties/roads-end-rd-7-south-salem/03-thumb.webp	400	266
Roads End Rd (#7) - South Salem	roads-end-rd-7-south-salem	04	assets/properties/roads-end-rd-7-south-salem/04.jpg	assets/properties/roads-end-rd-7-south-salem/04.webp	assets/properties/roads-end-rd-7-south-salem/04-thumb.webp	400	266
Roads End Rd (#7) - South Salem	roads-end-rd-7-south-salem	05	assets/properties/roads-end-rd-7-south-salem/05.jpg	assets/properties/roads-end-rd-7-south-salem/05.webp	assets/properties/roads-end-rd-7-south-salem/05-thumb.webp	400	266
Roads End Rd (#7) - South Salem	roads-end-rd-7-south-salem	06	assets/properties/roads-end-rd-7-south-salem/06.jpg	assets/properties/roads-end-rd-7-south-salem/06.webp	assets/properties/roads-end-rd-7-south-salem/06-thumb.webp	400	266
Roads End Rd (#7) - South Salem	roads-end-rd-7-south-salem	07	assets/properties/roads-end-rd-7-south-salem/07.jpg	assets/properties/roads-end-rd-7-south-salem/07.webp	assets/properties/roads-end-rd-7-south-salem/07-thumb.webp	400	266
Roads End Rd (#7) - South Salem	roads-end-rd-7-south-salem	08	assets/properties/roads-end-rd-7-south-salem/08.jpg	assets/properties/roads-end-rd-7-south-salem/08.webp	assets/properties/roads-end-rd-7-south-salem/08-thumb.webp	400	266
Roads End Rd (#7) - South Salem	roads-end-rd-7-south-salem	09	assets/properties/roads-end-rd-7-south-salem/09.jpg	assets/properties/roads-end-rd-7-south-salem/09.webp	assets/properties/roads-end-rd-7-south-salem/09-thumb.webp	400	266
Roads End Rd (#7) - South Salem	roads-end-rd-7-south-salem	10	assets/properties/roads-end-rd-7-south-salem/10.jpg	assets/properties/roads-end-rd-7-south-salem/10.webp	assets/properties/roads-end-rd-7-south-salem/10-thumb.webp	400	266
Roads End Rd (#7) - South Salem	roads-end-rd-7-south-salem	11	assets/properties/roads-end-rd-7-south-salem/11.jpg	assets/properties/roads-end-rd-7-south-salem/11.webp	assets/properties/roads-end-rd-7-south-salem/11-thumb.webp	400	266
Roads End Rd (#7) - South Salem	roads-end-rd-7-south-salem	12	assets/properties/roads-end-rd-7-south-salem/12.jpg	assets/properties/roads-end-rd-7-south-salem/12.webp	assets/properties/roads-end-rd-7-south-salem/12-thumb.webp	400	300
Roads End Rd (#7) - South Salem	roads-end-rd-7-south-salem	13	assets/properties/roads-end-rd-7-south-salem/13.jpg	assets/properties/roads-end-rd-7-south-salem/13.webp	assets/properties/roads-end-rd-7-south-salem/13-thumb.webp	400	300
Roads End Rd (#7) - South Salem	roads-end-rd-7-south-salem	14	assets/properties/roads-end-rd-7-south-salem/14.jpg	assets/properties/roads-end-rd-7-south-salem/14.webp	assets/properties/roads-end-rd-7-south-salem/14-thumb.webp	400	300
Roads End Rd (#7) - South Salem	roads-end-rd-7-south-salem	15	assets/properties/roads-end-rd-7-south-salem/15.jpg	assets/properties/roads-end-rd-7-south-salem/15.webp	assets/properties/roads-end-rd-7-south-salem/15-thumb.webp	400	266
Roads End Rd (#7) - South Salem	roads-end-rd-7-south-salem	16	assets/properties/roads-end-rd-7-south-salem/16.jpg	assets/properties/roads-end-rd-7-south-salem/16.webp	assets/properties/roads-end-rd-7-south-salem/16-thumb.webp	400	266
Roads End Rd (#7) - South Salem	roads-end-rd-7-south-salem	17	assets/properties/roads-end-rd-7-south-salem/17.jpg	assets/properties/roads-end-rd-7-south-salem/17.webp	assets/properties/roads-end-rd-7-south-salem/17-thumb.webp	400	266
Roads End Rd (#7) - South Salem	roads-end-rd-7-south-salem	18	assets/properties/roads-end-rd-7-south-salem/18.jpg	assets/properties/roads-end-rd-7-south-salem/18.webp	assets/properties/roads-end-rd-7-south-salem/18-thumb.webp	400	266
Roads End Rd (#7) - South Salem	roads-end-rd-7-south-salem	19	assets/properties/roads-end-rd-7-south-salem/19.jpg	assets/properties/roads-end-rd-7-south-salem/19.webp	assets/properties/roads-end-rd-7-south-salem/19-thumb.webp	400	266
Roads End Rd (#7) - South Salem	roads-end-rd-7-south-salem	20	assets/properties/roads-end-rd-7-south-salem/20.jpg	assets/properties/roads-end-rd-7-south-salem/20.webp	assets/properties/roads-end-rd-7-south-salem/20-thumb.webp	400	300
Roads End Rd (#7) - South Salem	roads-end-rd-7-south-salem	21	assets/properties/roads-end-rd-7-south-salem/21.jpg	assets/properties/roads-end-rd-7-south-salem/21.webp	assets/properties/roads-end-rd-7-south-salem/21-thumb.webp	400	300
Roads End Rd (#7) - South Salem	roads-end-rd-7-south-salem	22	assets/properties/roads-end-rd-7-south-salem/22.jpg	assets/properties/roads-end-rd-7-south-salem/22.webp	assets/properties/roads-end-rd-7-south-salem/22-thumb.webp	400	300
Roads End Rd (#7) - South Salem	roads-end-rd-7-south-salem	23	assets/properties/roads-end-rd-7-south-salem/23.jpg	assets/properties/roads-end-rd-7-south-salem/23.webp	assets/properties/roads-end-rd-7-south-salem/23-thumb.webp	400	300
Roads End Rd (#7) - South Salem	roads-end-rd-7-south-salem	24	assets/properties/roads-end-rd-7-south-salem/24.jpg	assets/properties/roads-end-rd-7-south-salem/24.webp	assets/properties/roads-end-rd-7-south-salem/24-thumb.webp	400	266
Roads End Rd (#7) - South Salem	roads-end-rd-7-south-salem	25	assets/properties/roads-end-rd-7-south-salem/25.jpg	assets/properties/roads-end-rd-7-south-salem/25.webp	assets/properties/roads-end-rd-7-south-salem/25-thumb.webp	400	266
Roads End Rd (#7) - South Salem	roads-end-rd-7-south-salem	26	assets/properties/roads-end-rd-7-south-salem/26.jpg	assets/properties/roads-end-rd-7-south-salem/26.webp	assets/properties/roads-end-rd-7-south-salem/26-thumb.webp	400	266
Roads End Rd (#7) - South Salem	roads-end-rd-7-south-salem	27	assets/properties/roads-end-rd-7-south-salem/27.jpg	assets/properties/roads-end-rd-7-south-salem/27.webp	assets/properties/roads-end-rd-7-south-salem/27-thumb.webp	400	266
Roads End Rd (#7) - South Salem	roads-end-rd-7-south-salem	28	assets/properties/roads-end-rd-7-south-salem/28.jpg	assets/properties/roads-end-rd-7-south-salem/28.webp	assets/properties/roads-end-rd-7-south-salem/28-thumb.webp	400	266
Roads End Rd (#7) - South Salem	roads-end-rd-7-south-salem	29	assets/properties/roads-end-rd-7-south-salem/29.jpg	assets/properties/roads-end-rd-7-south-salem/29.webp	assets/properties/roads-end-rd-7-south-salem/29-thumb.webp	400	266
Salem Rd (#264) - Pound Ridge	salem-rd-264-pound-ridge	01	assets/properties/salem-rd-264-pound-ridge/01.jpg	assets/properties/salem-rd-264-pound-ridge/01.webp	assets/properties/salem-rd-264-pound-ridge/01-thumb.webp	1024	682
Salem Rd (#264) - Pound Ridge	salem-rd-264-pound-ridge	02	assets/properties/salem-rd-264-pound-ridge/02.jpg	assets/properties/salem-rd-264-pound-ridge/02.webp	assets/properties/salem-rd-264-pound-ridge/02-thumb.webp	1024	682
Salem Rd (#264) - Pound Ridge	salem-rd-264-pound-ridge	03	assets/properties/salem-rd-264-pound-ridge/03.jpg	assets/properties/salem-rd-264-pound-ridge/03.webp	assets/properties/salem-rd-264-pound-ridge/03-thumb.webp	1024	682
Salem Rd (#264) - Pound Ridge	salem-rd-264-pound-ridge	04	assets/properties/salem-rd-264-pound-ridge/04.jpg	assets/properties/salem-rd-264-pound-ridge/04.webp	assets/properties/salem-rd-264-pound-ridge/04-thumb.webp	1024	682
Salem Rd (#264) - Pound Ridge	salem-rd-264-pound-ridge	05	assets/properties/salem-rd-264-pound-ridge/05.jpg	assets/properties/salem-rd-264-pound-ridge/05.webp	assets/properties/salem-rd-264-pound-ridge/05-thumb.webp	1024	682
Salem Rd (#264) - Pound Ridge	salem-rd-264-pound-ridge	06	assets/properties/salem-rd-264-pound-ridge/06.jpg	assets/properties/salem-rd-264-pound-ridge/06.webp	assets/properties/salem-rd-264-pound-ridge/06-thumb.webp	1024	768
Salem Rd (#264) - Pound Ridge	salem-rd-264-pound-ridge	07	assets/properties/salem-rd-264-pound-ridge/07.jpg	assets/properties/salem-rd-264-pound-ridge/07.webp	assets/properties/salem-rd-264-pound-ridge/07-thumb.webp	1024	682
Salem Rd (#264) - Pound Ridge	salem-rd-264-pound-ridge	08	assets/properties/salem-rd-264-pound-ridge/08.jpg	assets/properties/salem-rd-264-pound-ridge/08.webp	assets/properties/salem-rd-264-pound-ridge/08-thumb.webp	1024	682
Salem Rd (#264) - Pound Ridge	salem-rd-264-pound-ridge	09	assets/properties/salem-rd-264-pound-ridge/09.jpg	assets/properties/salem-rd-264-pound-ridge/09.webp	assets/properties/salem-rd-264-pound-ridge/09-thumb.webp	1024	682
Salem Rd (#264) - Pound Ridge	salem-rd-264-pound-ridge	10	assets/properties/salem-rd-264-pound-ridge/10.jpg	assets/properties/salem-rd-264-pound-ridge/10.webp	assets/properties/salem-rd-264-pound-ridge/10-thumb.webp	1024	682
Salem Rd (#264) - Pound Ridge	salem-rd-264-pound-ridge	11	assets/properties/salem-rd-264-pound-ridge/11.jpg	assets/properties/salem-rd-264-pound-ridge/11.webp	assets/properties/salem-rd-264-pound-ridge/11-thumb.webp	1024	682
Salem Rd (#264) - Pound Ridge	salem-rd-264-pound-ridge	12	assets/properties/salem-rd-264-pound-ridge/12.jpg	assets/properties/salem-rd-264-pound-ridge/12.webp	assets/properties/salem-rd-264-pound-ridge/12-thumb.webp	1024	682
Salem Rd (#264) - Pound Ridge	salem-rd-264-pound-ridge	13	assets/properties/salem-rd-264-pound-ridge/13.jpg	assets/properties/salem-rd-264-pound-ridge/13.webp	assets/properties/salem-rd-264-pound-ridge/13-thumb.webp	1024	682
Salem Rd (#264) - Pound Ridge	salem-rd-264-pound-ridge	14	assets/properties/salem-rd-264-pound-ridge/14.jpg	assets/properties/salem-rd-264-pound-ridge/14.webp	assets/properties/salem-rd-264-pound-ridge/14-thumb.webp	1024	682
Salem Rd (#264) - Pound Ridge	salem-rd-264-pound-ridge	15	assets/properties/salem-rd-264-pound-ridge/15.jpg	assets/properties/salem-rd-264-pound-ridge/15.webp	assets/properties/salem-rd-264-pound-ridge/15-thumb.webp	1024	682
Salem Rd (#264) - Pound Ridge	salem-rd-264-pound-ridge	16	assets/properties/salem-rd-264-pound-ridge/16.jpg	assets/properties/salem-rd-264-pound-ridge/16.webp	assets/properties/salem-rd-264-pound-ridge/16-thumb.webp	1024	682
Salem Rd (#264) - Pound Ridge	salem-rd-264-pound-ridge	17	assets/properties/salem-rd-264-pound-ridge/17.jpg	assets/properties/salem-rd-264-pound-ridge/17.webp	assets/properties/salem-rd-264-pound-ridge/17-thumb.webp	1024	682
Salem Rd (#266) - Pound Ridge	salem-rd-266-pound-ridge	01	assets/properties/salem-rd-266-pound-ridge/01.jpg	assets/properties/salem-rd-266-pound-ridge/01.webp	assets/properties/salem-rd-266-pound-ridge/01-thumb.webp	296	221
Salem Rd (#266) - Pound Ridge	salem-rd-266-pound-ridge	02	assets/properties/salem-rd-266-pound-ridge/02.jpg	assets/properties/salem-rd-266-pound-ridge/02.webp	assets/properties/salem-rd-266-pound-ridge/02-thumb.webp	296	197
Salem Rd (#266) - Pound Ridge	salem-rd-266-pound-ridge	03	assets/properties/salem-rd-266-pound-ridge/03.jpg	assets/properties/salem-rd-266-pound-ridge/03.webp	assets/properties/salem-rd-266-pound-ridge/03-thumb.webp	296	197
Salem Rd (#266) - Pound Ridge	salem-rd-266-pound-ridge	04	assets/properties/salem-rd-266-pound-ridge/04.jpg	assets/properties/salem-rd-266-pound-ridge/04.webp	assets/properties/salem-rd-266-pound-ridge/04-thumb.webp	296	197
Salem Rd (#266) - Pound Ridge	salem-rd-266-pound-ridge	05	assets/properties/salem-rd-266-pound-ridge/05.jpg	assets/properties/salem-rd-266-pound-ridge/05.webp	assets/properties/salem-rd-266-pound-ridge/05-thumb.webp	296	197
Salem Rd (#266) - Pound Ridge	salem-rd-266-pound-ridge	06	assets/properties/salem-rd-266-pound-ridge/06.jpg	assets/properties/salem-rd-266-pound-ridge/06.webp	assets/properties/salem-rd-266-pound-ridge/06-thumb.webp	296	197
Salem Rd (#266) - Pound Ridge	salem-rd-266-pound-ridge	07	assets/properties/salem-rd-266-pound-ridge/07.jpg	assets/properties/salem-rd-266-pound-ridge/07.webp	assets/properties/salem-rd-266-pound-ridge/07-thumb.webp	296	197
Salem Rd (#266) - Pound Ridge	salem-rd-266-pound-ridge	08	assets/properties/salem-rd-266-pound-ridge/08.jpg	assets/properties/salem-rd-266-pound-ridge/08.webp	assets/properties/salem-rd-266-pound-ridge/08-thumb.webp	296	197
Salem Rd (#266) - Pound Ridge	salem-rd-266-pound-ridge	09	assets/properties/salem-rd-266-pound-ridge/09.jpg	assets/properties/salem-rd-266-pound-ridge/09.webp	assets/properties/salem-rd-266-pound-ridge/09-thumb.webp	296	197
Salem Rd (#266) - Pound Ridge	salem-rd-266-pound-ridge	10	assets/properties/salem-rd-266-pound-ridge/10.jpg	assets/properties/salem-rd-266-pound-ridge/10.webp	assets/properties/salem-rd-266-pound-ridge/10-thumb.webp	296	197
Salem Rd (#266) - Pound Ridge	salem-rd-266-pound-ridge	11	assets/properties/salem-rd-266-pound-ridge/11.jpg	assets/properties/salem-rd-266-pound-ridge/11.webp	assets/properties/salem-rd-266-pound-ridge/11-thumb.webp	296	197
Salem Rd (#266) - Pound Ridge	salem-rd-266-pound-ridge	12	assets/properties/salem-rd-266-pound-ridge/12.jpg	assets/properties/salem-rd-266-pound-ridge/12.webp	assets/properties/salem-rd-266-pound-ridge/12-thumb.webp	296	197
Salem Rd (#266) - Pound Ridge	salem-rd-266-pound-ridge	13	assets/properties/salem-rd-266-pound-ridge/13.jpg	assets/properties/salem-rd-266-pound-ridge/13.webp	assets/properties/salem-rd-266-pound-ridge/13-thumb.webp	296	197
Salem Rd (#266) - Pound Ridge	salem-rd-266-pound-ridge	14	assets/properties/salem-rd-266-pound-ridge/14.jpg	assets/properties/salem-rd-266-pound-ridge/14.webp	assets/properties/salem-rd-266-pound-ridge/14-thumb.webp	296	197
Salem Rd (#266) - Pound Ridge	salem-rd-266-pound-ridge	15	assets/properties/salem-rd-266-pound-ridge/15.jpg	assets/properties/salem-rd-266-pound-ridge/15.webp	assets/properties/salem-rd-266-pound-ridge/15-thumb.webp	296	197
Salem Rd (#266) - Pound Ridge	salem-rd-266-pound-ridge	16	assets/properties/salem-rd-266-pound-ridge/16.jpg	assets/properties/salem-rd-266-pound-ridge/16.webp	assets/properties/salem-rd-266-pound-ridge/16-thumb.webp	296	197
Salem Rd (#266) - Pound Ridge	salem-rd-266-pound-ridge	17	assets/properties/salem-rd-266-pound-ridge/17.jpg	assets/properties/salem-rd-266-pound-ridge/17.webp	assets/properties/salem-rd-266-pound-ridge/17-thumb.webp	296	197
Salem Rd (#266) - Pound Ridge	salem-rd-266-pound-ridge	18	assets/properties/salem-rd-266-pound-ridge/18.jpg	assets/properties/salem-rd-266-pound-ridge/18.webp	assets/properties/salem-rd-266-pound-ridge/18-thumb.webp	296	197
Salem Rd (#266) - Pound Ridge	salem-rd-266-pound-ridge	19	assets/properties/salem-rd-266-pound-ridge/19.jpg	assets/properties/salem-rd-266-pound-ridge/19.webp	assets/properties/salem-rd-266-pound-ridge/19-thumb.webp	296	197
Salem Rd (#266) - Pound Ridge	salem-rd-266-pound-ridge	20	assets/properties/salem-rd-266-pound-ridge/20.jpg	assets/properties/salem-rd-266-pound-ridge/20.webp	assets/properties/salem-rd-266-pound-ridge/20-thumb.webp	296	197
Salem Rd (#266) - Pound Ridge	salem-rd-266-pound-ridge	21	assets/properties/salem-rd-266-pound-ridge/21.jpg	assets/properties/salem-rd-266-pound-ridge/21.webp	assets/properties/salem-rd-266-pound-ridge/21-thumb.webp	296	197
Salem Rd (#266) - Pound Ridge	salem-rd-266-pound-ridge	22	assets/properties/salem-rd-266-pound-ridge/22.jpg	assets/properties/salem-rd-266-pound-ridge/22.webp	assets/properties/salem-rd-266-pound-ridge/22-thumb.webp	296	197
Salem Rd (#266) - Pound Ridge	salem-rd-266-pound-ridge	23	assets/properties/salem-rd-266-pound-ridge/23.jpg	assets/properties/salem-rd-266-pound-ridge/23.webp	assets/properties/salem-rd-266-pound-ridge/23-thumb.webp	296	197
Salem Rd (#266) - Pound Ridge	salem-rd-266-pound-ridge	24	assets/properties/salem-rd-266-pound-ridge/24.jpg	assets/properties/salem-rd-266-pound-ridge/24.webp	assets/properties/salem-rd-266-pound-ridge/24-thumb.webp	296	197
Salem Rd (#266) - Pound Ridge	salem-rd-266-pound-ridge	25	assets/properties/salem-rd-266-pound-ridge/25.jpg	assets/properties/salem-rd-266-pound-ridge/25.webp	assets/properties/salem-rd-266-pound-ridge/25-thumb.webp	296	197
Salem Rd (#266) - Pound Ridge	salem-rd-266-pound-ridge	26	assets/properties/salem-rd-266-pound-ridge/26.jpg	assets/properties/salem-rd-266-pound-ridge/26.webp	assets/properties/salem-rd-266-pound-ridge/26-thumb.webp	296	197
Salem Rd (#266) - Pound Ridge	salem-rd-266-pound-ridge	27	assets/properties/salem-rd-266-pound-ridge/27.jpg	assets/properties/salem-rd-266-pound-ridge/27.webp	assets/properties/salem-rd-266-pound-ridge/27-thumb.webp	296	197
Salem Rd (#266) - Pound Ridge	salem-rd-266-pound-ridge	28	assets/properties/salem-rd-266-pound-ridge/28.jpg	assets/properties/salem-rd-266-pound-ridge/28.webp	assets/properties/salem-rd-266-pound-ridge/28-thumb.webp	296	197
Salem Rd (#266) - Pound Ridge	salem-rd-266-pound-ridge	29	assets/properties/salem-rd-266-pound-ridge/29.jpg	assets/properties/salem-rd-266-pound-ridge/29.webp	assets/properties/salem-rd-266-pound-ridge/29-thumb.webp	296	197
Salem Rd (#266) - Pound Ridge	salem-rd-266-pound-ridge	30	assets/properties/salem-rd-266-pound-ridge/30.jpg	assets/properties/salem-rd-266-pound-ridge/30.webp	assets/properties/salem-rd-266-pound-ridge/30-thumb.webp	296	197
Salem Rd (#266) - Pound Ridge	salem-rd-266-pound-ridge	31	assets/properties/salem-rd-266-pound-ridge/31.jpg	assets/properties/salem-rd-266-pound-ridge/31.webp	assets/properties/salem-rd-266-pound-ridge/31-thumb.webp	296	197
Samuel Dann Way (#14) - Pound Ridge	samuel-dann-way-14-pound-ridge	01	assets/properties/samuel-dann-way-14-pound-ridge/01.jpg	assets/properties/samuel-dann-way-14-pound-ridge/01.webp	assets/properties/samuel-dann-way-14-pound-ridge/01-thumb.webp	320	240
Silver Spring Lane (#20) - Ridgefield, CT	silver-spring-lane-20-ridgefield-ct	01	assets/properties/silver-spring-lane-20-ridgefield-ct/01.jpg	assets/properties/silver-spring-lane-20-ridgefield-ct/01.webp	assets/properties/silver-spring-lane-20-ridgefield-ct/01-thumb.webp	597	480
Silver Spring Lane (#20) - Ridgefield, CT	silver-spring-lane-20-ridgefield-ct	02	assets/properties/silver-spring-lane-20-ridgefield-ct/02.jpg	assets/properties/silver-spring-lane-20-ridgefield-ct/02.webp	assets/properties/silver-spring-lane-20-ridgefield-ct/02-thumb.webp	640	426
Silver Spring Lane (#20) - Ridgefield, CT	silver-spring-lane-20-ridgefield-ct	03	assets/properties/silver-spring-lane-20-ridgefield-ct/03.jpg	assets/properties/silver-spring-lane-20-ridgefield-ct/03.webp	assets/properties/silver-spring-lane-20-ridgefield-ct/03-thumb.webp	640	426
Silver Spring Lane (#20) - Ridgefield, CT	silver-spring-lane-20-ridgefield-ct	04	assets/properties/silver-spring-lane-20-ridgefield-ct/04.jpg	assets/properties/silver-spring-lane-20-ridgefield-ct/04.webp	assets/properties/silver-spring-lane-20-ridgefield-ct/04-thumb.webp	640	426
Silver Spring Lane (#20) - Ridgefield, CT	silver-spring-lane-20-ridgefield-ct	05	assets/properties/silver-spring-lane-20-ridgefield-ct/05.jpg	assets/properties/silver-spring-lane-20-ridgefield-ct/05.webp	assets/properties/silver-spring-lane-20-ridgefield-ct/05-thumb.webp	640	426
Silver Spring Lane (#20) - Ridgefield, CT	silver-spring-lane-20-ridgefield-ct	06	assets/properties/silver-spring-lane-20-ridgefield-ct/06.jpg	assets/properties/silver-spring-lane-20-ridgefield-ct/06.webp	assets/properties/silver-spring-lane-20-ridgefield-ct/06-thumb.webp	640	426
Silver Spring Lane (#20) - Ridgefield, CT	silver-spring-lane-20-ridgefield-ct	07	assets/properties/silver-spring-lane-20-ridgefield-ct/07.jpg	assets/properties/silver-spring-lane-20-ridgefield-ct/07.webp	assets/properties/silver-spring-lane-20-ridgefield-ct/07-thumb.webp	640	426
Silver Spring Lane (#20) - Ridgefield, CT	silver-spring-lane-20-ridgefield-ct	08	assets/properties/silver-spring-lane-20-ridgefield-ct/08.jpg	assets/properties/silver-spring-lane-20-ridgefield-ct/08.webp	assets/properties/silver-spring-lane-20-ridgefield-ct/08-thumb.webp	640	426
Silver Spring Lane (#20) - Ridgefield, CT	silver-spring-lane-20-ridgefield-ct	09	assets/properties/silver-spring-lane-20-ridgefield-ct/09.jpg	assets/properties/silver-spring-lane-20-ridgefield-ct/09.webp	assets/properties/silver-spring-lane-20-ridgefield-ct/09-thumb.webp	640	424
Silver Spring Lane (#20) - Ridgefield, CT	silver-spring-lane-20-ridgefield-ct	10	assets/properties/silver-spring-lane-20-ridgefield-ct/10.jpg	assets/properties/silver-spring-lane-20-ridgefield-ct/10.webp	assets/properties/silver-spring-lane-20-ridgefield-ct/10-thumb.webp	640	426
Silver Spring Lane (#20) - Ridgefield, CT	silver-spring-lane-20-ridgefield-ct	11	assets/properties/silver-spring-lane-20-ridgefield-ct/11.jpg	assets/properties/silver-spring-lane-20-ridgefield-ct/11.webp	assets/properties/silver-spring-lane-20-ridgefield-ct/11-thumb.webp	640	426
Silver Spring Lane (#20) - Ridgefield, CT	silver-spring-lane-20-ridgefield-ct	12	assets/properties/silver-spring-lane-20-ridgefield-ct/12.jpg	assets/properties/silver-spring-lane-20-ridgefield-ct/12.webp	assets/properties/silver-spring-lane-20-ridgefield-ct/12-thumb.webp	640	426
Silver Spring Lane (#20) - Ridgefield, CT	silver-spring-lane-20-ridgefield-ct	13	assets/properties/silver-spring-lane-20-ridgefield-ct/13.jpg	assets/properties/silver-spring-lane-20-ridgefield-ct/13.webp	assets/properties/silver-spring-lane-20-ridgefield-ct/13-thumb.webp	640	424
Silver Spring Lane (#20) - Ridgefield, CT	silver-spring-lane-20-ridgefield-ct	14	assets/properties/silver-spring-lane-20-ridgefield-ct/14.jpg	assets/properties/silver-spring-lane-20-ridgefield-ct/14.webp	assets/properties/silver-spring-lane-20-ridgefield-ct/14-thumb.webp	640	426
Silver Spring Lane (#20) - Ridgefield, CT	silver-spring-lane-20-ridgefield-ct	15	assets/properties/silver-spring-lane-20-ridgefield-ct/15.jpg	assets/properties/silver-spring-lane-20-ridgefield-ct/15.webp	assets/properties/silver-spring-lane-20-ridgefield-ct/15-thumb.webp	640	426
Silver Spring Lane (#20) - Ridgefield, CT	silver-spring-lane-20-ridgefield-ct	16	assets/properties/silver-spring-lane-20-ridgefield-ct/16.jpg	assets/properties/silver-spring-lane-20-ridgefield-ct/16.webp	assets/properties/silver-spring-lane-20-ridgefield-ct/16-thumb.webp	640	426
Silver Spring Lane (#20) - Ridgefield, CT	silver-spring-lane-20-ridgefield-ct	17	assets/properties/silver-spring-lane-20-ridgefield-ct/17.jpg	assets/properties/silver-spring-lane-20-ridgefield-ct/17.webp	assets/properties/silver-spring-lane-20-ridgefield-ct/17-thumb.webp	640	426
Silver Spring Lane (#20) - Ridgefield, CT	silver-spring-lane-20-ridgefield-ct	18	assets/properties/silver-spring-lane-20-ridgefield-ct/18.jpg	assets/properties/silver-spring-lane-20-ridgefield-ct/18.webp	assets/properties/silver-spring-lane-20-ridgefield-ct/18-thumb.webp	640	426
Silver Spring Lane (#20) - Ridgefield, CT	silver-spring-lane-20-ridgefield-ct	19	assets/properties/silver-spring-lane-20-ridgefield-ct/19.jpg	assets/properties/silver-spring-lane-20-ridgefield-ct/19.webp	assets/properties/silver-spring-lane-20-ridgefield-ct/19-thumb.webp	640	426
Silver Spring Lane (#20) - Ridgefield, CT	silver-spring-lane-20-ridgefield-ct	20	assets/properties/silver-spring-lane-20-ridgefield-ct/20.jpg	assets/properties/silver-spring-lane-20-ridgefield-ct/20.webp	assets/properties/silver-spring-lane-20-ridgefield-ct/20-thumb.webp	640	426
Silver Spring Lane (#20) - Ridgefield, CT	silver-spring-lane-20-ridgefield-ct	21	assets/properties/silver-spring-lane-20-ridgefield-ct/21.jpg	assets/properties/silver-spring-lane-20-ridgefield-ct/21.webp	assets/properties/silver-spring-lane-20-ridgefield-ct/21-thumb.webp	640	426
Silver Spring Lane (#20) - Ridgefield, CT	silver-spring-lane-20-ridgefield-ct	22	assets/properties/silver-spring-lane-20-ridgefield-ct/22.jpg	assets/properties/silver-spring-lane-20-ridgefield-ct/22.webp	assets/properties/silver-spring-lane-20-ridgefield-ct/22-thumb.webp	640	424
Silver Spring Lane (#20) - Ridgefield, CT	silver-spring-lane-20-ridgefield-ct	23	assets/properties/silver-spring-lane-20-ridgefield-ct/23.jpg	assets/properties/silver-spring-lane-20-ridgefield-ct/23.webp	assets/properties/silver-spring-lane-20-ridgefield-ct/23-thumb.webp	640	426
Silver Spring Lane (#20) - Ridgefield, CT	silver-spring-lane-20-ridgefield-ct	24	assets/properties/silver-spring-lane-20-ridgefield-ct/24.jpg	assets/properties/silver-spring-lane-20-ridgefield-ct/24.webp	assets/properties/silver-spring-lane-20-ridgefield-ct/24-thumb.webp	640	426
Silver Spring Lane (#20) - Ridgefield, CT	silver-spring-lane-20-ridgefield-ct	25	assets/properties/silver-spring-lane-20-ridgefield-ct/25.jpg	assets/properties/silver-spring-lane-20-ridgefield-ct/25.webp	assets/properties/silver-spring-lane-20-ridgefield-ct/25-thumb.webp	640	480
Siscowit Rd (#24) - Pound Ridge	siscowit-rd-24-pound-ridge	01	assets/properties/siscowit-rd-24-pound-ridge/01.jpg	assets/properties/siscowit-rd-24-pound-ridge/01.webp	assets/properties/siscowit-rd-24-pound-ridge/01-thumb.webp	768	512
Siscowit Rd (#24) - Pound Ridge	siscowit-rd-24-pound-ridge	02	assets/properties/siscowit-rd-24-pound-ridge/02.jpg	assets/properties/siscowit-rd-24-pound-ridge/02.webp	assets/properties/siscowit-rd-24-pound-ridge/02-thumb.webp	768	512
Siscowit Rd (#24) - Pound Ridge	siscowit-rd-24-pound-ridge	03	assets/properties/siscowit-rd-24-pound-ridge/03.jpg	assets/properties/siscowit-rd-24-pound-ridge/03.webp	assets/properties/siscowit-rd-24-pound-ridge/03-thumb.webp	767	509
Siscowit Rd (#24) - Pound Ridge	siscowit-rd-24-pound-ridge	04	assets/properties/siscowit-rd-24-pound-ridge/04.jpg	assets/properties/siscowit-rd-24-pound-ridge/04.webp	assets/properties/siscowit-rd-24-pound-ridge/04-thumb.webp	1024	682
Siscowit Rd (#24) - Pound Ridge	siscowit-rd-24-pound-ridge	05	assets/properties/siscowit-rd-24-pound-ridge/05.jpg	assets/properties/siscowit-rd-24-pound-ridge/05.webp	assets/properties/siscowit-rd-24-pound-ridge/05-thumb.webp	1024	682
Siscowit Rd (#24) - Pound Ridge	siscowit-rd-24-pound-ridge	06	assets/properties/siscowit-rd-24-pound-ridge/06.jpg	assets/properties/siscowit-rd-24-pound-ridge/06.webp	assets/properties/siscowit-rd-24-pound-ridge/06-thumb.webp	1024	682
Siscowit Rd (#24) - Pound Ridge	siscowit-rd-24-pound-ridge	07	assets/properties/siscowit-rd-24-pound-ridge/07.jpg	assets/properties/siscowit-rd-24-pound-ridge/07.webp	assets/properties/siscowit-rd-24-pound-ridge/07-thumb.webp	1024	682
Siscowit Rd (#24) - Pound Ridge	siscowit-rd-24-pound-ridge	08	assets/properties/siscowit-rd-24-pound-ridge/08.jpg	assets/properties/siscowit-rd-24-pound-ridge/08.webp	assets/properties/siscowit-rd-24-pound-ridge/08-thumb.webp	1024	682
Siscowit Rd (#24) - Pound Ridge	siscowit-rd-24-pound-ridge	09	assets/properties/siscowit-rd-24-pound-ridge/09.jpg	assets/properties/siscowit-rd-24-pound-ridge/09.webp	assets/properties/siscowit-rd-24-pound-ridge/09-thumb.webp	1024	682
Siscowit Rd (#24) - Pound Ridge	siscowit-rd-24-pound-ridge	10	assets/properties/siscowit-rd-24-pound-ridge/10.jpg	assets/properties/siscowit-rd-24-pound-ridge/10.webp	assets/properties/siscowit-rd-24-pound-ridge/10-thumb.webp	1024	682
Siscowit Rd (#24) - Pound Ridge	siscowit-rd-24-pound-ridge	11	assets/properties/siscowit-rd-24-pound-ridge/11.jpg	assets/properties/siscowit-rd-24-pound-ridge/11.webp	assets/properties/siscowit-rd-24-pound-ridge/11-thumb.webp	1024	768
Siscowit Rd (#24) - Pound Ridge	siscowit-rd-24-pound-ridge	12	assets/properties/siscowit-rd-24-pound-ridge/12.jpg	assets/properties/siscowit-rd-24-pound-ridge/12.webp	assets/properties/siscowit-rd-24-pound-ridge/12-thumb.webp	1024	682
Siscowit Rd (#24) - Pound Ridge	siscowit-rd-24-pound-ridge	13	assets/properties/siscowit-rd-24-pound-ridge/13.jpg	assets/properties/siscowit-rd-24-pound-ridge/13.webp	assets/properties/siscowit-rd-24-pound-ridge/13-thumb.webp	1024	682
Siscowit Rd (#24) - Pound Ridge	siscowit-rd-24-pound-ridge	14	assets/properties/siscowit-rd-24-pound-ridge/14.jpg	assets/properties/siscowit-rd-24-pound-ridge/14.webp	assets/properties/siscowit-rd-24-pound-ridge/14-thumb.webp	1024	682
Siscowit Rd (#24) - Pound Ridge	siscowit-rd-24-pound-ridge	15	assets/properties/siscowit-rd-24-pound-ridge/15.jpg	assets/properties/siscowit-rd-24-pound-ridge/15.webp	assets/properties/siscowit-rd-24-pound-ridge/15-thumb.webp	1024	682
Siscowit Rd (#24) - Pound Ridge	siscowit-rd-24-pound-ridge	16	assets/properties/siscowit-rd-24-pound-ridge/16.jpg	assets/properties/siscowit-rd-24-pound-ridge/16.webp	assets/properties/siscowit-rd-24-pound-ridge/16-thumb.webp	1024	682
Siscowit Rd (#24) - Pound Ridge	siscowit-rd-24-pound-ridge	17	assets/properties/siscowit-rd-24-pound-ridge/17.jpg	assets/properties/siscowit-rd-24-pound-ridge/17.webp	assets/properties/siscowit-rd-24-pound-ridge/17-thumb.webp	768	768
Siscowit Rd (#24) - Pound Ridge	siscowit-rd-24-pound-ridge	18	assets/properties/siscowit-rd-24-pound-ridge/18.jpg	assets/properties/siscowit-rd-24-pound-ridge/18.webp	assets/properties/siscowit-rd-24-pound-ridge/18-thumb.webp	768	768
Siscowit Rd (#24) - Pound Ridge	siscowit-rd-24-pound-ridge	19	assets/properties/siscowit-rd-24-pound-ridge/19.jpg	assets/properties/siscowit-rd-24-pound-ridge/19.webp	assets/properties/siscowit-rd-24-pound-ridge/19-thumb.webp	768	512
Siscowit Rd (#24) - Pound Ridge	siscowit-rd-24-pound-ridge	20	assets/properties/siscowit-rd-24-pound-ridge/20.jpg	assets/properties/siscowit-rd-24-pound-ridge/20.webp	assets/properties/siscowit-rd-24-pound-ridge/20-thumb.webp	767	511
Siscowit Rd (#24) - Pound Ridge	siscowit-rd-24-pound-ridge	21	assets/properties/siscowit-rd-24-pound-ridge/21.jpg	assets/properties/siscowit-rd-24-pound-ridge/21.webp	assets/properties/siscowit-rd-24-pound-ridge/21-thumb.webp	767	511
Siscowit Rd (#24) - Pound Ridge	siscowit-rd-24-pound-ridge	22	assets/properties/siscowit-rd-24-pound-ridge/22.jpg	assets/properties/siscowit-rd-24-pound-ridge/22.webp	assets/properties/siscowit-rd-24-pound-ridge/22-thumb.webp	767	511
Siscowit Rd (#24) - Pound Ridge	siscowit-rd-24-pound-ridge	23	assets/properties/siscowit-rd-24-pound-ridge/23.jpg	assets/properties/siscowit-rd-24-pound-ridge/23.webp	assets/properties/siscowit-rd-24-pound-ridge/23-thumb.webp	768	512
Siscowit Rd (#24) - Pound Ridge	siscowit-rd-24-pound-ridge	24	assets/properties/siscowit-rd-24-pound-ridge/24.jpg	assets/properties/siscowit-rd-24-pound-ridge/24.webp	assets/properties/siscowit-rd-24-pound-ridge/24-thumb.webp	768	513
Siscowit Rd (#24) - Pound Ridge	siscowit-rd-24-pound-ridge	25	assets/properties/siscowit-rd-24-pound-ridge/25.jpg	assets/properties/siscowit-rd-24-pound-ridge/25.webp	assets/properties/siscowit-rd-24-pound-ridge/25-thumb.webp	767	511
Siscowit Rd (#24) - Pound Ridge	siscowit-rd-24-pound-ridge	26	assets/properties/siscowit-rd-24-pound-ridge/26.jpg	assets/properties/siscowit-rd-24-pound-ridge/26.webp	assets/properties/siscowit-rd-24-pound-ridge/26-thumb.webp	768	512
Siscowit Rd (#24) - Pound Ridge	siscowit-rd-24-pound-ridge	27	assets/properties/siscowit-rd-24-pound-ridge/27.jpg	assets/properties/siscowit-rd-24-pound-ridge/27.webp	assets/properties/siscowit-rd-24-pound-ridge/27-thumb.webp	767	530
Smith Ridge Rd (#127) - South Salem	smith-ridge-rd-127-south-salem	01	assets/properties/smith-ridge-rd-127-south-salem/01.jpg	assets/properties/smith-ridge-rd-127-south-salem/01.webp	assets/properties/smith-ridge-rd-127-south-salem/01-thumb.webp	1600	1200
Smith Ridge Rd (#127) - South Salem	smith-ridge-rd-127-south-salem	02	assets/properties/smith-ridge-rd-127-south-salem/02.jpg	assets/properties/smith-ridge-rd-127-south-salem/02.webp	assets/properties/smith-ridge-rd-127-south-salem/02-thumb.webp	1600	1200
Smith Ridge Rd (#127) - South Salem	smith-ridge-rd-127-south-salem	03	assets/properties/smith-ridge-rd-127-south-salem/03.jpg	assets/properties/smith-ridge-rd-127-south-salem/03.webp	assets/properties/smith-ridge-rd-127-south-salem/03-thumb.webp	1600	1200
Smith Ridge Rd (#169) - South Salem	smith-ridge-rd-169-south-salem	01	assets/properties/smith-ridge-rd-169-south-salem/01.jpg	assets/properties/smith-ridge-rd-169-south-salem/01.webp	assets/properties/smith-ridge-rd-169-south-salem/01-thumb.webp	1200	1600
Smith Ridge Rd (#169) - South Salem	smith-ridge-rd-169-south-salem	02	assets/properties/smith-ridge-rd-169-south-salem/02.jpg	assets/properties/smith-ridge-rd-169-south-salem/02.webp	assets/properties/smith-ridge-rd-169-south-salem/02-thumb.webp	1200	1600
Smith Ridge Rd (#169) - South Salem	smith-ridge-rd-169-south-salem	03	assets/properties/smith-ridge-rd-169-south-salem/03.jpg	assets/properties/smith-ridge-rd-169-south-salem/03.webp	assets/properties/smith-ridge-rd-169-south-salem/03-thumb.webp	1600	1200
Smith Ridge Rd (#169) - South Salem	smith-ridge-rd-169-south-salem	04	assets/properties/smith-ridge-rd-169-south-salem/04.jpg	assets/properties/smith-ridge-rd-169-south-salem/04.webp	assets/properties/smith-ridge-rd-169-south-salem/04-thumb.webp	1200	1600
Smith Ridge Rd (#169) - South Salem	smith-ridge-rd-169-south-salem	05	assets/properties/smith-ridge-rd-169-south-salem/05.jpg	assets/properties/smith-ridge-rd-169-south-salem/05.webp	assets/properties/smith-ridge-rd-169-south-salem/05-thumb.webp	1200	1600
Smith Ridge Rd (#169) - South Salem	smith-ridge-rd-169-south-salem	06	assets/properties/smith-ridge-rd-169-south-salem/06.jpg	assets/properties/smith-ridge-rd-169-south-salem/06.webp	assets/properties/smith-ridge-rd-169-south-salem/06-thumb.webp	1200	1600
Smith Ridge Rd (#169) - South Salem	smith-ridge-rd-169-south-salem	07	assets/properties/smith-ridge-rd-169-south-salem/07.jpg	assets/properties/smith-ridge-rd-169-south-salem/07.webp	assets/properties/smith-ridge-rd-169-south-salem/07-thumb.webp	1600	1200
Smith Ridge Rd (#169) - South Salem	smith-ridge-rd-169-south-salem	08	assets/properties/smith-ridge-rd-169-south-salem/08.jpg	assets/properties/smith-ridge-rd-169-south-salem/08.webp	assets/properties/smith-ridge-rd-169-south-salem/08-thumb.webp	1600	1200
Smith Ridge Rd (#169) - South Salem	smith-ridge-rd-169-south-salem	09	assets/properties/smith-ridge-rd-169-south-salem/09.jpg	assets/properties/smith-ridge-rd-169-south-salem/09.webp	assets/properties/smith-ridge-rd-169-south-salem/09-thumb.webp	1600	1200
Stone Hedge Circle (#3) - Bedford	stone-hedge-circle-3-bedford	01	assets/properties/stone-hedge-circle-3-bedford/01.jpg	assets/properties/stone-hedge-circle-3-bedford/01.webp	assets/properties/stone-hedge-circle-3-bedford/01-thumb.webp	1024	683
Stone Hedge Circle (#3) - Bedford	stone-hedge-circle-3-bedford	02	assets/properties/stone-hedge-circle-3-bedford/02.jpg	assets/properties/stone-hedge-circle-3-bedford/02.webp	assets/properties/stone-hedge-circle-3-bedford/02-thumb.webp	320	240
Stone Hedge Circle (#3) - Bedford	stone-hedge-circle-3-bedford	03	assets/properties/stone-hedge-circle-3-bedford/03.jpg	assets/properties/stone-hedge-circle-3-bedford/03.webp	assets/properties/stone-hedge-circle-3-bedford/03-thumb.webp	1024	682
Stone Hedge Circle (#3) - Bedford	stone-hedge-circle-3-bedford	04	assets/properties/stone-hedge-circle-3-bedford/04.jpg	assets/properties/stone-hedge-circle-3-bedford/04.webp	assets/properties/stone-hedge-circle-3-bedford/04-thumb.webp	400	262
Stone Hedge Circle (#3) - Bedford	stone-hedge-circle-3-bedford	05	assets/properties/stone-hedge-circle-3-bedford/05.jpg	assets/properties/stone-hedge-circle-3-bedford/05.webp	assets/properties/stone-hedge-circle-3-bedford/05-thumb.webp	1024	682
Stone Hedge Circle (#3) - Bedford	stone-hedge-circle-3-bedford	06	assets/properties/stone-hedge-circle-3-bedford/06.jpg	assets/properties/stone-hedge-circle-3-bedford/06.webp	assets/properties/stone-hedge-circle-3-bedford/06-thumb.webp	400	268
Stone Hedge Circle (#3) - Bedford	stone-hedge-circle-3-bedford	07	assets/properties/stone-hedge-circle-3-bedford/07.jpg	assets/properties/stone-hedge-circle-3-bedford/07.webp	assets/properties/stone-hedge-circle-3-bedford/07-thumb.webp	1024	682
Stone Hedge Circle (#3) - Bedford	stone-hedge-circle-3-bedford	08	assets/properties/stone-hedge-circle-3-bedford/08.jpg	assets/properties/stone-hedge-circle-3-bedford/08.webp	assets/properties/stone-hedge-circle-3-bedford/08-thumb.webp	1024	682
Stone Hedge Circle (#3) - Bedford	stone-hedge-circle-3-bedford	09	assets/properties/stone-hedge-circle-3-bedford/09.jpg	assets/properties/stone-hedge-circle-3-bedford/09.webp	assets/properties/stone-hedge-circle-3-bedford/09-thumb.webp	400	268
Stone Hedge Circle (#3) - Bedford	stone-hedge-circle-3-bedford	10	assets/properties/stone-hedge-circle-3-bedford/10.jpg	assets/properties/stone-hedge-circle-3-bedford/10.webp	assets/properties/stone-hedge-circle-3-bedford/10-thumb.webp	400	268
Stone Hedge Circle (#3) - Bedford	stone-hedge-circle-3-bedford	11	assets/properties/stone-hedge-circle-3-bedford/11.jpg	assets/properties/stone-hedge-circle-3-bedford/11.webp	assets/properties/stone-hedge-circle-3-bedford/11-thumb.webp	1024	682
Stone Hedge Circle (#3) - Bedford	stone-hedge-circle-3-bedford	12	assets/properties/stone-hedge-circle-3-bedford/12.jpg	assets/properties/stone-hedge-circle-3-bedford/12.webp	assets/properties/stone-hedge-circle-3-bedford/12-thumb.webp	400	268
Stone Hedge Circle (#3) - Bedford	stone-hedge-circle-3-bedford	13	assets/properties/stone-hedge-circle-3-bedford/13.jpg	assets/properties/stone-hedge-circle-3-bedford/13.webp	assets/properties/stone-hedge-circle-3-bedford/13-thumb.webp	1024	682
Stone Hedge Circle (#3) - Bedford	stone-hedge-circle-3-bedford	14	assets/properties/stone-hedge-circle-3-bedford/14.jpg	assets/properties/stone-hedge-circle-3-bedford/14.webp	assets/properties/stone-hedge-circle-3-bedford/14-thumb.webp	1024	682
Stone Hedge Circle (#3) - Bedford	stone-hedge-circle-3-bedford	15	assets/properties/stone-hedge-circle-3-bedford/15.jpg	assets/properties/stone-hedge-circle-3-bedford/15.webp	assets/properties/stone-hedge-circle-3-bedford/15-thumb.webp	400	268
Stone Hedge Circle (#3) - Bedford	stone-hedge-circle-3-bedford	16	assets/properties/stone-hedge-circle-3-bedford/16.jpg	assets/properties/stone-hedge-circle-3-bedford/16.webp	assets/properties/stone-hedge-circle-3-bedford/16-thumb.webp	1024	682
Stone Hedge Circle (#3) - Bedford	stone-hedge-circle-3-bedford	17	assets/properties/stone-hedge-circle-3-bedford/17.jpg	assets/properties/stone-hedge-circle-3-bedford/17.webp	assets/properties/stone-hedge-circle-3-bedford/17-thumb.webp	1024	682
Stone Hedge Circle (#3) - Bedford	stone-hedge-circle-3-bedford	18	assets/properties/stone-hedge-circle-3-bedford/18.jpg	assets/properties/stone-hedge-circle-3-bedford/18.webp	assets/properties/stone-hedge-circle-3-bedford/18-thumb.webp	400	268
Stone Hedge Circle (#3) - Bedford	stone-hedge-circle-3-bedford	19	assets/properties/stone-hedge-circle-3-bedford/19.jpg	assets/properties/stone-hedge-circle-3-bedford/19.webp	assets/properties/stone-hedge-circle-3-bedford/19-thumb.webp	1024	682
Stone Hedge Circle (#3) - Bedford	stone-hedge-circle-3-bedford	20	assets/properties/stone-hedge-circle-3-bedford/20.jpg	assets/properties/stone-hedge-circle-3-bedford/20.webp	assets/properties/stone-hedge-circle-3-bedford/20-thumb.webp	400	268
Stone Hedge Circle (#3) - Bedford	stone-hedge-circle-3-bedford	21	assets/properties/stone-hedge-circle-3-bedford/21.jpg	assets/properties/stone-hedge-circle-3-bedford/21.webp	assets/properties/stone-hedge-circle-3-bedford/21-thumb.webp	1024	683
Stone Hedge Circle (#3) - Bedford	stone-hedge-circle-3-bedford	22	assets/properties/stone-hedge-circle-3-bedford/22.jpg	assets/properties/stone-hedge-circle-3-bedford/22.webp	assets/properties/stone-hedge-circle-3-bedford/22-thumb.webp	1024	682
Stone Hedge Circle (#3) - Bedford	stone-hedge-circle-3-bedford	23	assets/properties/stone-hedge-circle-3-bedford/23.jpg	assets/properties/stone-hedge-circle-3-bedford/23.webp	assets/properties/stone-hedge-circle-3-bedford/23-thumb.webp	1024	682
Stone Hedge Circle (#3) - Bedford	stone-hedge-circle-3-bedford	24	assets/properties/stone-hedge-circle-3-bedford/24.jpg	assets/properties/stone-hedge-circle-3-bedford/24.webp	assets/properties/stone-hedge-circle-3-bedford/24-thumb.webp	1024	683
Stone Hedge Circle (#3) - Bedford	stone-hedge-circle-3-bedford	25	assets/properties/stone-hedge-circle-3-bedford/25.jpg	assets/properties/stone-hedge-circle-3-bedford/25.webp	assets/properties/stone-hedge-circle-3-bedford/25-thumb.webp	1024	683
Stone Hedge Circle (#3) - Bedford	stone-hedge-circle-3-bedford	26	assets/properties/stone-hedge-circle-3-bedford/26.jpg	assets/properties/stone-hedge-circle-3-bedford/26.webp	assets/properties/stone-hedge-circle-3-bedford/26-thumb.webp	1024	682
Stone Hedge Circle (#3) - Bedford	stone-hedge-circle-3-bedford	27	assets/properties/stone-hedge-circle-3-bedford/27.jpg	assets/properties/stone-hedge-circle-3-bedford/27.webp	assets/properties/stone-hedge-circle-3-bedford/27-thumb.webp	1024	684
Stone Hedge Circle (#3) - Bedford	stone-hedge-circle-3-bedford	28	assets/properties/stone-hedge-circle-3-bedford/28.jpg	assets/properties/stone-hedge-circle-3-bedford/28.webp	assets/properties/stone-hedge-circle-3-bedford/28-thumb.webp	1024	682
Stone Hedge Circle (#3) - Bedford	stone-hedge-circle-3-bedford	29	assets/properties/stone-hedge-circle-3-bedford/29.jpg	assets/properties/stone-hedge-circle-3-bedford/29.webp	assets/properties/stone-hedge-circle-3-bedford/29-thumb.webp	1024	682
Stone Hedge Circle (#3) - Bedford	stone-hedge-circle-3-bedford	30	assets/properties/stone-hedge-circle-3-bedford/30.jpg	assets/properties/stone-hedge-circle-3-bedford/30.webp	assets/properties/stone-hedge-circle-3-bedford/30-thumb.webp	320	240
Stone Hedge Circle (#3) - Bedford	stone-hedge-circle-3-bedford	31	assets/properties/stone-hedge-circle-3-bedford/31.jpg	assets/properties/stone-hedge-circle-3-bedford/31.webp	assets/properties/stone-hedge-circle-3-bedford/31-thumb.webp	1024	682
Stone Hedge Circle (#3) - Bedford	stone-hedge-circle-3-bedford	32	assets/properties/stone-hedge-circle-3-bedford/32.jpg	assets/properties/stone-hedge-circle-3-bedford/32.webp	assets/properties/stone-hedge-circle-3-bedford/32-thumb.webp	1024	681
Stone Hedge Circle (#3) - Bedford	stone-hedge-circle-3-bedford	33	assets/properties/stone-hedge-circle-3-bedford/33.jpg	assets/properties/stone-hedge-circle-3-bedford/33.webp	assets/properties/stone-hedge-circle-3-bedford/33-thumb.webp	1024	683
Stone Hedge Circle (#3) - Bedford	stone-hedge-circle-3-bedford	34	assets/properties/stone-hedge-circle-3-bedford/34.jpg	assets/properties/stone-hedge-circle-3-bedford/34.webp	assets/properties/stone-hedge-circle-3-bedford/34-thumb.webp	1024	744
Stone Hedge Circle (#3) - Bedford	stone-hedge-circle-3-bedford	35	assets/properties/stone-hedge-circle-3-bedford/35.jpg	assets/properties/stone-hedge-circle-3-bedford/35.webp	assets/properties/stone-hedge-circle-3-bedford/35-thumb.webp	1024	744
Stone Hedge Circle (#3) - Bedford	stone-hedge-circle-3-bedford	36	assets/properties/stone-hedge-circle-3-bedford/36.jpg	assets/properties/stone-hedge-circle-3-bedford/36.webp	assets/properties/stone-hedge-circle-3-bedford/36-thumb.webp	1024	744
Stone Hedge Circle (#3) - Bedford	stone-hedge-circle-3-bedford	37	assets/properties/stone-hedge-circle-3-bedford/37.jpg	assets/properties/stone-hedge-circle-3-bedford/37.webp	assets/properties/stone-hedge-circle-3-bedford/37-thumb.webp	1024	682
Stone Hedge Circle (#3) - Bedford	stone-hedge-circle-3-bedford	38	assets/properties/stone-hedge-circle-3-bedford/38.jpg	assets/properties/stone-hedge-circle-3-bedford/38.webp	assets/properties/stone-hedge-circle-3-bedford/38-thumb.webp	1024	682
Stone Hedge Circle (#3) - Bedford	stone-hedge-circle-3-bedford	39	assets/properties/stone-hedge-circle-3-bedford/39.jpg	assets/properties/stone-hedge-circle-3-bedford/39.webp	assets/properties/stone-hedge-circle-3-bedford/39-thumb.webp	320	240
Stone Hedge Circle (#3) - Bedford	stone-hedge-circle-3-bedford	40	assets/properties/stone-hedge-circle-3-bedford/40.jpg	assets/properties/stone-hedge-circle-3-bedford/40.webp	assets/properties/stone-hedge-circle-3-bedford/40-thumb.webp	1024	682
Stone Hedge Circle (#3) - Bedford	stone-hedge-circle-3-bedford	41	assets/properties/stone-hedge-circle-3-bedford/41.jpg	assets/properties/stone-hedge-circle-3-bedford/41.webp	assets/properties/stone-hedge-circle-3-bedford/41-thumb.webp	320	240
Stone Hedge Circle (#3) - Bedford	stone-hedge-circle-3-bedford	42	assets/properties/stone-hedge-circle-3-bedford/42.jpg	assets/properties/stone-hedge-circle-3-bedford/42.webp	assets/properties/stone-hedge-circle-3-bedford/42-thumb.webp	1024	682
Stone Hedge Circle (#3) - Bedford	stone-hedge-circle-3-bedford	43	assets/properties/stone-hedge-circle-3-bedford/43.jpg	assets/properties/stone-hedge-circle-3-bedford/43.webp	assets/properties/stone-hedge-circle-3-bedford/43-thumb.webp	320	240
Stone Hedge Circle (#3) - Bedford	stone-hedge-circle-3-bedford	44	assets/properties/stone-hedge-circle-3-bedford/44.jpg	assets/properties/stone-hedge-circle-3-bedford/44.webp	assets/properties/stone-hedge-circle-3-bedford/44-thumb.webp	1024	682
Stone Hedge Circle (#3) - Bedford	stone-hedge-circle-3-bedford	45	assets/properties/stone-hedge-circle-3-bedford/45.jpg	assets/properties/stone-hedge-circle-3-bedford/45.webp	assets/properties/stone-hedge-circle-3-bedford/45-thumb.webp	320	240
Stone Hedge Circle (#3) - Bedford	stone-hedge-circle-3-bedford	46	assets/properties/stone-hedge-circle-3-bedford/46.jpg	assets/properties/stone-hedge-circle-3-bedford/46.webp	assets/properties/stone-hedge-circle-3-bedford/46-thumb.webp	1024	683
Stone Hedge Circle (#3) - Bedford	stone-hedge-circle-3-bedford	47	assets/properties/stone-hedge-circle-3-bedford/47.jpg	assets/properties/stone-hedge-circle-3-bedford/47.webp	assets/properties/stone-hedge-circle-3-bedford/47-thumb.webp	320	240
Stone Hedge Circle (#3) - Bedford	stone-hedge-circle-3-bedford	48	assets/properties/stone-hedge-circle-3-bedford/48.jpg	assets/properties/stone-hedge-circle-3-bedford/48.webp	assets/properties/stone-hedge-circle-3-bedford/48-thumb.webp	1024	682
Stone Hedge Circle (#3) - Bedford	stone-hedge-circle-3-bedford	49	assets/properties/stone-hedge-circle-3-bedford/49.jpg	assets/properties/stone-hedge-circle-3-bedford/49.webp	assets/properties/stone-hedge-circle-3-bedford/49-thumb.webp	1024	682
Stone Hedge Circle (#3) - Bedford	stone-hedge-circle-3-bedford	50	assets/properties/stone-hedge-circle-3-bedford/50.jpg	assets/properties/stone-hedge-circle-3-bedford/50.webp	assets/properties/stone-hedge-circle-3-bedford/50-thumb.webp	1024	682
Stone Hedge Circle (#3) - Bedford	stone-hedge-circle-3-bedford	51	assets/properties/stone-hedge-circle-3-bedford/51.jpg	assets/properties/stone-hedge-circle-3-bedford/51.webp	assets/properties/stone-hedge-circle-3-bedford/51-thumb.webp	320	240
Tall Pines Dr (#15) - Mt Kisco	tall-pines-dr-15-mt-kisco	01	assets/properties/tall-pines-dr-15-mt-kisco/01.jpg	assets/properties/tall-pines-dr-15-mt-kisco/01.webp	assets/properties/tall-pines-dr-15-mt-kisco/01-thumb.webp	320	240
Tall Pines Dr (#15) - Mt Kisco	tall-pines-dr-15-mt-kisco	02	assets/properties/tall-pines-dr-15-mt-kisco/02.jpg	assets/properties/tall-pines-dr-15-mt-kisco/02.webp	assets/properties/tall-pines-dr-15-mt-kisco/02-thumb.webp	320	240
Tall Pines Dr (#15) - Mt Kisco	tall-pines-dr-15-mt-kisco	03	assets/properties/tall-pines-dr-15-mt-kisco/03.jpg	assets/properties/tall-pines-dr-15-mt-kisco/03.webp	assets/properties/tall-pines-dr-15-mt-kisco/03-thumb.webp	320	240
Tall Pines Dr (#15) - Mt Kisco	tall-pines-dr-15-mt-kisco	04	assets/properties/tall-pines-dr-15-mt-kisco/04.jpg	assets/properties/tall-pines-dr-15-mt-kisco/04.webp	assets/properties/tall-pines-dr-15-mt-kisco/04-thumb.webp	320	240
Tall Pines Dr (#15) - Mt Kisco	tall-pines-dr-15-mt-kisco	05	assets/properties/tall-pines-dr-15-mt-kisco/05.jpg	assets/properties/tall-pines-dr-15-mt-kisco/05.webp	assets/properties/tall-pines-dr-15-mt-kisco/05-thumb.webp	320	240
Tall Pines Dr (#15) - Mt Kisco	tall-pines-dr-15-mt-kisco	06	assets/properties/tall-pines-dr-15-mt-kisco/06.jpg	assets/properties/tall-pines-dr-15-mt-kisco/06.webp	assets/properties/tall-pines-dr-15-mt-kisco/06-thumb.webp	320	240
Tall Pines Dr (#15) - Mt Kisco	tall-pines-dr-15-mt-kisco	07	assets/properties/tall-pines-dr-15-mt-kisco/07.jpg	assets/properties/tall-pines-dr-15-mt-kisco/07.webp	assets/properties/tall-pines-dr-15-mt-kisco/07-thumb.webp	320	240
Tall Pines Dr (#15) - Mt Kisco	tall-pines-dr-15-mt-kisco	08	assets/properties/tall-pines-dr-15-mt-kisco/08.jpg	assets/properties/tall-pines-dr-15-mt-kisco/08.webp	assets/properties/tall-pines-dr-15-mt-kisco/08-thumb.webp	320	240
Tall Pines Dr (#15) - Mt Kisco	tall-pines-dr-15-mt-kisco	09	assets/properties/tall-pines-dr-15-mt-kisco/09.jpg	assets/properties/tall-pines-dr-15-mt-kisco/09.webp	assets/properties/tall-pines-dr-15-mt-kisco/09-thumb.webp	320	240
Thornbrook Lane (#15) - Bedford	thornbrook-lane-15-bedford	01	assets/properties/thornbrook-lane-15-bedford/01.jpg	assets/properties/thornbrook-lane-15-bedford/01.webp	assets/properties/thornbrook-lane-15-bedford/01-thumb.webp	296	222
Thornbrook Lane (#17) - Bedford	thornbrook-lane-17-bedford	01	assets/properties/thornbrook-lane-17-bedford/01.jpg	assets/properties/thornbrook-lane-17-bedford/01.webp	assets/properties/thornbrook-lane-17-bedford/01-thumb.webp	296	222
Thornbrook Lane (#9) - Bedford	thornbrook-lane-9-bedford	01	assets/properties/thornbrook-lane-9-bedford/01.jpg	assets/properties/thornbrook-lane-9-bedford/01.webp	assets/properties/thornbrook-lane-9-bedford/01-thumb.webp	296	196
Thornbrook Lane (#9) - Bedford	thornbrook-lane-9-bedford	02	assets/properties/thornbrook-lane-9-bedford/02.jpg	assets/properties/thornbrook-lane-9-bedford/02.webp	assets/properties/thornbrook-lane-9-bedford/02-thumb.webp	296	222
Thornbrook Lane (#9) - Bedford	thornbrook-lane-9-bedford	03	assets/properties/thornbrook-lane-9-bedford/03.jpg	assets/properties/thornbrook-lane-9-bedford/03.webp	assets/properties/thornbrook-lane-9-bedford/03-thumb.webp	296	222
Thornbrook Lane (#9) - Bedford	thornbrook-lane-9-bedford	04	assets/properties/thornbrook-lane-9-bedford/04.jpg	assets/properties/thornbrook-lane-9-bedford/04.webp	assets/properties/thornbrook-lane-9-bedford/04-thumb.webp	296	222
Thornbrook Lane (#9) - Bedford	thornbrook-lane-9-bedford	05	assets/properties/thornbrook-lane-9-bedford/05.jpg	assets/properties/thornbrook-lane-9-bedford/05.webp	assets/properties/thornbrook-lane-9-bedford/05-thumb.webp	296	222
Thornbrook Lane (#9) - Bedford	thornbrook-lane-9-bedford	06	assets/properties/thornbrook-lane-9-bedford/06.jpg	assets/properties/thornbrook-lane-9-bedford/06.webp	assets/properties/thornbrook-lane-9-bedford/06-thumb.webp	296	222
Thornbrook Lane (#9) - Bedford	thornbrook-lane-9-bedford	07	assets/properties/thornbrook-lane-9-bedford/07.jpg	assets/properties/thornbrook-lane-9-bedford/07.webp	assets/properties/thornbrook-lane-9-bedford/07-thumb.webp	296	222
Thornbrook Lane (#9) - Bedford	thornbrook-lane-9-bedford	08	assets/properties/thornbrook-lane-9-bedford/08.jpg	assets/properties/thornbrook-lane-9-bedford/08.webp	assets/properties/thornbrook-lane-9-bedford/08-thumb.webp	296	222
Thornbrook Lane (#9) - Bedford	thornbrook-lane-9-bedford	09	assets/properties/thornbrook-lane-9-bedford/09.jpg	assets/properties/thornbrook-lane-9-bedford/09.webp	assets/properties/thornbrook-lane-9-bedford/09-thumb.webp	296	222
Thornbrook Lane (#9) - Bedford	thornbrook-lane-9-bedford	10	assets/properties/thornbrook-lane-9-bedford/10.jpg	assets/properties/thornbrook-lane-9-bedford/10.webp	assets/properties/thornbrook-lane-9-bedford/10-thumb.webp	296	222
Titicus Rd (#752) - North Salem	titicus-rd-752-north-salem	01	assets/properties/titicus-rd-752-north-salem/01.jpg	assets/properties/titicus-rd-752-north-salem/01.webp	assets/properties/titicus-rd-752-north-salem/01-thumb.webp	1024	682
Titicus Rd (#752) - North Salem	titicus-rd-752-north-salem	02	assets/properties/titicus-rd-752-north-salem/02.jpg	assets/properties/titicus-rd-752-north-salem/02.webp	assets/properties/titicus-rd-752-north-salem/02-thumb.webp	1024	682
Titicus Rd (#752) - North Salem	titicus-rd-752-north-salem	03	assets/properties/titicus-rd-752-north-salem/03.jpg	assets/properties/titicus-rd-752-north-salem/03.webp	assets/properties/titicus-rd-752-north-salem/03-thumb.webp	1024	682
Titicus Rd (#752) - North Salem	titicus-rd-752-north-salem	04	assets/properties/titicus-rd-752-north-salem/04.jpg	assets/properties/titicus-rd-752-north-salem/04.webp	assets/properties/titicus-rd-752-north-salem/04-thumb.webp	1024	682
Titicus Rd (#752) - North Salem	titicus-rd-752-north-salem	05	assets/properties/titicus-rd-752-north-salem/05.jpg	assets/properties/titicus-rd-752-north-salem/05.webp	assets/properties/titicus-rd-752-north-salem/05-thumb.webp	1024	682
Titicus Rd (#752) - North Salem	titicus-rd-752-north-salem	06	assets/properties/titicus-rd-752-north-salem/06.jpg	assets/properties/titicus-rd-752-north-salem/06.webp	assets/properties/titicus-rd-752-north-salem/06-thumb.webp	1024	682
Titicus Rd (#752) - North Salem	titicus-rd-752-north-salem	07	assets/properties/titicus-rd-752-north-salem/07.jpg	assets/properties/titicus-rd-752-north-salem/07.webp	assets/properties/titicus-rd-752-north-salem/07-thumb.webp	1024	682
Titicus Rd (#752) - North Salem	titicus-rd-752-north-salem	08	assets/properties/titicus-rd-752-north-salem/08.jpg	assets/properties/titicus-rd-752-north-salem/08.webp	assets/properties/titicus-rd-752-north-salem/08-thumb.webp	1024	682
Titicus Rd (#752) - North Salem	titicus-rd-752-north-salem	09	assets/properties/titicus-rd-752-north-salem/09.jpg	assets/properties/titicus-rd-752-north-salem/09.webp	assets/properties/titicus-rd-752-north-salem/09-thumb.webp	1024	682
Titicus Rd (#752) - North Salem	titicus-rd-752-north-salem	10	assets/properties/titicus-rd-752-north-salem/10.jpg	assets/properties/titicus-rd-752-north-salem/10.webp	assets/properties/titicus-rd-752-north-salem/10-thumb.webp	1024	682
Titicus Rd (#752) - North Salem	titicus-rd-752-north-salem	11	assets/properties/titicus-rd-752-north-salem/11.jpg	assets/properties/titicus-rd-752-north-salem/11.webp	assets/properties/titicus-rd-752-north-salem/11-thumb.webp	400	300
Titicus Rd (#752) - North Salem	titicus-rd-752-north-salem	12	assets/properties/titicus-rd-752-north-salem/12.jpg	assets/properties/titicus-rd-752-north-salem/12.webp	assets/properties/titicus-rd-752-north-salem/12-thumb.webp	1024	682
Titicus Rd (#752) - North Salem	titicus-rd-752-north-salem	13	assets/properties/titicus-rd-752-north-salem/13.jpg	assets/properties/titicus-rd-752-north-salem/13.webp	assets/properties/titicus-rd-752-north-salem/13-thumb.webp	1024	682
Titicus Rd (#752) - North Salem	titicus-rd-752-north-salem	14	assets/properties/titicus-rd-752-north-salem/14.jpg	assets/properties/titicus-rd-752-north-salem/14.webp	assets/properties/titicus-rd-752-north-salem/14-thumb.webp	1024	682
Titicus Rd (#752) - North Salem	titicus-rd-752-north-salem	15	assets/properties/titicus-rd-752-north-salem/15.jpg	assets/properties/titicus-rd-752-north-salem/15.webp	assets/properties/titicus-rd-752-north-salem/15-thumb.webp	1024	682
Titicus Rd (#752) - North Salem	titicus-rd-752-north-salem	16	assets/properties/titicus-rd-752-north-salem/16.jpg	assets/properties/titicus-rd-752-north-salem/16.webp	assets/properties/titicus-rd-752-north-salem/16-thumb.webp	1024	682
Titicus Rd (#752) - North Salem	titicus-rd-752-north-salem	17	assets/properties/titicus-rd-752-north-salem/17.jpg	assets/properties/titicus-rd-752-north-salem/17.webp	assets/properties/titicus-rd-752-north-salem/17-thumb.webp	1024	682
Titicus Rd (#752) - North Salem	titicus-rd-752-north-salem	18	assets/properties/titicus-rd-752-north-salem/18.jpg	assets/properties/titicus-rd-752-north-salem/18.webp	assets/properties/titicus-rd-752-north-salem/18-thumb.webp	1024	682
Titicus Rd (#752) - North Salem	titicus-rd-752-north-salem	19	assets/properties/titicus-rd-752-north-salem/19.jpg	assets/properties/titicus-rd-752-north-salem/19.webp	assets/properties/titicus-rd-752-north-salem/19-thumb.webp	1024	682
Titicus Rd (#752) - North Salem	titicus-rd-752-north-salem	20	assets/properties/titicus-rd-752-north-salem/20.jpg	assets/properties/titicus-rd-752-north-salem/20.webp	assets/properties/titicus-rd-752-north-salem/20-thumb.webp	1024	682
Titicus Rd (#752) - North Salem	titicus-rd-752-north-salem	21	assets/properties/titicus-rd-752-north-salem/21.jpg	assets/properties/titicus-rd-752-north-salem/21.webp	assets/properties/titicus-rd-752-north-salem/21-thumb.webp	1024	682
Titicus Rd (#752) - North Salem	titicus-rd-752-north-salem	22	assets/properties/titicus-rd-752-north-salem/22.jpg	assets/properties/titicus-rd-752-north-salem/22.webp	assets/properties/titicus-rd-752-north-salem/22-thumb.webp	300	225
Titicus Rd (#752) - North Salem	titicus-rd-752-north-salem	23	assets/properties/titicus-rd-752-north-salem/23.jpg	assets/properties/titicus-rd-752-north-salem/23.webp	assets/properties/titicus-rd-752-north-salem/23-thumb.webp	1024	723
Titicus Rd (#752) - North Salem	titicus-rd-752-north-salem	24	assets/properties/titicus-rd-752-north-salem/24.jpg	assets/properties/titicus-rd-752-north-salem/24.webp	assets/properties/titicus-rd-752-north-salem/24-thumb.webp	768	560
Titicus Rd (#752) - North Salem	titicus-rd-752-north-salem	25	assets/properties/titicus-rd-752-north-salem/25.jpg	assets/properties/titicus-rd-752-north-salem/25.webp	assets/properties/titicus-rd-752-north-salem/25-thumb.webp	768	572
Titicus Rd (#752) - North Salem	titicus-rd-752-north-salem	26	assets/properties/titicus-rd-752-north-salem/26.jpg	assets/properties/titicus-rd-752-north-salem/26.webp	assets/properties/titicus-rd-752-north-salem/26-thumb.webp	767	575
Titicus Rd (#752) - North Salem	titicus-rd-752-north-salem	27	assets/properties/titicus-rd-752-north-salem/27.jpg	assets/properties/titicus-rd-752-north-salem/27.webp	assets/properties/titicus-rd-752-north-salem/27-thumb.webp	767	575
Titicus Rd (#752) - North Salem	titicus-rd-752-north-salem	28	assets/properties/titicus-rd-752-north-salem/28.jpg	assets/properties/titicus-rd-752-north-salem/28.webp	assets/properties/titicus-rd-752-north-salem/28-thumb.webp	767	575
Titicus Rd (#752) - North Salem	titicus-rd-752-north-salem	29	assets/properties/titicus-rd-752-north-salem/29.jpg	assets/properties/titicus-rd-752-north-salem/29.webp	assets/properties/titicus-rd-752-north-salem/29-thumb.webp	767	575
Titicus Rd (#752) - North Salem	titicus-rd-752-north-salem	30	assets/properties/titicus-rd-752-north-salem/30.jpg	assets/properties/titicus-rd-752-north-salem/30.webp	assets/properties/titicus-rd-752-north-salem/30-thumb.webp	767	575
Titicus Rd (#752) - North Salem	titicus-rd-752-north-salem	31	assets/properties/titicus-rd-752-north-salem/31.jpg	assets/properties/titicus-rd-752-north-salem/31.webp	assets/properties/titicus-rd-752-north-salem/31-thumb.webp	1024	682
Titicus Rd (#752) - North Salem	titicus-rd-752-north-salem	32	assets/properties/titicus-rd-752-north-salem/32.jpg	assets/properties/titicus-rd-752-north-salem/32.webp	assets/properties/titicus-rd-752-north-salem/32-thumb.webp	767	575
Titicus Rd (#752) - North Salem	titicus-rd-752-north-salem	33	assets/properties/titicus-rd-752-north-salem/33.jpg	assets/properties/titicus-rd-752-north-salem/33.webp	assets/properties/titicus-rd-752-north-salem/33-thumb.webp	767	575
Titicus Rd (#752) - North Salem	titicus-rd-752-north-salem	34	assets/properties/titicus-rd-752-north-salem/34.jpg	assets/properties/titicus-rd-752-north-salem/34.webp	assets/properties/titicus-rd-752-north-salem/34-thumb.webp	767	575
Titicus Rd (#752) - North Salem	titicus-rd-752-north-salem	35	assets/properties/titicus-rd-752-north-salem/35.jpg	assets/properties/titicus-rd-752-north-salem/35.webp	assets/properties/titicus-rd-752-north-salem/35-thumb.webp	767	575
Titicus Rd (#752) - North Salem	titicus-rd-752-north-salem	36	assets/properties/titicus-rd-752-north-salem/36.jpg	assets/properties/titicus-rd-752-north-salem/36.webp	assets/properties/titicus-rd-752-north-salem/36-thumb.webp	767	575
Titicus Rd (#752) - North Salem	titicus-rd-752-north-salem	37	assets/properties/titicus-rd-752-north-salem/37.jpg	assets/properties/titicus-rd-752-north-salem/37.webp	assets/properties/titicus-rd-752-north-salem/37-thumb.webp	767	575
Titicus Rd (#752) - North Salem	titicus-rd-752-north-salem	38	assets/properties/titicus-rd-752-north-salem/38.jpg	assets/properties/titicus-rd-752-north-salem/38.webp	assets/properties/titicus-rd-752-north-salem/38-thumb.webp	767	575
Titicus Rd (#752) - North Salem	titicus-rd-752-north-salem	39	assets/properties/titicus-rd-752-north-salem/39.jpg	assets/properties/titicus-rd-752-north-salem/39.webp	assets/properties/titicus-rd-752-north-salem/39-thumb.webp	766	627
Titicus Rd (#752) - North Salem	titicus-rd-752-north-salem	40	assets/properties/titicus-rd-752-north-salem/40.jpg	assets/properties/titicus-rd-752-north-salem/40.webp	assets/properties/titicus-rd-752-north-salem/40-thumb.webp	767	575
Titicus Rd (#752) - North Salem	titicus-rd-752-north-salem	41	assets/properties/titicus-rd-752-north-salem/41.jpg	assets/properties/titicus-rd-752-north-salem/41.webp	assets/properties/titicus-rd-752-north-salem/41-thumb.webp	767	511
Titicus Rd (#752) - North Salem	titicus-rd-752-north-salem	42	assets/properties/titicus-rd-752-north-salem/42.jpg	assets/properties/titicus-rd-752-north-salem/42.webp	assets/properties/titicus-rd-752-north-salem/42-thumb.webp	1024	594
Titicus Rd (#752) - North Salem	titicus-rd-752-north-salem	43	assets/properties/titicus-rd-752-north-salem/43.jpg	assets/properties/titicus-rd-752-north-salem/43.webp	assets/properties/titicus-rd-752-north-salem/43-thumb.webp	767	511
Titicus Rd (#752) - North Salem	titicus-rd-752-north-salem	44	assets/properties/titicus-rd-752-north-salem/44.jpg	assets/properties/titicus-rd-752-north-salem/44.webp	assets/properties/titicus-rd-752-north-salem/44-thumb.webp	767	511
Titicus Rd (#752) - North Salem	titicus-rd-752-north-salem	45	assets/properties/titicus-rd-752-north-salem/45.jpg	assets/properties/titicus-rd-752-north-salem/45.webp	assets/properties/titicus-rd-752-north-salem/45-thumb.webp	767	511
Titicus Rd (#752) - North Salem	titicus-rd-752-north-salem	46	assets/properties/titicus-rd-752-north-salem/46.jpg	assets/properties/titicus-rd-752-north-salem/46.webp	assets/properties/titicus-rd-752-north-salem/46-thumb.webp	767	511
Titicus Rd (#752) - North Salem	titicus-rd-752-north-salem	47	assets/properties/titicus-rd-752-north-salem/47.jpg	assets/properties/titicus-rd-752-north-salem/47.webp	assets/properties/titicus-rd-752-north-salem/47-thumb.webp	767	511
Titicus Rd (#752) - North Salem	titicus-rd-752-north-salem	48	assets/properties/titicus-rd-752-north-salem/48.jpg	assets/properties/titicus-rd-752-north-salem/48.webp	assets/properties/titicus-rd-752-north-salem/48-thumb.webp	767	511
Titicus Rd (#752) - North Salem	titicus-rd-752-north-salem	49	assets/properties/titicus-rd-752-north-salem/49.jpg	assets/properties/titicus-rd-752-north-salem/49.webp	assets/properties/titicus-rd-752-north-salem/49-thumb.webp	767	511
Titicus Rd (#752) - North Salem	titicus-rd-752-north-salem	50	assets/properties/titicus-rd-752-north-salem/50.jpg	assets/properties/titicus-rd-752-north-salem/50.webp	assets/properties/titicus-rd-752-north-salem/50-thumb.webp	767	511
Titicus Rd (#752) - North Salem	titicus-rd-752-north-salem	51	assets/properties/titicus-rd-752-north-salem/51.jpg	assets/properties/titicus-rd-752-north-salem/51.webp	assets/properties/titicus-rd-752-north-salem/51-thumb.webp	400	300
Titicus Rd (#752) - North Salem	titicus-rd-752-north-salem	52	assets/properties/titicus-rd-752-north-salem/52.jpg	assets/properties/titicus-rd-752-north-salem/52.webp	assets/properties/titicus-rd-752-north-salem/52-thumb.webp	767	511
Titicus Rd (#752) - North Salem	titicus-rd-752-north-salem	53	assets/properties/titicus-rd-752-north-salem/53.jpg	assets/properties/titicus-rd-752-north-salem/53.webp	assets/properties/titicus-rd-752-north-salem/53-thumb.webp	767	511
Titicus Rd (#752) - North Salem	titicus-rd-752-north-salem	54	assets/properties/titicus-rd-752-north-salem/54.jpg	assets/properties/titicus-rd-752-north-salem/54.webp	assets/properties/titicus-rd-752-north-salem/54-thumb.webp	767	511
Titicus Rd (#752) - North Salem	titicus-rd-752-north-salem	55	assets/properties/titicus-rd-752-north-salem/55.jpg	assets/properties/titicus-rd-752-north-salem/55.webp	assets/properties/titicus-rd-752-north-salem/55-thumb.webp	767	511
Titicus Rd (#752) - North Salem	titicus-rd-752-north-salem	56	assets/properties/titicus-rd-752-north-salem/56.jpg	assets/properties/titicus-rd-752-north-salem/56.webp	assets/properties/titicus-rd-752-north-salem/56-thumb.webp	767	511
Titicus Rd (#752) - North Salem	titicus-rd-752-north-salem	57	assets/properties/titicus-rd-752-north-salem/57.jpg	assets/properties/titicus-rd-752-north-salem/57.webp	assets/properties/titicus-rd-752-north-salem/57-thumb.webp	512	768
Titicus Rd (#752) - North Salem	titicus-rd-752-north-salem	58	assets/properties/titicus-rd-752-north-salem/58.jpg	assets/properties/titicus-rd-752-north-salem/58.webp	assets/properties/titicus-rd-752-north-salem/58-thumb.webp	1024	682
Titicus Rd (#752) - North Salem	titicus-rd-752-north-salem	59	assets/properties/titicus-rd-752-north-salem/59.jpg	assets/properties/titicus-rd-752-north-salem/59.webp	assets/properties/titicus-rd-752-north-salem/59-thumb.webp	1024	682
Titicus Rd (#752) - North Salem	titicus-rd-752-north-salem	60	assets/properties/titicus-rd-752-north-salem/60.jpg	assets/properties/titicus-rd-752-north-salem/60.webp	assets/properties/titicus-rd-752-north-salem/60-thumb.webp	320	240
Titicus Rd (#752) - North Salem	titicus-rd-752-north-salem	61	assets/properties/titicus-rd-752-north-salem/61.jpg	assets/properties/titicus-rd-752-north-salem/61.webp	assets/properties/titicus-rd-752-north-salem/61-thumb.webp	767	511
Titicus Rd (#752) - North Salem	titicus-rd-752-north-salem	62	assets/properties/titicus-rd-752-north-salem/62.jpg	assets/properties/titicus-rd-752-north-salem/62.webp	assets/properties/titicus-rd-752-north-salem/62-thumb.webp	767	575
Titicus Rd (#752) - North Salem	titicus-rd-752-north-salem	63	assets/properties/titicus-rd-752-north-salem/63.jpg	assets/properties/titicus-rd-752-north-salem/63.webp	assets/properties/titicus-rd-752-north-salem/63-thumb.webp	767	606
Titicus Rd (#752) - North Salem	titicus-rd-752-north-salem	64	assets/properties/titicus-rd-752-north-salem/64.jpg	assets/properties/titicus-rd-752-north-salem/64.webp	assets/properties/titicus-rd-752-north-salem/64-thumb.webp	767	511
Todd Rd (#76) - Katonah	todd-rd-76-katonah	01	assets/properties/todd-rd-76-katonah/01.jpg	assets/properties/todd-rd-76-katonah/01.webp	assets/properties/todd-rd-76-katonah/01-thumb.webp	767	575
Todd Rd (#76) - Katonah	todd-rd-76-katonah	02	assets/properties/todd-rd-76-katonah/02.jpg	assets/properties/todd-rd-76-katonah/02.webp	assets/properties/todd-rd-76-katonah/02-thumb.webp	767	575
Todd Rd (#76) - Katonah	todd-rd-76-katonah	03	assets/properties/todd-rd-76-katonah/03.jpg	assets/properties/todd-rd-76-katonah/03.webp	assets/properties/todd-rd-76-katonah/03-thumb.webp	767	575
Todd Rd (#76) - Katonah	todd-rd-76-katonah	04	assets/properties/todd-rd-76-katonah/04.jpg	assets/properties/todd-rd-76-katonah/04.webp	assets/properties/todd-rd-76-katonah/04-thumb.webp	767	575
Todd Rd (#76) - Katonah	todd-rd-76-katonah	05	assets/properties/todd-rd-76-katonah/05.jpg	assets/properties/todd-rd-76-katonah/05.webp	assets/properties/todd-rd-76-katonah/05-thumb.webp	767	575
Todd Rd (#76) - Katonah	todd-rd-76-katonah	06	assets/properties/todd-rd-76-katonah/06.jpg	assets/properties/todd-rd-76-katonah/06.webp	assets/properties/todd-rd-76-katonah/06-thumb.webp	767	575
Todd Rd (#76) - Katonah	todd-rd-76-katonah	07	assets/properties/todd-rd-76-katonah/07.jpg	assets/properties/todd-rd-76-katonah/07.webp	assets/properties/todd-rd-76-katonah/07-thumb.webp	511	768
Todd Rd (#76) - Katonah	todd-rd-76-katonah	08	assets/properties/todd-rd-76-katonah/08.jpg	assets/properties/todd-rd-76-katonah/08.webp	assets/properties/todd-rd-76-katonah/08-thumb.webp	767	574
Todd Rd (#76) - Katonah	todd-rd-76-katonah	09	assets/properties/todd-rd-76-katonah/09.jpg	assets/properties/todd-rd-76-katonah/09.webp	assets/properties/todd-rd-76-katonah/09-thumb.webp	767	575
Todd Rd (#76) - Katonah	todd-rd-76-katonah	10	assets/properties/todd-rd-76-katonah/10.jpg	assets/properties/todd-rd-76-katonah/10.webp	assets/properties/todd-rd-76-katonah/10-thumb.webp	767	575
Todd Rd (#76) - Katonah	todd-rd-76-katonah	11	assets/properties/todd-rd-76-katonah/11.jpg	assets/properties/todd-rd-76-katonah/11.webp	assets/properties/todd-rd-76-katonah/11-thumb.webp	767	575
Todd Rd (#76) - Katonah	todd-rd-76-katonah	12	assets/properties/todd-rd-76-katonah/12.jpg	assets/properties/todd-rd-76-katonah/12.webp	assets/properties/todd-rd-76-katonah/12-thumb.webp	767	574
Todd Rd (#76) - Katonah	todd-rd-76-katonah	13	assets/properties/todd-rd-76-katonah/13.jpg	assets/properties/todd-rd-76-katonah/13.webp	assets/properties/todd-rd-76-katonah/13-thumb.webp	767	575
Todd Rd (#76) - Katonah	todd-rd-76-katonah	14	assets/properties/todd-rd-76-katonah/14.jpg	assets/properties/todd-rd-76-katonah/14.webp	assets/properties/todd-rd-76-katonah/14-thumb.webp	767	575
Todd Rd (#76) - Katonah	todd-rd-76-katonah	15	assets/properties/todd-rd-76-katonah/15.jpg	assets/properties/todd-rd-76-katonah/15.webp	assets/properties/todd-rd-76-katonah/15-thumb.webp	767	511
Todd Rd (#76) - Katonah	todd-rd-76-katonah	16	assets/properties/todd-rd-76-katonah/16.jpg	assets/properties/todd-rd-76-katonah/16.webp	assets/properties/todd-rd-76-katonah/16-thumb.webp	767	511
Todd Rd (#76) - Katonah	todd-rd-76-katonah	17	assets/properties/todd-rd-76-katonah/17.jpg	assets/properties/todd-rd-76-katonah/17.webp	assets/properties/todd-rd-76-katonah/17-thumb.webp	767	511
Todd Rd (#76) - Katonah	todd-rd-76-katonah	18	assets/properties/todd-rd-76-katonah/18.jpg	assets/properties/todd-rd-76-katonah/18.webp	assets/properties/todd-rd-76-katonah/18-thumb.webp	767	511
Todd Rd (#76) - Katonah	todd-rd-76-katonah	19	assets/properties/todd-rd-76-katonah/19.jpg	assets/properties/todd-rd-76-katonah/19.webp	assets/properties/todd-rd-76-katonah/19-thumb.webp	767	575
Todd Rd (#76) - Katonah	todd-rd-76-katonah	20	assets/properties/todd-rd-76-katonah/20.jpg	assets/properties/todd-rd-76-katonah/20.webp	assets/properties/todd-rd-76-katonah/20-thumb.webp	767	511
Todd Rd (#76) - Katonah	todd-rd-76-katonah	21	assets/properties/todd-rd-76-katonah/21.jpg	assets/properties/todd-rd-76-katonah/21.webp	assets/properties/todd-rd-76-katonah/21-thumb.webp	767	511
Todd Rd (#76) - Katonah	todd-rd-76-katonah	22	assets/properties/todd-rd-76-katonah/22.jpg	assets/properties/todd-rd-76-katonah/22.webp	assets/properties/todd-rd-76-katonah/22-thumb.webp	511	768
Todd Rd (#76) - Katonah	todd-rd-76-katonah	23	assets/properties/todd-rd-76-katonah/23.jpg	assets/properties/todd-rd-76-katonah/23.webp	assets/properties/todd-rd-76-katonah/23-thumb.webp	767	511
Todd Rd (#76) - Katonah	todd-rd-76-katonah	24	assets/properties/todd-rd-76-katonah/24.jpg	assets/properties/todd-rd-76-katonah/24.webp	assets/properties/todd-rd-76-katonah/24-thumb.webp	767	511
Todd Rd (#76) - Katonah	todd-rd-76-katonah	25	assets/properties/todd-rd-76-katonah/25.jpg	assets/properties/todd-rd-76-katonah/25.webp	assets/properties/todd-rd-76-katonah/25-thumb.webp	767	511
Todd Rd (#76) - Katonah	todd-rd-76-katonah	26	assets/properties/todd-rd-76-katonah/26.jpg	assets/properties/todd-rd-76-katonah/26.webp	assets/properties/todd-rd-76-katonah/26-thumb.webp	767	511
Todd Rd (#76) - Katonah	todd-rd-76-katonah	27	assets/properties/todd-rd-76-katonah/27.jpg	assets/properties/todd-rd-76-katonah/27.webp	assets/properties/todd-rd-76-katonah/27-thumb.webp	767	511
Todd Rd (#76) - Katonah	todd-rd-76-katonah	28	assets/properties/todd-rd-76-katonah/28.jpg	assets/properties/todd-rd-76-katonah/28.webp	assets/properties/todd-rd-76-katonah/28-thumb.webp	767	511
Todd Rd (#76) - Katonah	todd-rd-76-katonah	29	assets/properties/todd-rd-76-katonah/29.jpg	assets/properties/todd-rd-76-katonah/29.webp	assets/properties/todd-rd-76-katonah/29-thumb.webp	767	447
Todd Rd (#76) - Katonah	todd-rd-76-katonah	30	assets/properties/todd-rd-76-katonah/30.jpg	assets/properties/todd-rd-76-katonah/30.webp	assets/properties/todd-rd-76-katonah/30-thumb.webp	767	575
Todd Rd (#76) - Katonah	todd-rd-76-katonah	31	assets/properties/todd-rd-76-katonah/31.jpg	assets/properties/todd-rd-76-katonah/31.webp	assets/properties/todd-rd-76-katonah/31-thumb.webp	767	511
Todd Rd (#76) - Katonah	todd-rd-76-katonah	32	assets/properties/todd-rd-76-katonah/32.jpg	assets/properties/todd-rd-76-katonah/32.webp	assets/properties/todd-rd-76-katonah/32-thumb.webp	767	438
Todd Rd (#76) - Katonah	todd-rd-76-katonah	33	assets/properties/todd-rd-76-katonah/33.jpg	assets/properties/todd-rd-76-katonah/33.webp	assets/properties/todd-rd-76-katonah/33-thumb.webp	639	426
Todd Rd (#76) - Katonah	todd-rd-76-katonah	34	assets/properties/todd-rd-76-katonah/34.jpg	assets/properties/todd-rd-76-katonah/34.webp	assets/properties/todd-rd-76-katonah/34-thumb.webp	400	266
Todd Rd (#76) - Katonah	todd-rd-76-katonah	35	assets/properties/todd-rd-76-katonah/35.jpg	assets/properties/todd-rd-76-katonah/35.webp	assets/properties/todd-rd-76-katonah/35-thumb.webp	400	266
Todd Rd (#76) - Katonah	todd-rd-76-katonah	36	assets/properties/todd-rd-76-katonah/36.jpg	assets/properties/todd-rd-76-katonah/36.webp	assets/properties/todd-rd-76-katonah/36-thumb.webp	400	266
Todd Rd (#76) - Katonah	todd-rd-76-katonah	37	assets/properties/todd-rd-76-katonah/37.jpg	assets/properties/todd-rd-76-katonah/37.webp	assets/properties/todd-rd-76-katonah/37-thumb.webp	400	266
Todd Rd (#76) - Katonah	todd-rd-76-katonah	38	assets/properties/todd-rd-76-katonah/38.jpg	assets/properties/todd-rd-76-katonah/38.webp	assets/properties/todd-rd-76-katonah/38-thumb.webp	400	266
Todd Rd (#76) - Katonah	todd-rd-76-katonah	39	assets/properties/todd-rd-76-katonah/39.jpg	assets/properties/todd-rd-76-katonah/39.webp	assets/properties/todd-rd-76-katonah/39-thumb.webp	400	266
Todd Rd (#76) - Katonah	todd-rd-76-katonah	40	assets/properties/todd-rd-76-katonah/40.jpg	assets/properties/todd-rd-76-katonah/40.webp	assets/properties/todd-rd-76-katonah/40-thumb.webp	767	575
Todd Rd (#76) - Katonah	todd-rd-76-katonah	41	assets/properties/todd-rd-76-katonah/41.jpg	assets/properties/todd-rd-76-katonah/41.webp	assets/properties/todd-rd-76-katonah/41-thumb.webp	400	266
Todd Rd (#76) - Katonah	todd-rd-76-katonah	42	assets/properties/todd-rd-76-katonah/42.jpg	assets/properties/todd-rd-76-katonah/42.webp	assets/properties/todd-rd-76-katonah/42-thumb.webp	400	266
Todd Rd (#76) - Katonah	todd-rd-76-katonah	43	assets/properties/todd-rd-76-katonah/43.jpg	assets/properties/todd-rd-76-katonah/43.webp	assets/properties/todd-rd-76-katonah/43-thumb.webp	400	602
Todd Rd (#76) - Katonah	todd-rd-76-katonah	44	assets/properties/todd-rd-76-katonah/44.jpg	assets/properties/todd-rd-76-katonah/44.webp	assets/properties/todd-rd-76-katonah/44-thumb.webp	400	266
Todd Rd (#76) - Katonah	todd-rd-76-katonah	45	assets/properties/todd-rd-76-katonah/45.jpg	assets/properties/todd-rd-76-katonah/45.webp	assets/properties/todd-rd-76-katonah/45-thumb.webp	400	266
Todd Rd (#76) - Katonah	todd-rd-76-katonah	46	assets/properties/todd-rd-76-katonah/46.jpg	assets/properties/todd-rd-76-katonah/46.webp	assets/properties/todd-rd-76-katonah/46-thumb.webp	400	266
Todd Rd (#76) - Katonah	todd-rd-76-katonah	47	assets/properties/todd-rd-76-katonah/47.jpg	assets/properties/todd-rd-76-katonah/47.webp	assets/properties/todd-rd-76-katonah/47-thumb.webp	400	266
Todd Rd (#76) - Katonah	todd-rd-76-katonah	48	assets/properties/todd-rd-76-katonah/48.jpg	assets/properties/todd-rd-76-katonah/48.webp	assets/properties/todd-rd-76-katonah/48-thumb.webp	400	266
Todd Rd (#76) - Katonah	todd-rd-76-katonah	49	assets/properties/todd-rd-76-katonah/49.jpg	assets/properties/todd-rd-76-katonah/49.webp	assets/properties/todd-rd-76-katonah/49-thumb.webp	400	266
Todd Rd (#76) - Katonah	todd-rd-76-katonah	50	assets/properties/todd-rd-76-katonah/50.jpg	assets/properties/todd-rd-76-katonah/50.webp	assets/properties/todd-rd-76-katonah/50-thumb.webp	767	575
Todd Rd (#76) - Katonah	todd-rd-76-katonah	51	assets/properties/todd-rd-76-katonah/51.jpg	assets/properties/todd-rd-76-katonah/51.webp	assets/properties/todd-rd-76-katonah/51-thumb.webp	400	266
Todd Rd (#76) - Katonah	todd-rd-76-katonah	52	assets/properties/todd-rd-76-katonah/52.jpg	assets/properties/todd-rd-76-katonah/52.webp	assets/properties/todd-rd-76-katonah/52-thumb.webp	400	266
Todd Rd (#76) - Katonah	todd-rd-76-katonah	53	assets/properties/todd-rd-76-katonah/53.jpg	assets/properties/todd-rd-76-katonah/53.webp	assets/properties/todd-rd-76-katonah/53-thumb.webp	400	266
Todd Rd (#76) - Katonah	todd-rd-76-katonah	54	assets/properties/todd-rd-76-katonah/54.jpg	assets/properties/todd-rd-76-katonah/54.webp	assets/properties/todd-rd-76-katonah/54-thumb.webp	240	160
Todd Rd (#76) - Katonah	todd-rd-76-katonah	55	assets/properties/todd-rd-76-katonah/55.jpg	assets/properties/todd-rd-76-katonah/55.webp	assets/properties/todd-rd-76-katonah/55-thumb.webp	400	266
Todd Rd (#76) - Katonah	todd-rd-76-katonah	56	assets/properties/todd-rd-76-katonah/56.jpg	assets/properties/todd-rd-76-katonah/56.webp	assets/properties/todd-rd-76-katonah/56-thumb.webp	400	266
Todd Rd (#76) - Katonah	todd-rd-76-katonah	57	assets/properties/todd-rd-76-katonah/57.jpg	assets/properties/todd-rd-76-katonah/57.webp	assets/properties/todd-rd-76-katonah/57-thumb.webp	400	266
Todd Rd (#76) - Katonah	todd-rd-76-katonah	58	assets/properties/todd-rd-76-katonah/58.jpg	assets/properties/todd-rd-76-katonah/58.webp	assets/properties/todd-rd-76-katonah/58-thumb.webp	401	267
Todd Rd (#76) - Katonah	todd-rd-76-katonah	59	assets/properties/todd-rd-76-katonah/59.jpg	assets/properties/todd-rd-76-katonah/59.webp	assets/properties/todd-rd-76-katonah/59-thumb.webp	767	575
Todd Rd (#76) - Katonah	todd-rd-76-katonah	60	assets/properties/todd-rd-76-katonah/60.jpg	assets/properties/todd-rd-76-katonah/60.webp	assets/properties/todd-rd-76-katonah/60-thumb.webp	767	574
Todd Rd (#76) - Katonah	todd-rd-76-katonah	61	assets/properties/todd-rd-76-katonah/61.jpg	assets/properties/todd-rd-76-katonah/61.webp	assets/properties/todd-rd-76-katonah/61-thumb.webp	767	575
Todd Rd (#76) - Katonah	todd-rd-76-katonah	62	assets/properties/todd-rd-76-katonah/62.jpg	assets/properties/todd-rd-76-katonah/62.webp	assets/properties/todd-rd-76-katonah/62-thumb.webp	767	574
Todd Rd (#76) - Katonah	todd-rd-76-katonah	63	assets/properties/todd-rd-76-katonah/63.jpg	assets/properties/todd-rd-76-katonah/63.webp	assets/properties/todd-rd-76-katonah/63-thumb.webp	767	508
Todd Rd (#76) - Katonah	todd-rd-76-katonah	64	assets/properties/todd-rd-76-katonah/64.jpg	assets/properties/todd-rd-76-katonah/64.webp	assets/properties/todd-rd-76-katonah/64-thumb.webp	767	511
Todd Rd (#76) - Katonah	todd-rd-76-katonah	65	assets/properties/todd-rd-76-katonah/65.jpg	assets/properties/todd-rd-76-katonah/65.webp	assets/properties/todd-rd-76-katonah/65-thumb.webp	767	575
Todd Rd (#76) - Katonah	todd-rd-76-katonah	66	assets/properties/todd-rd-76-katonah/66.jpg	assets/properties/todd-rd-76-katonah/66.webp	assets/properties/todd-rd-76-katonah/66-thumb.webp	400	266
Wampus Court (#4) - Somers - 2000	wampus-court-4-somers-2000	01	assets/properties/wampus-court-4-somers-2000/01.jpg	assets/properties/wampus-court-4-somers-2000/01.webp	assets/properties/wampus-court-4-somers-2000/01-thumb.webp	296	222
Wampus Court (#4) - Somers - 2000	wampus-court-4-somers-2000	02	assets/properties/wampus-court-4-somers-2000/02.jpg	assets/properties/wampus-court-4-somers-2000/02.webp	assets/properties/wampus-court-4-somers-2000/02-thumb.webp	296	222
Wampus Court (#6) - Somers - 2000	wampus-court-6-somers-2000	01	assets/properties/wampus-court-6-somers-2000/01.jpg	assets/properties/wampus-court-6-somers-2000/01.webp	assets/properties/wampus-court-6-somers-2000/01-thumb.webp	1024	682
Wampus Court (#6) - Somers - 2000	wampus-court-6-somers-2000	02	assets/properties/wampus-court-6-somers-2000/02.jpg	assets/properties/wampus-court-6-somers-2000/02.webp	assets/properties/wampus-court-6-somers-2000/02-thumb.webp	1024	682
Wampus Court (#6) - Somers - 2000	wampus-court-6-somers-2000	03	assets/properties/wampus-court-6-somers-2000/03.jpg	assets/properties/wampus-court-6-somers-2000/03.webp	assets/properties/wampus-court-6-somers-2000/03-thumb.webp	1024	682
Wampus Court (#6) - Somers - 2000	wampus-court-6-somers-2000	04	assets/properties/wampus-court-6-somers-2000/04.jpg	assets/properties/wampus-court-6-somers-2000/04.webp	assets/properties/wampus-court-6-somers-2000/04-thumb.webp	1024	682
Wampus Court (#6) - Somers - 2000	wampus-court-6-somers-2000	05	assets/properties/wampus-court-6-somers-2000/05.jpg	assets/properties/wampus-court-6-somers-2000/05.webp	assets/properties/wampus-court-6-somers-2000/05-thumb.webp	1024	682
Wampus Court (#6) - Somers - 2000	wampus-court-6-somers-2000	06	assets/properties/wampus-court-6-somers-2000/06.jpg	assets/properties/wampus-court-6-somers-2000/06.webp	assets/properties/wampus-court-6-somers-2000/06-thumb.webp	1024	682
Wampus Court (#6) - Somers - 2000	wampus-court-6-somers-2000	07	assets/properties/wampus-court-6-somers-2000/07.jpg	assets/properties/wampus-court-6-somers-2000/07.webp	assets/properties/wampus-court-6-somers-2000/07-thumb.webp	1024	682
Wampus Court (#6) - Somers - 2000	wampus-court-6-somers-2000	08	assets/properties/wampus-court-6-somers-2000/08.jpg	assets/properties/wampus-court-6-somers-2000/08.webp	assets/properties/wampus-court-6-somers-2000/08-thumb.webp	1024	682
Wampus Court (#6) - Somers - 2000	wampus-court-6-somers-2000	09	assets/properties/wampus-court-6-somers-2000/09.jpg	assets/properties/wampus-court-6-somers-2000/09.webp	assets/properties/wampus-court-6-somers-2000/09-thumb.webp	1024	682
Wampus Court (#6) - Somers - 2000	wampus-court-6-somers-2000	10	assets/properties/wampus-court-6-somers-2000/10.jpg	assets/properties/wampus-court-6-somers-2000/10.webp	assets/properties/wampus-court-6-somers-2000/10-thumb.webp	1024	682
Wampus Court (#6) - Somers - 2000	wampus-court-6-somers-2000	11	assets/properties/wampus-court-6-somers-2000/11.jpg	assets/properties/wampus-court-6-somers-2000/11.webp	assets/properties/wampus-court-6-somers-2000/11-thumb.webp	1024	682
Wampus Court (#6) - Somers - 2000	wampus-court-6-somers-2000	12	assets/properties/wampus-court-6-somers-2000/12.jpg	assets/properties/wampus-court-6-somers-2000/12.webp	assets/properties/wampus-court-6-somers-2000/12-thumb.webp	1024	682
Wampus Court (#6) - Somers - 2000	wampus-court-6-somers-2000	13	assets/properties/wampus-court-6-somers-2000/13.jpg	assets/properties/wampus-court-6-somers-2000/13.webp	assets/properties/wampus-court-6-somers-2000/13-thumb.webp	1024	682
Wampus Court (#6) - Somers - 2000	wampus-court-6-somers-2000	14	assets/properties/wampus-court-6-somers-2000/14.jpg	assets/properties/wampus-court-6-somers-2000/14.webp	assets/properties/wampus-court-6-somers-2000/14-thumb.webp	1024	682
Wampus Court (#6) - Somers - 2000	wampus-court-6-somers-2000	15	assets/properties/wampus-court-6-somers-2000/15.jpg	assets/properties/wampus-court-6-somers-2000/15.webp	assets/properties/wampus-court-6-somers-2000/15-thumb.webp	1024	682
Wampus Court (#6) - Somers - 2000	wampus-court-6-somers-2000	16	assets/properties/wampus-court-6-somers-2000/16.jpg	assets/properties/wampus-court-6-somers-2000/16.webp	assets/properties/wampus-court-6-somers-2000/16-thumb.webp	1024	682
Wampus Court (#6) - Somers - 2000	wampus-court-6-somers-2000	17	assets/properties/wampus-court-6-somers-2000/17.jpg	assets/properties/wampus-court-6-somers-2000/17.webp	assets/properties/wampus-court-6-somers-2000/17-thumb.webp	1024	682
Wampus Court (#6) - Somers - 2000	wampus-court-6-somers-2000	18	assets/properties/wampus-court-6-somers-2000/18.jpg	assets/properties/wampus-court-6-somers-2000/18.webp	assets/properties/wampus-court-6-somers-2000/18-thumb.webp	1024	682
Wampus Court (#6) - Somers - 2000	wampus-court-6-somers-2000	19	assets/properties/wampus-court-6-somers-2000/19.jpg	assets/properties/wampus-court-6-somers-2000/19.webp	assets/properties/wampus-court-6-somers-2000/19-thumb.webp	1024	748
Wampus Court (#6) - Somers - 2000	wampus-court-6-somers-2000	20	assets/properties/wampus-court-6-somers-2000/20.jpg	assets/properties/wampus-court-6-somers-2000/20.webp	assets/properties/wampus-court-6-somers-2000/20-thumb.webp	1024	689
Wampus Court (#6) - Somers - 2000	wampus-court-6-somers-2000	21	assets/properties/wampus-court-6-somers-2000/21.jpg	assets/properties/wampus-court-6-somers-2000/21.webp	assets/properties/wampus-court-6-somers-2000/21-thumb.webp	1024	477
Wampus Court (#6) - Somers - 2000	wampus-court-6-somers-2000	22	assets/properties/wampus-court-6-somers-2000/22.jpg	assets/properties/wampus-court-6-somers-2000/22.webp	assets/properties/wampus-court-6-somers-2000/22-thumb.webp	1024	682
Wampus Court (#6) - Somers - 2000	wampus-court-6-somers-2000	23	assets/properties/wampus-court-6-somers-2000/23.jpg	assets/properties/wampus-court-6-somers-2000/23.webp	assets/properties/wampus-court-6-somers-2000/23-thumb.webp	1024	682
Wampus Court (#6) - Somers - 2000	wampus-court-6-somers-2000	24	assets/properties/wampus-court-6-somers-2000/24.jpg	assets/properties/wampus-court-6-somers-2000/24.webp	assets/properties/wampus-court-6-somers-2000/24-thumb.webp	1024	682
Wampus Court (#6) - Somers - 2000	wampus-court-6-somers-2000	25	assets/properties/wampus-court-6-somers-2000/25.jpg	assets/properties/wampus-court-6-somers-2000/25.webp	assets/properties/wampus-court-6-somers-2000/25-thumb.webp	1024	682
Wampus Court (#6) - Somers - 2000	wampus-court-6-somers-2000	26	assets/properties/wampus-court-6-somers-2000/26.jpg	assets/properties/wampus-court-6-somers-2000/26.webp	assets/properties/wampus-court-6-somers-2000/26-thumb.webp	296	222
Wampus Court (#6) - Somers - 2000	wampus-court-6-somers-2000	27	assets/properties/wampus-court-6-somers-2000/27.jpg	assets/properties/wampus-court-6-somers-2000/27.webp	assets/properties/wampus-court-6-somers-2000/27-thumb.webp	296	222
Wampus Court (#6) - Somers - 2000	wampus-court-6-somers-2000	28	assets/properties/wampus-court-6-somers-2000/28.jpg	assets/properties/wampus-court-6-somers-2000/28.webp	assets/properties/wampus-court-6-somers-2000/28-thumb.webp	1024	682
Wampus Court (#6) - Somers - 2000	wampus-court-6-somers-2000	29	assets/properties/wampus-court-6-somers-2000/29.jpg	assets/properties/wampus-court-6-somers-2000/29.webp	assets/properties/wampus-court-6-somers-2000/29-thumb.webp	1024	682
Wampus Court (#6) - Somers - 2000	wampus-court-6-somers-2000	30	assets/properties/wampus-court-6-somers-2000/30.jpg	assets/properties/wampus-court-6-somers-2000/30.webp	assets/properties/wampus-court-6-somers-2000/30-thumb.webp	1024	682
West St (#599) - Harrison	west-st-599-harrison	01	assets/properties/west-st-599-harrison/01.jpg	assets/properties/west-st-599-harrison/01.webp	assets/properties/west-st-599-harrison/01-thumb.webp	400	300
West St (#599) - Harrison	west-st-599-harrison	02	assets/properties/west-st-599-harrison/02.jpg	assets/properties/west-st-599-harrison/02.webp	assets/properties/west-st-599-harrison/02-thumb.webp	400	300
West St (#599) - Harrison	west-st-599-harrison	03	assets/properties/west-st-599-harrison/03.jpg	assets/properties/west-st-599-harrison/03.webp	assets/properties/west-st-599-harrison/03-thumb.webp	400	300
West St (#599) - Harrison	west-st-599-harrison	04	assets/properties/west-st-599-harrison/04.jpg	assets/properties/west-st-599-harrison/04.webp	assets/properties/west-st-599-harrison/04-thumb.webp	400	300
West St (#599) - Harrison	west-st-599-harrison	05	assets/properties/west-st-599-harrison/05.jpg	assets/properties/west-st-599-harrison/05.webp	assets/properties/west-st-599-harrison/05-thumb.webp	400	300
West St (#599) - Harrison	west-st-599-harrison	06	assets/properties/west-st-599-harrison/06.jpg	assets/properties/west-st-599-harrison/06.webp	assets/properties/west-st-599-harrison/06-thumb.webp	400	300
West St (#599) - Harrison	west-st-599-harrison	07	assets/properties/west-st-599-harrison/07.jpg	assets/properties/west-st-599-harrison/07.webp	assets/properties/west-st-599-harrison/07-thumb.webp	400	300
West St (#599) - Harrison	west-st-599-harrison	08	assets/properties/west-st-599-harrison/08.jpg	assets/properties/west-st-599-harrison/08.webp	assets/properties/west-st-599-harrison/08-thumb.webp	400	300
West St (#599) - Harrison	west-st-599-harrison	09	assets/properties/west-st-599-harrison/09.jpg	assets/properties/west-st-599-harrison/09.webp	assets/properties/west-st-599-harrison/09-thumb.webp	400	300
West St (#599) - Harrison	west-st-599-harrison	10	assets/properties/west-st-599-harrison/10.jpg	assets/properties/west-st-599-harrison/10.webp	assets/properties/west-st-599-harrison/10-thumb.webp	400	300
West St (#599) - Harrison	west-st-599-harrison	11	assets/properties/west-st-599-harrison/11.jpg	assets/properties/west-st-599-harrison/11.webp	assets/properties/west-st-599-harrison/11-thumb.webp	400	300
West St (#599) - Harrison	west-st-599-harrison	12	assets/properties/west-st-599-harrison/12.jpg	assets/properties/west-st-599-harrison/12.webp	assets/properties/west-st-599-harrison/12-thumb.webp	400	300
West St (#599) - Harrison	west-st-599-harrison	13	assets/properties/west-st-599-harrison/13.jpg	assets/properties/west-st-599-harrison/13.webp	assets/properties/west-st-599-harrison/13-thumb.webp	400	300
West St (#599) - Harrison	west-st-599-harrison	14	assets/properties/west-st-599-harrison/14.jpg	assets/properties/west-st-599-harrison/14.webp	assets/properties/west-st-599-harrison/14-thumb.webp	400	300
West St (#599) - Harrison	west-st-599-harrison	15	assets/properties/west-st-599-harrison/15.jpg	assets/properties/west-st-599-harrison/15.webp	assets/properties/west-st-599-harrison/15-thumb.webp	400	300
West St (#599) - Harrison	west-st-599-harrison	16	assets/properties/west-st-599-harrison/16.jpg	assets/properties/west-st-599-harrison/16.webp	assets/properties/west-st-599-harrison/16-thumb.webp	400	300
West St (#599) - Harrison	west-st-599-harrison	17	assets/properties/west-st-599-harrison/17.jpg	assets/properties/west-st-599-harrison/17.webp	assets/properties/west-st-599-harrison/17-thumb.webp	400	300
West St (#599) - Harrison	west-st-599-harrison	18	assets/properties/west-st-599-harrison/18.jpg	assets/properties/west-st-599-harrison/18.webp	assets/properties/west-st-599-harrison/18-thumb.webp	400	300
West St (#599) - Harrison	west-st-599-harrison	19	assets/properties/west-st-599-harrison/19.jpg	assets/properties/west-st-599-harrison/19.webp	assets/properties/west-st-599-harrison/19-thumb.webp	400	300
West St (#599) - Harrison	west-st-599-harrison	20	assets/properties/west-st-599-harrison/20.jpg	assets/properties/west-st-599-harrison/20.webp	assets/properties/west-st-599-harrison/20-thumb.webp	400	300
West St (#599) - Harrison	west-st-599-harrison	21	assets/properties/west-st-599-harrison/21.jpg	assets/properties/west-st-599-harrison/21.webp	assets/properties/west-st-599-harrison/21-thumb.webp	400	300
West St (#599) - Harrison	west-st-599-harrison	22	assets/properties/west-st-599-harrison/22.jpg	assets/properties/west-st-599-harrison/22.webp	assets/properties/west-st-599-harrison/22-thumb.webp	400	300
West St (#599) - Harrison	west-st-599-harrison	23	assets/properties/west-st-599-harrison/23.jpg	assets/properties/west-st-599-harrison/23.webp	assets/properties/west-st-599-harrison/23-thumb.webp	400	300
West St (#599) - Harrison	west-st-599-harrison	24	assets/properties/west-st-599-harrison/24.jpg	assets/properties/west-st-599-harrison/24.webp	assets/properties/west-st-599-harrison/24-thumb.webp	400	300
West St (#599) - Harrison	west-st-599-harrison	25	assets/properties/west-st-599-harrison/25.jpg	assets/properties/west-st-599-harrison/25.webp	assets/properties/west-st-599-harrison/25-thumb.webp	400	300
West St (#599) - Harrison	west-st-599-harrison	26	assets/properties/west-st-599-harrison/26.jpg	assets/properties/west-st-599-harrison/26.webp	assets/properties/west-st-599-harrison/26-thumb.webp	400	300
West St (#599) - Harrison	west-st-599-harrison	27	assets/properties/west-st-599-harrison/27.jpg	assets/properties/west-st-599-harrison/27.webp	assets/properties/west-st-599-harrison/27-thumb.webp	400	300
West St (#599) - Harrison	west-st-599-harrison	28	assets/properties/west-st-599-harrison/28.jpg	assets/properties/west-st-599-harrison/28.webp	assets/properties/west-st-599-harrison/28-thumb.webp	400	300
West St (#599) - Harrison	west-st-599-harrison	29	assets/properties/west-st-599-harrison/29.jpg	assets/properties/west-st-599-harrison/29.webp	assets/properties/west-st-599-harrison/29-thumb.webp	400	300
West St (#599) - Harrison	west-st-599-harrison	30	assets/properties/west-st-599-harrison/30.jpg	assets/properties/west-st-599-harrison/30.webp	assets/properties/west-st-599-harrison/30-thumb.webp	400	300
West St (#599) - Harrison	west-st-599-harrison	31	assets/properties/west-st-599-harrison/31.jpg	assets/properties/west-st-599-harrison/31.webp	assets/properties/west-st-599-harrison/31-thumb.webp	400	300
West St (#599) - Harrison	west-st-599-harrison	32	assets/properties/west-st-599-harrison/32.jpg	assets/properties/west-st-599-harrison/32.webp	assets/properties/west-st-599-harrison/32-thumb.webp	400	300
West St (#599) - Harrison	west-st-599-harrison	33	assets/properties/west-st-599-harrison/33.jpg	assets/properties/west-st-599-harrison/33.webp	assets/properties/west-st-599-harrison/33-thumb.webp	400	300
Woodway Rd (#7) - South Salem	woodway-rd-7-south-salem	01	assets/properties/woodway-rd-7-south-salem/01.jpg	assets/properties/woodway-rd-7-south-salem/01.webp	assets/properties/woodway-rd-7-south-salem/01-thumb.webp	1024	682
Woodway Rd (#7) - South Salem	woodway-rd-7-south-salem	02	assets/properties/woodway-rd-7-south-salem/02.jpg	assets/properties/woodway-rd-7-south-salem/02.webp	assets/properties/woodway-rd-7-south-salem/02-thumb.webp	1024	682
Woodway Rd (#7) - South Salem	woodway-rd-7-south-salem	03	assets/properties/woodway-rd-7-south-salem/03.jpg	assets/properties/woodway-rd-7-south-salem/03.webp	assets/properties/woodway-rd-7-south-salem/03-thumb.webp	400	266
Woodway Rd (#7) - South Salem	woodway-rd-7-south-salem	04	assets/properties/woodway-rd-7-south-salem/04.jpg	assets/properties/woodway-rd-7-south-salem/04.webp	assets/properties/woodway-rd-7-south-salem/04-thumb.webp	1024	682
Woodway Rd (#7) - South Salem	woodway-rd-7-south-salem	05	assets/properties/woodway-rd-7-south-salem/05.jpg	assets/properties/woodway-rd-7-south-salem/05.webp	assets/properties/woodway-rd-7-south-salem/05-thumb.webp	400	266
Woodway Rd (#7) - South Salem	woodway-rd-7-south-salem	06	assets/properties/woodway-rd-7-south-salem/06.jpg	assets/properties/woodway-rd-7-south-salem/06.webp	assets/properties/woodway-rd-7-south-salem/06-thumb.webp	1024	682
Woodway Rd (#7) - South Salem	woodway-rd-7-south-salem	07	assets/properties/woodway-rd-7-south-salem/07.jpg	assets/properties/woodway-rd-7-south-salem/07.webp	assets/properties/woodway-rd-7-south-salem/07-thumb.webp	400	266
Woodway Rd (#7) - South Salem	woodway-rd-7-south-salem	08	assets/properties/woodway-rd-7-south-salem/08.jpg	assets/properties/woodway-rd-7-south-salem/08.webp	assets/properties/woodway-rd-7-south-salem/08-thumb.webp	1024	682
Woodway Rd (#7) - South Salem	woodway-rd-7-south-salem	09	assets/properties/woodway-rd-7-south-salem/09.jpg	assets/properties/woodway-rd-7-south-salem/09.webp	assets/properties/woodway-rd-7-south-salem/09-thumb.webp	400	266
Woodway Rd (#7) - South Salem	woodway-rd-7-south-salem	10	assets/properties/woodway-rd-7-south-salem/10.jpg	assets/properties/woodway-rd-7-south-salem/10.webp	assets/properties/woodway-rd-7-south-salem/10-thumb.webp	1024	682
Woodway Rd (#7) - South Salem	woodway-rd-7-south-salem	11	assets/properties/woodway-rd-7-south-salem/11.jpg	assets/properties/woodway-rd-7-south-salem/11.webp	assets/properties/woodway-rd-7-south-salem/11-thumb.webp	400	300
Woodway Rd (#7) - South Salem	woodway-rd-7-south-salem	12	assets/properties/woodway-rd-7-south-salem/12.jpg	assets/properties/woodway-rd-7-south-salem/12.webp	assets/properties/woodway-rd-7-south-salem/12-thumb.webp	1024	682
Woodway Rd (#7) - South Salem	woodway-rd-7-south-salem	13	assets/properties/woodway-rd-7-south-salem/13.jpg	assets/properties/woodway-rd-7-south-salem/13.webp	assets/properties/woodway-rd-7-south-salem/13-thumb.webp	1024	682
Woodway Rd (#7) - South Salem	woodway-rd-7-south-salem	14	assets/properties/woodway-rd-7-south-salem/14.jpg	assets/properties/woodway-rd-7-south-salem/14.webp	assets/properties/woodway-rd-7-south-salem/14-thumb.webp	1024	682
Woodway Rd (#7) - South Salem	woodway-rd-7-south-salem	15	assets/properties/woodway-rd-7-south-salem/15.jpg	assets/properties/woodway-rd-7-south-salem/15.webp	assets/properties/woodway-rd-7-south-salem/15-thumb.webp	400	266
Woodway Rd (#7) - South Salem	woodway-rd-7-south-salem	16	assets/properties/woodway-rd-7-south-salem/16.jpg	assets/properties/woodway-rd-7-south-salem/16.webp	assets/properties/woodway-rd-7-south-salem/16-thumb.webp	1024	682
Woodway Rd (#7) - South Salem	woodway-rd-7-south-salem	17	assets/properties/woodway-rd-7-south-salem/17.jpg	assets/properties/woodway-rd-7-south-salem/17.webp	assets/properties/woodway-rd-7-south-salem/17-thumb.webp	1024	682
Woodway Rd (#7) - South Salem	woodway-rd-7-south-salem	18	assets/properties/woodway-rd-7-south-salem/18.jpg	assets/properties/woodway-rd-7-south-salem/18.webp	assets/properties/woodway-rd-7-south-salem/18-thumb.webp	1024	682
Woodway Rd (#7) - South Salem	woodway-rd-7-south-salem	19	assets/properties/woodway-rd-7-south-salem/19.jpg	assets/properties/woodway-rd-7-south-salem/19.webp	assets/properties/woodway-rd-7-south-salem/19-thumb.webp	1024	682
Woodway Rd (#7) - South Salem	woodway-rd-7-south-salem	20	assets/properties/woodway-rd-7-south-salem/20.jpg	assets/properties/woodway-rd-7-south-salem/20.webp	assets/properties/woodway-rd-7-south-salem/20-thumb.webp	1024	682
Woodway Rd (#7) - South Salem	woodway-rd-7-south-salem	21	assets/properties/woodway-rd-7-south-salem/21.jpg	assets/properties/woodway-rd-7-south-salem/21.webp	assets/properties/woodway-rd-7-south-salem/21-thumb.webp	1024	682
Woodway Rd (#7) - South Salem	woodway-rd-7-south-salem	22	assets/properties/woodway-rd-7-south-salem/22.jpg	assets/properties/woodway-rd-7-south-salem/22.webp	assets/properties/woodway-rd-7-south-salem/22-thumb.webp	1024	682
Woodway Rd (#7) - South Salem	woodway-rd-7-south-salem	23	assets/properties/woodway-rd-7-south-salem/23.jpg	assets/properties/woodway-rd-7-south-salem/23.webp	assets/properties/woodway-rd-7-south-salem/23-thumb.webp	1024	682
Woodway Rd (#7) - South Salem	woodway-rd-7-south-salem	24	assets/properties/woodway-rd-7-south-salem/24.jpg	assets/properties/woodway-rd-7-south-salem/24.webp	assets/properties/woodway-rd-7-south-salem/24-thumb.webp	1024	682
Woodway Rd (#7) - South Salem	woodway-rd-7-south-salem	25	assets/properties/woodway-rd-7-south-salem/25.jpg	assets/properties/woodway-rd-7-south-salem/25.webp	assets/properties/woodway-rd-7-south-salem/25-thumb.webp	1024	682
Woodway Rd (#7) - South Salem	woodway-rd-7-south-salem	26	assets/properties/woodway-rd-7-south-salem/26.jpg	assets/properties/woodway-rd-7-south-salem/26.webp	assets/properties/woodway-rd-7-south-salem/26-thumb.webp	400	266
Woodway Rd (#7) - South Salem	woodway-rd-7-south-salem	27	assets/properties/woodway-rd-7-south-salem/27.jpg	assets/properties/woodway-rd-7-south-salem/27.webp	assets/properties/woodway-rd-7-south-salem/27-thumb.webp	1024	682
Woodway Rd (#7) - South Salem	woodway-rd-7-south-salem	28	assets/properties/woodway-rd-7-south-salem/28.jpg	assets/properties/woodway-rd-7-south-salem/28.webp	assets/properties/woodway-rd-7-south-salem/28-thumb.webp	1024	682
Woodway Rd (#7) - South Salem	woodway-rd-7-south-salem	29	assets/properties/woodway-rd-7-south-salem/29.jpg	assets/properties/woodway-rd-7-south-salem/29.webp	assets/properties/woodway-rd-7-south-salem/29-thumb.webp	1024	682
Woodway Rd (#7) - South Salem	woodway-rd-7-south-salem	30	assets/properties/woodway-rd-7-south-salem/30.jpg	assets/properties/woodway-rd-7-south-salem/30.webp	assets/properties/woodway-rd-7-south-salem/30-thumb.webp	1024	682
Woodway Rd (#7) - South Salem	woodway-rd-7-south-salem	31	assets/properties/woodway-rd-7-south-salem/31.jpg	assets/properties/woodway-rd-7-south-salem/31.webp	assets/properties/woodway-rd-7-south-salem/31-thumb.webp	1024	682
Woodway Rd (#7) - South Salem	woodway-rd-7-south-salem	32	assets/properties/woodway-rd-7-south-salem/32.jpg	assets/properties/woodway-rd-7-south-salem/32.webp	assets/properties/woodway-rd-7-south-salem/32-thumb.webp	1024	768
Woodway Rd (#7) - South Salem	woodway-rd-7-south-salem	33	assets/properties/woodway-rd-7-south-salem/33.jpg	assets/properties/woodway-rd-7-south-salem/33.webp	assets/properties/woodway-rd-7-south-salem/33-thumb.webp	1024	434
Woodway Rd (#7) - South Salem	woodway-rd-7-south-salem	34	assets/properties/woodway-rd-7-south-salem/34.jpg	assets/properties/woodway-rd-7-south-salem/34.webp	assets/properties/woodway-rd-7-south-salem/34-thumb.webp	1024	559
Woodway Rd (#7) - South Salem	woodway-rd-7-south-salem	35	assets/properties/woodway-rd-7-south-salem/35.jpg	assets/properties/woodway-rd-7-south-salem/35.webp	assets/properties/woodway-rd-7-south-salem/35-thumb.webp	1024	682
Woodway Rd (#7) - South Salem	woodway-rd-7-south-salem	36	assets/properties/woodway-rd-7-south-salem/36.jpg	assets/properties/woodway-rd-7-south-salem/36.webp	assets/properties/woodway-rd-7-south-salem/36-thumb.webp	576	768
Woodway Rd (#7) - South Salem	woodway-rd-7-south-salem	37	assets/properties/woodway-rd-7-south-salem/37.jpg	assets/properties/woodway-rd-7-south-salem/37.webp	assets/properties/woodway-rd-7-south-salem/37-thumb.webp	400	266
Woodway Rd (#7) - South Salem	woodway-rd-7-south-salem	38	assets/properties/woodway-rd-7-south-salem/38.jpg	assets/properties/woodway-rd-7-south-salem/38.webp	assets/properties/woodway-rd-7-south-salem/38-thumb.webp	400	266
Woodway Rd (#7) - South Salem	woodway-rd-7-south-salem	39	assets/properties/woodway-rd-7-south-salem/39.jpg	assets/properties/woodway-rd-7-south-salem/39.webp	assets/properties/woodway-rd-7-south-salem/39-thumb.webp	400	266
Woodway Rd (#7) - South Salem	woodway-rd-7-south-salem	40	assets/properties/woodway-rd-7-south-salem/40.jpg	assets/properties/woodway-rd-7-south-salem/40.webp	assets/properties/woodway-rd-7-south-salem/40-thumb.webp	1024	682
Woodway Rd (#7) - South Salem	woodway-rd-7-south-salem	41	assets/properties/woodway-rd-7-south-salem/41.jpg	assets/properties/woodway-rd-7-south-salem/41.webp	assets/properties/woodway-rd-7-south-salem/41-thumb.webp	400	266
Woodway Rd (#7) - South Salem	woodway-rd-7-south-salem	42	assets/properties/woodway-rd-7-south-salem/42.jpg	assets/properties/woodway-rd-7-south-salem/42.webp	assets/properties/woodway-rd-7-south-salem/42-thumb.webp	1024	682
Woodway Rd (#7) - South Salem	woodway-rd-7-south-salem	43	assets/properties/woodway-rd-7-south-salem/43.jpg	assets/properties/woodway-rd-7-south-salem/43.webp	assets/properties/woodway-rd-7-south-salem/43-thumb.webp	400	266
Woodway Rd (#7) - South Salem	woodway-rd-7-south-salem	44	assets/properties/woodway-rd-7-south-salem/44.jpg	assets/properties/woodway-rd-7-south-salem/44.webp	assets/properties/woodway-rd-7-south-salem/44-thumb.webp	1024	682
Woodway Rd (#7) - South Salem	woodway-rd-7-south-salem	45	assets/properties/woodway-rd-7-south-salem/45.jpg	assets/properties/woodway-rd-7-south-salem/45.webp	assets/properties/woodway-rd-7-south-salem/45-thumb.webp	400	266
Woodway Rd (#7) - South Salem	woodway-rd-7-south-salem	46	assets/properties/woodway-rd-7-south-salem/46.jpg	assets/properties/woodway-rd-7-south-salem/46.webp	assets/properties/woodway-rd-7-south-salem/46-thumb.webp	401	266
Woodway Rd (#7) - South Salem	woodway-rd-7-south-salem	47	assets/properties/woodway-rd-7-south-salem/47.jpg	assets/properties/woodway-rd-7-south-salem/47.webp	assets/properties/woodway-rd-7-south-salem/47-thumb.webp	1024	768
Woodway Rd (#7) - South Salem	woodway-rd-7-south-salem	48	assets/properties/woodway-rd-7-south-salem/48.jpg	assets/properties/woodway-rd-7-south-salem/48.webp	assets/properties/woodway-rd-7-south-salem/48-thumb.webp	1024	682
Woodway Rd (#7) - South Salem	woodway-rd-7-south-salem	49	assets/properties/woodway-rd-7-south-salem/49.jpg	assets/properties/woodway-rd-7-south-salem/49.webp	assets/properties/woodway-rd-7-south-salem/49-thumb.webp	400	266
Woodway Rd (#7) - South Salem	woodway-rd-7-south-salem	50	assets/properties/woodway-rd-7-south-salem/50.jpg	assets/properties/woodway-rd-7-south-salem/50.webp	assets/properties/woodway-rd-7-south-salem/50-thumb.webp	1024	683
